record,subject_id,sample,symbol,class_name,true_class,pred_class,confidence,correct,prob_N,prob_S,prob_V,prob_F,prob_Q
104,66,316,/,Q,Q,V,0.65673435,False,0.01325981,0.07545179,0.65673435,0.090052545,0.16450156
104,66,615,/,Q,Q,Q,0.5561138,True,0.01265804,0.061799318,0.2098835,0.1595454,0.5561138
104,66,901,/,Q,Q,Q,0.84506595,True,0.0082749,0.021413798,0.041602097,0.08364328,0.84506595
104,66,1188,/,Q,Q,Q,0.865734,True,0.00765768,0.012363691,0.046148516,0.06809615,0.865734
104,66,1477,f,Q,Q,Q,0.31141087,True,0.010149421,0.21131253,0.23602024,0.23110695,0.31141087
104,66,1749,f,Q,Q,Q,0.896455,True,0.0079223765,0.020236092,0.047894992,0.027491527,0.896455
104,66,2062,/,Q,Q,Q,0.91646194,True,0.008992662,0.011269191,0.02950905,0.033767182,0.91646194
104,66,2361,/,Q,Q,Q,0.9063356,True,0.007232566,0.009344456,0.02912249,0.047964904,0.9063356
104,66,2651,/,Q,Q,Q,0.922258,True,0.007835257,0.006869121,0.020053528,0.04298412,0.922258
104,66,2942,/,Q,Q,Q,0.9231988,True,0.0076503064,0.006587254,0.016756538,0.045807075,0.9231988
104,66,3232,/,Q,Q,Q,0.9261451,True,0.008349116,0.0060552885,0.01579966,0.04365089,0.9261451
104,66,3522,f,Q,Q,Q,0.46206525,True,0.014955285,0.07093442,0.24154635,0.21049874,0.46206525
104,66,3796,f,Q,Q,Q,0.9318961,True,0.007809098,0.0075361985,0.02680321,0.025955364,0.9318961
104,66,4102,/,Q,Q,Q,0.94895226,True,0.008625518,0.0051390603,0.016042229,0.021240931,0.94895226
104,66,4407,/,Q,Q,Q,0.94553024,True,0.008425429,0.0049980464,0.013584921,0.027461432,0.94553024
104,66,4704,/,Q,Q,Q,0.9476202,True,0.008507554,0.004519888,0.013186462,0.02616591,0.9476202
104,66,4995,/,Q,Q,Q,0.9421745,True,0.008166085,0.004784371,0.017460996,0.027414056,0.9421745
104,66,5281,/,Q,Q,Q,0.9375587,True,0.008890796,0.004940413,0.017169433,0.0314406,0.9375587
104,66,5569,f,Q,Q,Q,0.5778043,True,0.020889368,0.10562395,0.20163848,0.09404387,0.5778043
104,66,5873,f,Q,Q,V,0.6244819,False,0.023693608,0.03187065,0.6244819,0.025406504,0.29454735
104,66,6143,/,Q,Q,Q,0.8199865,True,0.018464407,0.014763642,0.11463199,0.03215346,0.8199865
104,66,6451,/,Q,Q,Q,0.8978227,True,0.012506542,0.008139315,0.04528511,0.036246363,0.8978227
104,66,6744,/,Q,Q,Q,0.9168051,True,0.009796998,0.0060678245,0.02864841,0.03868164,0.9168051
104,66,7042,/,Q,Q,Q,0.917482,True,0.009578675,0.005516225,0.026908461,0.04051463,0.917482
104,66,7332,/,Q,Q,Q,0.94145185,True,0.007677855,0.004684435,0.0138268955,0.03235896,0.94145185
104,66,7619,f,Q,Q,Q,0.5786146,True,0.017770372,0.07264637,0.18086505,0.1501036,0.5786146
104,66,7921,f,Q,Q,Q,0.9034947,True,0.015591467,0.016193792,0.04167497,0.023045074,0.9034947
104,66,8184,/,Q,Q,Q,0.9528589,True,0.0076530483,0.00709827,0.012279228,0.020110508,0.9528589
104,66,8496,/,Q,Q,Q,0.6312422,True,0.013304032,0.05505409,0.062472958,0.23792674,0.6312422
104,66,8794,/,Q,Q,Q,0.9053926,True,0.0083904145,0.0138586955,0.025450721,0.046907555,0.9053926
104,66,9088,/,Q,Q,Q,0.9035685,True,0.009746202,0.00934473,0.02485615,0.05248438,0.9035685
104,66,9378,/,Q,Q,Q,0.9009141,True,0.009641166,0.007103224,0.030237777,0.052103825,0.9009141
104,66,9678,f,Q,Q,Q,0.36937246,True,0.012371536,0.09602979,0.29607582,0.22615036,0.36937246
104,66,9951,f,Q,Q,Q,0.9289527,True,0.007309615,0.008306281,0.02729474,0.028136654,0.9289527
104,66,10232,/,Q,Q,Q,0.9350746,True,0.007982134,0.007776568,0.019292789,0.0298739,0.9350746
104,66,10533,/,Q,Q,Q,0.92172134,True,0.0087675825,0.007490097,0.019841243,0.04217969,0.92172134
104,66,10839,/,Q,Q,Q,0.92558587,True,0.0091669485,0.005676016,0.02188331,0.037687823,0.92558587
104,66,11135,/,Q,Q,Q,0.9335733,True,0.00870303,0.0051702606,0.015278685,0.037274737,0.9335733
104,66,11434,f,Q,Q,Q,0.60632867,True,0.018153112,0.061765563,0.17002398,0.14372869,0.60632867
104,66,11725,f,Q,Q,V,0.66527826,False,0.007514085,0.08967866,0.66527826,0.08915076,0.14837824
104,66,12040,f,Q,Q,V,0.8229262,False,0.02940583,0.0417481,0.8229262,0.022881707,0.08303813
104,66,12287,/,Q,Q,Q,0.5872985,True,0.02903502,0.04166877,0.31078684,0.031210804,0.5872985
104,66,12575,/,Q,Q,Q,0.87006843,True,0.014290753,0.017249087,0.051988393,0.046403337,0.87006843
104,66,12885,/,Q,Q,Q,0.91339594,True,0.009273477,0.008912281,0.0260206,0.042397723,0.91339594
104,66,13185,/,Q,Q,Q,0.89507234,True,0.008221184,0.008101116,0.03968748,0.048917897,0.89507234
104,66,13479,/,Q,Q,Q,0.9151121,True,0.0073099914,0.007304392,0.018826166,0.051447377,0.9151121
104,66,13783,f,Q,Q,Q,0.69486904,True,0.010480033,0.042067982,0.06438894,0.18819395,0.69486904
104,66,14059,f,Q,Q,Q,0.88443166,True,0.00881848,0.013079313,0.026441796,0.06722879,0.88443166
104,66,14339,/,Q,Q,Q,0.92903364,True,0.0074520702,0.0071063577,0.020841207,0.035566725,0.92903364
104,66,14617,/,Q,Q,Q,0.9452053,True,0.0076267356,0.0056519043,0.010874432,0.030641623,0.9452053
104,66,14930,/,Q,Q,Q,0.9317998,True,0.008890159,0.006164091,0.013242149,0.03990377,0.9317998
104,66,15233,/,Q,Q,Q,0.9242702,True,0.009006608,0.005914082,0.01819858,0.042610507,0.9242702
104,66,15525,/,Q,Q,Q,0.9142825,True,0.009987716,0.005523452,0.02877863,0.041427728,0.9142825
104,66,15816,f,Q,Q,Q,0.5160025,True,0.024289574,0.1185514,0.25777283,0.08338366,0.5160025
104,66,16118,f,Q,Q,V,0.5126124,False,0.0134889,0.19661805,0.5126124,0.11416931,0.16311134
104,66,16390,/,Q,Q,Q,0.7498922,True,0.012263183,0.04421679,0.15426813,0.039359767,0.7498922
104,66,16671,/,Q,Q,Q,0.840344,True,0.010266063,0.023896147,0.07595851,0.049535234,0.840344
104,66,16967,/,Q,Q,Q,0.8830897,True,0.007335615,0.013783165,0.03327933,0.0625122,0.8830897
104,66,17274,/,Q,Q,Q,0.8966321,True,0.0073974365,0.010181841,0.02269442,0.06309422,0.8966321
104,66,17571,/,Q,Q,Q,0.90437335,True,0.0076241177,0.008555823,0.0194867,0.05996007,0.90437335
104,66,17869,/,Q,Q,Q,0.8741852,True,0.008022617,0.010033671,0.02694722,0.080811314,0.8741852
104,66,18171,f,Q,Q,Q,0.36172536,True,0.011960878,0.12255719,0.2781092,0.22564736,0.36172536
104,66,18444,f,Q,Q,Q,0.8608446,True,0.009571615,0.023155037,0.07324143,0.03318728,0.8608446
104,66,18724,/,Q,Q,Q,0.86214185,True,0.008046628,0.017640876,0.06463664,0.047534082,0.86214185
104,66,19008,/,Q,Q,Q,0.8788041,True,0.007890473,0.011658639,0.034998626,0.06664816,0.8788041
104,66,19318,/,Q,Q,Q,0.8904808,True,0.008104105,0.00815031,0.034362733,0.058902077,0.8904808
104,66,19616,/,Q,Q,Q,0.869014,True,0.007975661,0.0090064015,0.03450496,0.07949901,0.869014
104,66,19910,/,Q,Q,Q,0.8807201,True,0.00813881,0.008252311,0.025966033,0.076922745,0.8807201
104,66,20189,f,Q,Q,V,0.5014826,False,0.014895887,0.03473073,0.5014826,0.17534475,0.2735461
104,66,20492,f,Q,Q,V,0.66241056,False,0.0076251053,0.0638532,0.66241056,0.15493566,0.11117544
104,66,20804,f,Q,Q,V,0.8467813,False,0.012609227,0.036002044,0.8467813,0.02012325,0.08448414
104,66,21056,/,Q,Q,Q,0.5848945,True,0.018869288,0.033520766,0.28616366,0.07655184,0.5848945
104,66,21362,/,Q,Q,Q,0.82228196,True,0.012165735,0.01585188,0.078131415,0.071569055,0.82228196
104,66,21668,/,Q,Q,Q,0.9056833,True,0.008214898,0.009976935,0.020680014,0.055444863,0.9056833
104,66,21959,/,Q,Q,Q,0.86664736,True,0.008882638,0.009994703,0.04764737,0.06682797,0.86664736
104,66,22249,/,Q,Q,Q,0.8943527,True,0.007908886,0.009369018,0.023089437,0.06527991,0.8943527
104,66,22532,Q,Q,Q,Q,0.62571174,True,0.014618989,0.1260677,0.061396994,0.1722046,0.62571174
104,66,22828,Q,Q,Q,S,0.50278646,False,0.0106464,0.50278646,0.14956167,0.1964538,0.14055179
104,66,23101,Q,Q,Q,S,0.4491834,False,0.013341624,0.4491834,0.19649643,0.10585636,0.23512217
104,66,23398,/,Q,Q,S,0.33453396,False,0.010469883,0.33453396,0.14084844,0.2096524,0.30449522
104,66,23701,/,Q,Q,V,0.31050795,False,0.00828535,0.24406908,0.31050795,0.20514382,0.23199378
104,66,23998,/,Q,Q,Q,0.46323165,True,0.008286215,0.13453811,0.14695275,0.24699126,0.46323165
104,66,24300,/,Q,Q,Q,0.581208,True,0.009514713,0.07528769,0.07799497,0.25599462,0.581208
104,66,24590,/,Q,Q,Q,0.6244952,True,0.008258685,0.054251414,0.06681232,0.24618243,0.6244952
104,66,24877,f,Q,Q,V,0.28597257,False,0.013029321,0.21923694,0.28597257,0.21078241,0.27097875
104,66,25178,f,Q,Q,Q,0.49550757,True,0.02337557,0.036878783,0.4114924,0.032745693,0.49550757
104,66,25440,/,Q,Q,Q,0.8036786,True,0.014359147,0.018736452,0.102506444,0.060719363,0.8036786
104,66,25747,/,Q,Q,Q,0.86229825,True,0.011268363,0.010875736,0.045970656,0.06958699,0.86229825
104,66,26048,/,Q,Q,Q,0.8628678,True,0.008323719,0.00952879,0.04948445,0.069795236,0.8628678
104,66,26341,/,Q,Q,Q,0.92273176,True,0.007606901,0.006838414,0.016600247,0.046222642,0.92273176
104,66,26634,/,Q,Q,Q,0.90190107,True,0.00891587,0.0072107636,0.024152482,0.05781985,0.90190107
104,66,26926,/,Q,Q,Q,0.8833044,True,0.008351357,0.007995652,0.027628735,0.07271985,0.8833044
104,66,27184,N,N,N,V,0.53954875,False,0.017553799,0.022527555,0.53954875,0.10592474,0.31444517
104,66,27489,f,Q,Q,V,0.39784908,False,0.008659236,0.08921212,0.39784908,0.34129927,0.16298035
104,66,27778,f,Q,Q,Q,0.85280967,True,0.011853878,0.018649329,0.07484483,0.0418422,0.85280967
104,66,28084,/,Q,Q,Q,0.9055764,True,0.008978057,0.012503188,0.01846623,0.05447607,0.9055764
104,66,28380,/,Q,Q,Q,0.88851565,True,0.009149332,0.008725924,0.038188767,0.055420306,0.88851565
104,66,28675,/,Q,Q,Q,0.84845746,True,0.0077713947,0.010024533,0.057867687,0.07587893,0.84845746
104,66,28963,/,Q,Q,Q,0.9001194,True,0.0069282246,0.008624145,0.025149543,0.059178695,0.9001194
104,66,29250,/,Q,Q,Q,0.8795241,True,0.0076078977,0.008872777,0.042664897,0.061330363,0.8795241
104,66,29519,f,Q,Q,Q,0.44775188,True,0.015628656,0.041986205,0.3060733,0.18855992,0.44775188
104,66,29812,f,Q,Q,V,0.7232547,False,0.0067345663,0.067294195,0.7232547,0.09446192,0.10825471
104,66,30144,f,Q,Q,Q,0.6054841,True,0.026011737,0.05372792,0.2732753,0.04150103,0.6054841
104,66,30421,f,Q,Q,Q,0.9141758,True,0.011992131,0.011267966,0.04780932,0.014754773,0.9141758
104,66,30719,/,Q,Q,Q,0.91624504,True,0.00959148,0.010065651,0.028001549,0.036096293,0.91624504
104,66,31012,/,Q,Q,Q,0.8622952,True,0.010195583,0.012303922,0.033164237,0.08204098,0.8622952
104,66,31302,/,Q,Q,Q,0.86895496,True,0.008037466,0.011171518,0.045459542,0.06637649,0.86895496
104,66,31580,/,Q,Q,Q,0.8560948,True,0.008185454,0.011626799,0.053967323,0.07012571,0.8560948
104,66,31861,/,Q,Q,Q,0.8864092,True,0.007839213,0.009423357,0.027950164,0.06837811,0.8864092
104,66,32168,/,Q,Q,Q,0.8249184,True,0.009872462,0.011161917,0.041222323,0.11282491,0.8249184
104,66,32445,N,N,N,V,0.5683231,False,0.016660316,0.030039068,0.5683231,0.13098347,0.25399402
104,66,32734,N,N,N,V,0.8542947,False,0.0067762583,0.034466773,0.8542947,0.049432766,0.05502946
104,66,33059,f,Q,Q,Q,0.5116151,True,0.037179563,0.069708295,0.34231326,0.03918377,0.5116151
104,66,33332,f,Q,Q,Q,0.8987192,True,0.017449874,0.0127362255,0.057773028,0.01332173,0.8987192
104,66,33618,/,Q,Q,Q,0.9086067,True,0.0094916215,0.011936503,0.03417738,0.035787713,0.9086067
104,66,33896,/,Q,Q,Q,0.91125995,True,0.007788846,0.009377436,0.026987774,0.044585984,0.91125995
104,66,34194,/,Q,Q,Q,0.9151671,True,0.008364985,0.008116216,0.017269976,0.051081818,0.9151671
104,66,34498,/,Q,Q,Q,0.9093586,True,0.008910538,0.0073586637,0.016739877,0.05763232,0.9093586
104,66,34794,/,Q,Q,Q,0.9204567,True,0.0079236375,0.00638869,0.016755847,0.048475165,0.9204567
104,66,35091,/,Q,Q,Q,0.8894444,True,0.009414428,0.0071293297,0.036138337,0.057873525,0.8894444
104,66,35359,N,N,N,V,0.5514866,False,0.017728733,0.02758735,0.5514866,0.10365877,0.29953858
104,66,35661,f,Q,Q,V,0.67877495,False,0.011768828,0.034569692,0.67877495,0.08249391,0.19239266
104,66,35938,f,Q,Q,Q,0.6886263,True,0.019734804,0.04491979,0.16110271,0.08561641,0.6886263
104,66,36225,/,Q,Q,Q,0.7602804,True,0.013066148,0.02625625,0.07146472,0.1289326,0.7602804
104,66,36529,/,Q,Q,Q,0.8515071,True,0.008972457,0.013837994,0.032681495,0.093000926,0.8515071
104,66,36827,/,Q,Q,Q,0.89078283,True,0.007593868,0.010541072,0.019881174,0.07120104,0.89078283
104,66,37123,/,Q,Q,Q,0.8824754,True,0.008163906,0.010148853,0.01925396,0.079957925,0.8824754
104,66,37417,/,Q,Q,Q,0.841813,True,0.009016138,0.011977681,0.0250215,0.112171695,0.841813
104,66,37709,/,Q,Q,Q,0.8928856,True,0.008471797,0.008855021,0.018670725,0.0711168,0.8928856
104,66,37977,N,N,N,V,0.524085,False,0.021082269,0.03901945,0.524085,0.1240434,0.29176992
104,66,38278,f,Q,Q,V,0.51703423,False,0.006871685,0.16568772,0.51703423,0.21030335,0.100103
104,66,38574,/,Q,Q,V,0.48954406,False,0.008078987,0.08225977,0.48954406,0.099010654,0.3211066
104,66,38872,/,Q,Q,Q,0.55341053,True,0.00980944,0.075746246,0.14265637,0.21837746,0.55341053
104,66,39165,/,Q,Q,Q,0.63876116,True,0.0075046676,0.043196943,0.104763724,0.20577352,0.63876116
104,66,39462,/,Q,Q,Q,0.685771,True,0.006583385,0.033569373,0.06919233,0.20488392,0.685771
104,66,39754,/,Q,Q,Q,0.7135138,True,0.007199148,0.025186056,0.04937034,0.2047307,0.7135138
104,66,40039,/,Q,Q,Q,0.72885734,True,0.0073650666,0.019671857,0.08897613,0.15512957,0.72885734
104,66,40302,N,N,N,V,0.67375773,False,0.010599722,0.041647494,0.67375773,0.11594759,0.1580475
104,66,40607,f,Q,Q,V,0.76011807,False,0.0061247465,0.09355391,0.76011807,0.06597146,0.07423188
104,66,40910,f,Q,Q,V,0.40831977,False,0.01137877,0.09529112,0.40831977,0.0989737,0.38603663
104,66,41210,/,Q,Q,Q,0.5433501,True,0.009486799,0.06961052,0.22854416,0.1490085,0.5433501
104,66,41511,/,Q,Q,Q,0.6691752,True,0.0103273,0.045426667,0.05294187,0.22212894,0.6691752
104,66,41802,/,Q,Q,Q,0.5455121,True,0.009514607,0.05593221,0.061841402,0.3271997,0.5455121
104,66,42136,/,Q,Q,F,0.763877,False,0.012409014,0.071046665,0.07554361,0.763877,0.077123806
104,66,42372,/,Q,Q,F,0.44019723,False,0.006210458,0.093854524,0.38469684,0.44019723,0.07504096
104,66,42651,/,Q,Q,F,0.46330354,False,0.0066335546,0.09460522,0.23315662,0.46330354,0.20230107
104,66,42952,f,Q,Q,V,0.35611364,False,0.008323114,0.21682304,0.35611364,0.3166957,0.10204444
104,66,43244,N,N,N,V,0.63146514,False,0.0058382545,0.26664296,0.63146514,0.0756,0.020453615
104,66,43556,f,Q,Q,V,0.664069,False,0.0042632096,0.2470661,0.664069,0.06992854,0.014673154
104,66,43843,f,Q,Q,V,0.53316253,False,0.010899233,0.218634,0.53316253,0.08751867,0.14978553
104,66,44140,/,Q,Q,V,0.33887997,False,0.018629165,0.3328324,0.33887997,0.14255121,0.16710722
104,66,44421,/,Q,Q,V,0.78591144,False,0.0040921196,0.107473925,0.78591144,0.08216734,0.020355228
104,66,44698,/,Q,Q,V,0.73769397,False,0.0044962857,0.09407011,0.73769397,0.10223466,0.06150496
104,66,45002,/,Q,Q,V,0.45402065,False,0.0072332565,0.10363084,0.45402065,0.3016492,0.133466
104,66,45306,/,Q,Q,V,0.42865348,False,0.015028717,0.0613601,0.42865348,0.29800212,0.19695556
104,66,45600,/,Q,Q,V,0.6031068,False,0.012748887,0.02817445,0.6031068,0.1156819,0.24028791
104,66,45897,/,Q,Q,V,0.51622355,False,0.013045878,0.029386839,0.51622355,0.22902897,0.21231475
104,66,46180,f,Q,Q,V,0.35322347,False,0.0115910135,0.20840783,0.35322347,0.30005112,0.12672652
104,66,46456,N,N,N,V,0.44745505,False,0.016631912,0.34227055,0.44745505,0.080093466,0.11354909
104,66,46745,f,Q,Q,V,0.5646302,False,0.009230926,0.32383886,0.5646302,0.052356947,0.049943093
104,66,47033,f,Q,Q,S,0.49142268,False,0.021239422,0.49142268,0.2962025,0.10696016,0.084175214
104,66,47340,/,Q,Q,S,0.42012066,False,0.008733645,0.42012066,0.16442078,0.3549037,0.051821172
104,66,47636,/,Q,Q,F,0.42891535,False,0.0066246022,0.2859238,0.21354206,0.42891535,0.06499417
104,66,47938,/,Q,Q,S,0.5679642,False,0.018955164,0.5679642,0.13882063,0.25773007,0.016529929
104,66,48232,/,Q,Q,S,0.62297696,False,0.013370634,0.62297696,0.24759747,0.106118344,0.009936609
104,66,48526,/,Q,Q,V,0.5348859,False,0.009573244,0.35764778,0.5348859,0.08622861,0.011664519
104,66,48806,/,Q,Q,V,0.86179185,False,0.0053643943,0.09211208,0.86179185,0.030320395,0.010411226
104,66,49085,/,Q,Q,V,0.71099776,False,0.009351938,0.106931,0.71099776,0.1376407,0.035078585
104,66,49391,/,Q,Q,V,0.66509104,False,0.01063695,0.0812186,0.66509104,0.17438112,0.06867244
104,66,49684,f,Q,Q,V,0.52292055,False,0.009022306,0.35394108,0.52292055,0.08303579,0.031080304
104,66,49934,N,N,N,S,0.7570242,False,0.010211774,0.7570242,0.18319589,0.03731922,0.012248965
104,66,50247,f,Q,Q,S,0.716218,False,0.0073607853,0.716218,0.19715305,0.06648655,0.012781635
104,66,50557,f,Q,Q,S,0.6545682,False,0.03153669,0.6545682,0.23249798,0.03668391,0.044713266
104,66,50820,f,Q,Q,S,0.90936375,False,0.010415507,0.90936375,0.04970417,0.025713228,0.004803309
104,66,51097,f,Q,Q,S,0.7445364,False,0.024332028,0.7445364,0.13196939,0.045744095,0.053418152
104,66,51394,/,Q,Q,S,0.5411532,False,0.01691832,0.5411532,0.09281911,0.24048299,0.10862638
104,66,51697,/,Q,Q,F,0.4394684,False,0.015299427,0.38155842,0.07611072,0.4394684,0.08756306
104,66,51994,/,Q,Q,F,0.46971098,False,0.017214475,0.24033049,0.08772136,0.46971098,0.18502262
104,66,52295,/,Q,Q,V,0.45412853,False,0.014607972,0.22816272,0.45412853,0.09675167,0.20634906
104,66,52587,/,Q,Q,V,0.4647614,False,0.008804523,0.1314657,0.4647614,0.16969484,0.22527349
104,66,52875,/,Q,Q,V,0.6512362,False,0.004997786,0.093495905,0.6512362,0.15187551,0.098394565
104,66,53154,/,Q,Q,V,0.5467323,False,0.0080015445,0.056480806,0.5467323,0.15466432,0.23412101
104,66,53436,/,Q,Q,Q,0.47550908,True,0.013981413,0.0642302,0.2757505,0.17052872,0.47550908
104,66,53739,/,Q,Q,V,0.6764031,False,0.0055661662,0.061004702,0.6764031,0.15544954,0.101576515
104,66,54035,/,Q,Q,V,0.677041,False,0.0057651885,0.056208428,0.677041,0.11816123,0.14282413
104,66,54295,N,N,N,V,0.8559116,False,0.005370669,0.087545805,0.8559116,0.03604031,0.015131644
104,66,54584,N,N,N,V,0.7631981,False,0.013848308,0.18418144,0.7631981,0.022956297,0.015815822
104,66,54879,N,N,N,V,0.67019403,False,0.012232319,0.2704174,0.67019403,0.03400716,0.0131490575
104,66,55173,f,Q,Q,S,0.6433694,False,0.019551367,0.6433694,0.28787503,0.029193478,0.020010663
104,66,55464,f,Q,Q,S,0.81019497,False,0.01700484,0.81019497,0.1351578,0.026269073,0.011373283
104,66,55776,f,Q,Q,S,0.52050114,False,0.022996664,0.52050114,0.40613693,0.023006408,0.027358808
104,66,56050,f,Q,Q,V,0.670573,False,0.01582691,0.19780192,0.670573,0.023937874,0.09186028
104,66,56348,/,Q,Q,S,0.29531872,False,0.011569618,0.29531872,0.2746349,0.212745,0.20573178
104,66,56644,/,Q,Q,F,0.34985438,False,0.0080592455,0.27079228,0.18039331,0.34985438,0.19090082
104,66,56938,/,Q,Q,V,0.28145042,False,0.008031308,0.2295383,0.28145042,0.27489373,0.20608626
104,66,57226,/,Q,Q,F,0.3043725,False,0.0059393877,0.17623517,0.24982296,0.3043725,0.26363
104,66,57504,/,Q,Q,F,0.336647,False,0.01649003,0.13234329,0.18012507,0.336647,0.33439457
104,66,57791,/,Q,Q,Q,0.57174295,True,0.020376248,0.038228318,0.10803502,0.26161748,0.57174295
104,66,58094,/,Q,Q,Q,0.6017081,True,0.019070832,0.0191781,0.045939744,0.31410316,0.6017081
104,66,58391,/,Q,Q,Q,0.6488753,True,0.011991384,0.017022409,0.08366888,0.23844206,0.6488753
104,66,58669,N,N,N,V,0.579791,False,0.012213853,0.05981399,0.579791,0.21544777,0.13273342
104,66,58951,N,N,N,V,0.8171763,False,0.005680236,0.07551678,0.8171763,0.067301236,0.034325406
104,66,59265,f,Q,Q,V,0.80482084,False,0.004628927,0.10902348,0.80482084,0.052253414,0.029273314
104,66,59536,f,Q,Q,V,0.45131782,False,0.016221253,0.19238228,0.45131782,0.10017363,0.23990503
104,66,59816,/,Q,Q,V,0.4038944,False,0.007123298,0.09579291,0.4038944,0.13906538,0.35412398
104,66,60122,/,Q,Q,V,0.63153654,False,0.0042564813,0.08054101,0.63153654,0.10387322,0.17979276
104,66,60421,/,Q,Q,V,0.784849,False,0.0035363971,0.08315,0.784849,0.06975403,0.058710594
104,66,60712,/,Q,Q,V,0.6507565,False,0.0046775327,0.10473313,0.6507565,0.13345346,0.10637944
104,66,61011,/,Q,Q,V,0.5476734,False,0.0040936186,0.091948256,0.5476734,0.25470394,0.101580836
104,66,61307,/,Q,Q,V,0.4526798,False,0.006788002,0.09898244,0.4526798,0.39391488,0.047634833
104,66,61589,/,Q,Q,V,0.71796095,False,0.0043847826,0.050877735,0.71796095,0.17592111,0.050855294
104,66,61855,f,Q,Q,V,0.82790595,False,0.0045439606,0.07410078,0.82790595,0.07447955,0.018969733
104,66,62126,N,N,N,V,0.9348006,False,0.0029512348,0.03489547,0.9348006,0.018852914,0.008499811
104,66,62458,f,Q,Q,V,0.600469,False,0.01603646,0.31952608,0.600469,0.034582805,0.029385699
104,66,62737,f,Q,Q,V,0.5652128,False,0.0072398824,0.25916788,0.5652128,0.1385908,0.029788682
104,66,63040,/,Q,Q,V,0.7454074,False,0.004407126,0.14102715,0.7454074,0.086775996,0.022382256
104,66,63333,/,Q,Q,V,0.6975789,False,0.004871999,0.14377275,0.6975789,0.093386486,0.06038991
104,66,63623,/,Q,Q,V,0.8172017,False,0.002937611,0.075995505,0.8172017,0.071322694,0.032542486
104,66,63905,/,Q,Q,V,0.8548001,False,0.0039265044,0.06642831,0.8548001,0.055034716,0.019810451
104,66,64188,/,Q,Q,V,0.7576883,False,0.00452071,0.079292655,0.7576883,0.11096579,0.04753253
104,66,64487,/,Q,Q,V,0.80948555,False,0.0034928476,0.060434595,0.80948555,0.07707428,0.04951274
104,66,64785,/,Q,Q,V,0.8165351,False,0.0031460107,0.060319215,0.8165351,0.07472367,0.045276016
104,66,65057,N,N,N,V,0.8823195,False,0.0036283687,0.06991203,0.8823195,0.032839447,0.011300653
104,66,65335,N,N,N,V,0.71252084,False,0.01295721,0.14633352,0.71252084,0.09269211,0.035496403
104,66,65652,f,Q,Q,S,0.4675006,False,0.013701905,0.4675006,0.4618383,0.03687007,0.020089265
104,66,65950,f,Q,Q,S,0.53806967,False,0.06354973,0.53806967,0.29587612,0.025454586,0.07704991
104,66,66205,f,Q,Q,S,0.605215,False,0.030500807,0.605215,0.22693305,0.061700277,0.07565085
104,66,66508,/,Q,Q,S,0.5583091,False,0.011894128,0.5583091,0.20264326,0.17311706,0.05403651
104,66,66808,/,Q,Q,V,0.38046274,False,0.007945931,0.36726326,0.38046274,0.16774894,0.07657914
104,66,67099,/,Q,Q,V,0.7548889,False,0.0054646353,0.11006065,0.7548889,0.09757228,0.032013502
104,66,67398,/,Q,Q,V,0.80367994,False,0.0042343503,0.07364132,0.80367994,0.08884421,0.029600179
104,66,67695,/,Q,Q,V,0.81170833,False,0.0041795634,0.075158216,0.81170833,0.07809727,0.030856635
104,66,67979,/,Q,Q,V,0.7536755,False,0.0034882636,0.06633959,0.7536755,0.10429514,0.07220158
104,66,68260,/,Q,Q,V,0.8115564,False,0.003868696,0.07396907,0.8115564,0.05441296,0.056192838
104,66,68552,/,Q,Q,V,0.7853294,False,0.005872373,0.07862729,0.7853294,0.05410161,0.07606935
104,66,68848,/,Q,Q,V,0.76932216,False,0.003970021,0.06552322,0.76932216,0.09516785,0.066016786
104,66,69131,/,Q,Q,V,0.44446775,False,0.007828431,0.0868375,0.44446775,0.25857672,0.20228963
104,66,69450,/,Q,Q,V,0.5707744,False,0.0054383944,0.070813194,0.5707744,0.19385818,0.15911594
104,66,69704,N,N,N,V,0.8046881,False,0.0038983263,0.07315056,0.8046881,0.09238277,0.025880259
104,66,69994,N,N,N,V,0.7670587,False,0.0065729716,0.1288888,0.7670587,0.07524104,0.022238536
104,66,70279,f,Q,Q,V,0.71111536,False,0.0040029623,0.15179239,0.71111536,0.10537684,0.027712522
104,66,70562,f,Q,Q,V,0.533914,False,0.0037702231,0.1869997,0.533914,0.23934613,0.03596992
104,66,70867,f,Q,Q,V,0.6179596,False,0.0045323735,0.16100895,0.6179596,0.16988192,0.046617154
104,66,71170,f,Q,Q,V,0.5151288,False,0.0042568236,0.16212198,0.5151288,0.26528993,0.05320241
104,66,71472,f,Q,Q,V,0.4194605,False,0.005851892,0.3129856,0.4194605,0.21685635,0.044845592
104,66,71770,f,Q,Q,S,0.55995464,False,0.010118333,0.55995464,0.35431042,0.058357485,0.01725907
104,66,72073,f,Q,Q,S,0.39155045,False,0.034071155,0.39155045,0.35670272,0.04293544,0.17474025
104,66,72360,f,Q,Q,Q,0.5053893,True,0.072577074,0.14150476,0.25841922,0.022109712,0.5053893
104,66,72635,f,Q,Q,Q,0.8173352,True,0.055202518,0.03505449,0.07592077,0.016487023,0.8173352
104,66,72934,f,Q,Q,Q,0.81186074,True,0.05134774,0.019249648,0.105985634,0.011556267,0.81186074
104,66,73231,f,Q,Q,Q,0.8698192,True,0.035190314,0.009727091,0.07400138,0.01126203,0.8698192
104,66,73527,f,Q,Q,Q,0.9120828,True,0.027956769,0.0067268927,0.0420237,0.011209825,0.9120828
104,66,73830,f,Q,Q,Q,0.9134785,True,0.03424082,0.0063068373,0.0342023,0.011771525,0.9134785
104,66,74120,f,Q,Q,Q,0.9194207,True,0.032622393,0.0065346546,0.024485247,0.016936997,0.9194207
104,66,74409,f,Q,Q,Q,0.8054527,True,0.07331994,0.02008148,0.053191245,0.04795462,0.8054527
104,66,74680,f,Q,Q,Q,0.3831922,True,0.024192117,0.08049555,0.15551642,0.35660365,0.3831922
104,66,74961,Q,Q,Q,F,0.3902141,False,0.023689318,0.10731241,0.306833,0.3902141,0.17195112
104,66,75259,Q,Q,Q,S,0.4996974,False,0.03090028,0.4996974,0.117135346,0.23363121,0.1186357
104,66,75552,f,Q,Q,S,0.45387363,False,0.04226479,0.45387363,0.1869715,0.10424227,0.21264774
104,66,75849,f,Q,Q,S,0.6410116,False,0.011502502,0.6410116,0.23881842,0.07543181,0.03323557
104,66,76146,f,Q,Q,S,0.68549633,False,0.006746672,0.68549633,0.23164472,0.057728544,0.01838364
104,66,76428,N,N,N,V,0.5378751,False,0.007686471,0.38103002,0.5378751,0.060653195,0.012755214
104,66,76700,N,N,N,V,0.4587702,False,0.0068218103,0.43536398,0.4587702,0.08490192,0.014142171
104,66,76968,N,N,N,V,0.4579903,False,0.00570086,0.41697428,0.4579903,0.1066124,0.01272214
104,66,77257,N,N,N,V,0.750045,False,0.004698682,0.18023345,0.750045,0.05480574,0.010217171
104,66,77548,N,N,N,V,0.808999,False,0.0050250306,0.14088064,0.808999,0.036182437,0.008912816
104,66,77838,N,N,N,V,0.74818057,False,0.0069822874,0.1980406,0.74818057,0.036474824,0.010321701
104,66,78133,N,N,N,V,0.8451234,False,0.005436474,0.11346403,0.8451234,0.027463712,0.008512394
104,66,78425,N,N,N,V,0.88776624,False,0.004536619,0.07613175,0.88776624,0.023889545,0.0076758354
104,66,78707,N,N,N,V,0.88385755,False,0.0048431186,0.074412584,0.88385755,0.028552836,0.0083340155
104,66,78983,N,N,N,V,0.794026,False,0.006200235,0.14848095,0.794026,0.04167466,0.009618111
104,66,79260,N,N,N,V,0.86828446,False,0.0046750507,0.09149897,0.86828446,0.027630584,0.007910858
104,66,79554,N,N,N,V,0.8497241,False,0.004931215,0.10350344,0.8497241,0.033253215,0.008587976
104,66,79845,N,N,N,V,0.87371796,False,0.0045740963,0.083502956,0.87371796,0.029716467,0.008488558
104,66,80136,N,N,N,V,0.9070503,False,0.003924753,0.056764785,0.9070503,0.024460562,0.007799548
104,66,80430,N,N,N,V,0.9038599,False,0.0041424125,0.05867682,0.9038599,0.025202999,0.008117871
104,66,80721,N,N,N,V,0.9189279,False,0.0038589532,0.049488526,0.9189279,0.020099718,0.0076248883
104,66,80999,N,N,N,V,0.9189662,False,0.004051022,0.04859481,0.9189662,0.020293307,0.0080945715
104,66,81267,N,N,N,V,0.9009829,False,0.0046772384,0.060734216,0.9009829,0.024776764,0.008828829
104,66,81553,N,N,N,V,0.9081488,False,0.004356828,0.057507858,0.9081488,0.021859305,0.008127216
104,66,81845,N,N,N,V,0.9029903,False,0.004189636,0.063059784,0.9029903,0.022052707,0.007707658
104,66,82134,N,N,N,V,0.9163681,False,0.0038965365,0.052374963,0.9163681,0.019888861,0.007471529
104,66,82323,V,V,V,V,0.91082656,True,0.0035039552,0.04636115,0.91082656,0.03163844,0.0076699643
104,66,82638,/,Q,Q,V,0.5472905,False,0.008076081,0.15707119,0.5472905,0.2444098,0.04315245
104,66,82932,/,Q,Q,V,0.7747222,False,0.004585446,0.080236055,0.7747222,0.10161853,0.03883774
104,66,83209,/,Q,Q,V,0.75851387,False,0.004059695,0.079838604,0.75851387,0.11412979,0.04345805
104,66,83488,/,Q,Q,V,0.67311686,False,0.0052217664,0.080439776,0.67311686,0.16501889,0.076202676
104,66,83787,/,Q,Q,V,0.64906275,False,0.0044138134,0.07147368,0.64906275,0.17110994,0.103939794
104,66,84081,/,Q,Q,V,0.59213185,False,0.00464591,0.07472292,0.59213185,0.2171628,0.111336485
104,66,84377,/,Q,Q,V,0.42398456,False,0.0059306696,0.06497809,0.42398456,0.32004035,0.18506634
104,66,84677,/,Q,Q,F,0.48106736,False,0.008274301,0.04658531,0.22102647,0.48106736,0.2430466
104,66,84976,/,Q,Q,F,0.5156782,False,0.007418231,0.044696826,0.18713915,0.5156782,0.24506757
104,66,85260,/,Q,Q,F,0.4604578,False,0.0073673627,0.04026495,0.24471135,0.4604578,0.24719854
104,66,85536,/,Q,Q,F,0.4544527,False,0.00712834,0.038333114,0.24217369,0.4544527,0.25791213
104,66,85830,/,Q,Q,F,0.5142274,False,0.0074058627,0.037420098,0.16350955,0.5142274,0.27743706
104,66,86127,/,Q,Q,F,0.519358,False,0.0072796824,0.035077047,0.15167214,0.519358,0.2866132
104,66,86423,/,Q,Q,F,0.42821002,False,0.0070984205,0.036450535,0.24434291,0.42821002,0.28389806
104,66,86721,/,Q,Q,V,0.37892398,False,0.005585183,0.043571185,0.37892398,0.31822506,0.2536946
104,66,87020,f,Q,Q,Q,0.44578034,True,0.005970595,0.03775625,0.33782938,0.17266345,0.44578034
104,66,87310,f,Q,Q,V,0.43262333,False,0.004619644,0.05258617,0.43262333,0.24621956,0.26395133
104,66,87587,f,Q,Q,V,0.49581343,False,0.0039026556,0.07834565,0.49581343,0.18474452,0.23719366
104,66,87874,f,Q,Q,F,0.43083936,False,0.008951213,0.13803941,0.17722704,0.43083936,0.24494293
104,66,88171,f,Q,Q,Q,0.41856486,True,0.023125527,0.14199671,0.24662513,0.16968778,0.41856486
104,66,88491,f,Q,Q,V,0.43455037,False,0.04409528,0.07130648,0.43455037,0.031417046,0.41863084
104,66,88793,f,Q,Q,V,0.5756697,False,0.05171023,0.041020952,0.5756697,0.01140796,0.32019117
104,66,89085,f,Q,Q,V,0.60121524,False,0.049896307,0.046600882,0.60121524,0.012204717,0.29008284
104,66,89380,f,Q,Q,V,0.5919208,False,0.039275557,0.069398776,0.5919208,0.026998427,0.27240643
104,66,89655,f,Q,Q,V,0.66358423,False,0.008985108,0.16488573,0.66358423,0.09791441,0.064630434
104,66,89927,f,Q,Q,V,0.75948846,False,0.0041863625,0.113966435,0.75948846,0.09096633,0.031392332
104,66,90223,f,Q,Q,V,0.67279196,False,0.0061492063,0.2370451,0.67279196,0.05967168,0.02434208
104,66,90517,f,Q,Q,S,0.46623638,False,0.007719081,0.46623638,0.44325867,0.0644668,0.01831911
104,66,90807,f,Q,Q,V,0.50452745,False,0.010501214,0.39340818,0.50452745,0.04998746,0.04157567
104,66,91107,f,Q,Q,S,0.7060473,False,0.010645908,0.7060473,0.19098902,0.06525486,0.02706295
104,66,91408,f,Q,Q,S,0.6406496,False,0.010306535,0.6406496,0.2572741,0.05995526,0.031814393
104,66,91693,f,Q,Q,S,0.81100965,False,0.009056712,0.81100965,0.11184657,0.052239306,0.015847806
104,66,91969,f,Q,Q,S,0.78676033,False,0.011950604,0.78676033,0.14980109,0.03666637,0.014821489
104,66,92267,f,Q,Q,S,0.8650436,False,0.012854592,0.8650436,0.08774714,0.024851538,0.009503114
104,66,92507,N,N,N,S,0.7745839,False,0.010948309,0.7745839,0.1620635,0.042611733,0.009792619
104,66,92817,f,Q,Q,S,0.79351515,False,0.009043975,0.79351515,0.10443563,0.08034697,0.012658382
104,66,93118,f,Q,Q,S,0.6226612,False,0.0074976874,0.6226612,0.22921716,0.10039959,0.04022444
104,66,93416,/,Q,Q,V,0.5031474,False,0.007256431,0.3274827,0.5031474,0.09091935,0.07119406
104,66,93712,/,Q,Q,V,0.64683336,False,0.004845801,0.19152123,0.64683336,0.09920038,0.057599254
104,66,93994,/,Q,Q,V,0.8296793,False,0.004811873,0.09944392,0.8296793,0.050360806,0.015704121
104,66,94270,/,Q,Q,V,0.7104568,False,0.0035784633,0.11124316,0.7104568,0.14450476,0.030216807
104,66,94567,/,Q,Q,V,0.659107,False,0.0041973293,0.1232123,0.659107,0.1693638,0.044119544
104,66,94861,/,Q,Q,V,0.57362133,False,0.003978555,0.1200575,0.57362133,0.25509647,0.047246132
104,66,95161,/,Q,Q,V,0.4961273,False,0.0063479524,0.16998687,0.4961273,0.27268556,0.054852284
104,66,95462,/,Q,Q,V,0.47618607,False,0.006112105,0.14965677,0.47618607,0.3196864,0.048358724
104,66,95764,/,Q,Q,V,0.42146963,False,0.005627996,0.1527556,0.42146963,0.37228203,0.047864642
104,66,96048,/,Q,Q,V,0.7259781,False,0.004351857,0.101932295,0.7259781,0.13057122,0.03716652
104,66,96325,/,Q,Q,V,0.815097,False,0.003230617,0.0716454,0.815097,0.08516441,0.024862679
104,66,96621,/,Q,Q,V,0.7465112,False,0.0031686085,0.09243263,0.7465112,0.11766627,0.040221285
104,66,96913,/,Q,Q,V,0.80618834,False,0.0033850682,0.057607975,0.80618834,0.093366176,0.039452508
104,66,97204,/,Q,Q,V,0.6022612,False,0.0048949732,0.082651995,0.6022612,0.1995252,0.11066664
104,66,97505,/,Q,Q,V,0.55552715,False,0.0044168076,0.07040163,0.55552715,0.2731117,0.09654281
104,66,97805,/,Q,Q,V,0.5571256,False,0.004717623,0.068305954,0.5571256,0.25502956,0.114821285
104,66,98093,/,Q,Q,V,0.49453744,False,0.004755312,0.071034946,0.49453744,0.32509005,0.10458226
104,66,98370,/,Q,Q,V,0.681965,False,0.0038764512,0.0558799,0.681965,0.17903745,0.07924112
104,66,98661,/,Q,Q,F,0.44724596,False,0.0059747067,0.067299925,0.357288,0.44724596,0.122191384
104,66,98961,/,Q,Q,V,0.6247292,False,0.0058752475,0.043901242,0.6247292,0.2755593,0.04993504
104,66,99248,/,Q,Q,F,0.6345691,False,0.008134639,0.07746538,0.19725358,0.6345691,0.082577325
104,66,99553,/,Q,Q,F,0.47592676,False,0.008094984,0.06944558,0.37899464,0.47592676,0.06753803
104,66,99853,/,Q,Q,F,0.38529578,False,0.007605717,0.07306411,0.3475458,0.38529578,0.18648864
104,66,100116,N,N,N,V,0.73043334,False,0.0066598803,0.09451153,0.73043334,0.1383531,0.030042054
104,66,100349,N,N,N,V,0.780622,False,0.004714175,0.12501104,0.780622,0.0713639,0.018288951
104,66,100624,N,N,N,V,0.8368845,False,0.00437353,0.112330094,0.8368845,0.036438767,0.00997316
104,66,100902,N,N,N,V,0.83106655,False,0.0054921764,0.1237939,0.83106655,0.030590693,0.009056665
104,66,101187,N,N,N,V,0.9092883,False,0.0037837,0.059591815,0.9092883,0.020532785,0.0068033505
104,66,101478,N,N,N,V,0.84373,False,0.007922697,0.11334792,0.84373,0.022436084,0.012563294
104,66,101765,N,N,N,V,0.61268795,False,0.012233284,0.28419474,0.61268795,0.06510188,0.025782164
104,66,102062,N,N,N,V,0.8986804,False,0.0040904325,0.066788964,0.8986804,0.021684371,0.008755849
104,66,102348,N,N,N,V,0.89345056,False,0.0048048357,0.06399697,0.89345056,0.029401913,0.008345688
104,66,102616,N,N,N,V,0.89211553,False,0.004985841,0.063798025,0.89211553,0.030485298,0.008615286
104,66,102893,N,N,N,V,0.7382726,False,0.00715358,0.19430548,0.7382726,0.048833556,0.011434774
104,66,103176,N,N,N,V,0.6366685,False,0.0074105435,0.28454426,0.6366685,0.058824793,0.012551924
104,66,103463,N,N,N,V,0.8734852,False,0.0047124582,0.08148353,0.8734852,0.031649552,0.0086692935
104,66,103751,N,N,N,V,0.9043701,False,0.0042563058,0.055835497,0.9043701,0.027346438,0.0081915865
104,66,104041,N,N,N,V,0.8675437,False,0.0073146485,0.08859542,0.8675437,0.01793232,0.018613935
104,66,104339,N,N,N,V,0.6815629,False,0.017949607,0.20540616,0.6815629,0.06290753,0.03217377
104,66,104612,N,N,N,V,0.9093961,False,0.007770406,0.05530253,0.9093961,0.0142680835,0.013262884
104,66,104881,N,N,N,V,0.7523312,False,0.019103637,0.124436386,0.7523312,0.061899565,0.04222922
104,66,105172,N,N,N,V,0.8289904,False,0.0135494955,0.11914213,0.8289904,0.023580922,0.014737022
104,66,105449,N,N,N,V,0.67913514,False,0.011741645,0.26537386,0.67913514,0.030192377,0.013557034
104,66,105741,N,N,N,V,0.7480679,False,0.010082788,0.19242117,0.7480679,0.039489903,0.009938219
104,66,106039,N,N,N,V,0.8071884,False,0.006543921,0.13861266,0.8071884,0.03774573,0.009909312
104,66,106329,N,N,N,V,0.8349,False,0.006835995,0.12360009,0.8349,0.027192252,0.007471572
104,66,106625,f,Q,Q,V,0.83580595,False,0.005009912,0.098538965,0.83580595,0.042409755,0.01823547
104,66,106898,f,Q,Q,V,0.5344133,False,0.0069497717,0.28231716,0.5344133,0.13829109,0.038028788
104,66,107175,N,N,N,V,0.44881544,False,0.0072086817,0.40873286,0.44881544,0.11291321,0.022329941
104,66,107473,f,Q,Q,S,0.5409127,False,0.007164056,0.5409127,0.37328395,0.05873415,0.019905105
104,66,107764,f,Q,Q,S,0.57263803,False,0.007149311,0.57263803,0.34845346,0.054339293,0.01741991
104,66,108057,N,N,N,V,0.52996916,False,0.008650374,0.4041109,0.52996916,0.045401532,0.011868037
104,66,108362,f,Q,Q,S,0.6250732,False,0.0061031794,0.6250732,0.283924,0.06676477,0.01813483
104,66,108665,f,Q,Q,S,0.55071217,False,0.010524401,0.55071217,0.34195116,0.06472791,0.03208443
104,66,108943,f,Q,Q,S,0.5228702,False,0.023727793,0.5228702,0.3928946,0.039393604,0.02111383
104,66,109223,f,Q,Q,S,0.4601882,False,0.0076467386,0.4601882,0.41789007,0.08609247,0.028182432
104,66,109516,f,Q,Q,V,0.48981375,False,0.007668683,0.423168,0.48981375,0.06316812,0.01618143
104,66,109809,f,Q,Q,S,0.6173125,False,0.009370276,0.6173125,0.2989629,0.05630445,0.018049898
104,66,110106,f,Q,Q,S,0.8788791,False,0.008689314,0.8788791,0.072990745,0.03145642,0.007984439
104,66,110398,f,Q,Q,S,0.86188805,False,0.0074070306,0.86188805,0.08737045,0.03382934,0.009505212
104,66,110702,f,Q,Q,S,0.7783229,False,0.012997085,0.7783229,0.1489967,0.042461786,0.01722165
104,66,110997,f,Q,Q,S,0.7024002,False,0.017967748,0.7024002,0.21820614,0.047840662,0.013585285
104,66,111269,Q,Q,Q,S,0.8100093,False,0.014736368,0.8100093,0.13469885,0.03072763,0.009827765
104,66,111566,Q,Q,Q,S,0.91118956,False,0.009149085,0.91118956,0.052718796,0.021794839,0.005147673
104,66,111856,Q,Q,Q,S,0.8958705,False,0.008554869,0.8958705,0.061172623,0.030473439,0.003928601
104,66,112150,Q,Q,Q,S,0.92117095,False,0.007538272,0.92117095,0.033742767,0.034126803,0.0034212677
104,66,112456,f,Q,Q,S,0.93322766,False,0.009643475,0.93322766,0.035567846,0.018061055,0.0035000509
104,66,112756,f,Q,Q,S,0.93405473,False,0.008604222,0.93405473,0.03203669,0.021434668,0.0038696479
104,66,113047,f,Q,Q,S,0.93120456,False,0.009551365,0.93120456,0.036941167,0.018835373,0.0034676169
104,66,113327,Q,Q,Q,S,0.930623,False,0.007473694,0.930623,0.030695867,0.026916618,0.0042906315
104,66,113612,Q,Q,Q,S,0.9393129,False,0.008801004,0.9393129,0.030596718,0.017706549,0.003582822
104,66,113908,Q,Q,Q,S,0.9219963,False,0.008748411,0.9219963,0.035950072,0.029820433,0.0034847446
104,66,114196,Q,Q,Q,S,0.8791321,False,0.0125015,0.8791321,0.07602443,0.025728457,0.006613586
104,66,114505,Q,Q,Q,S,0.8430645,False,0.0066588037,0.8430645,0.09083866,0.05246052,0.006977605
104,66,114816,Q,Q,Q,S,0.5033167,False,0.01610474,0.5033167,0.41207752,0.05388913,0.014611919
104,66,115121,Q,Q,Q,S,0.7484776,False,0.020811869,0.7484776,0.18280369,0.035658896,0.012247978
104,66,115405,Q,Q,Q,S,0.7472763,False,0.029828494,0.7472763,0.1640974,0.03249779,0.026300017
104,66,115658,Q,Q,Q,S,0.7807354,False,0.046493597,0.7807354,0.1340515,0.02817324,0.010546287
104,66,115955,f,Q,Q,S,0.8162097,False,0.0149657,0.8162097,0.10241302,0.05230051,0.014111064
104,66,116246,/,Q,Q,S,0.4954101,False,0.0109721245,0.4954101,0.31434697,0.10815446,0.07111627
104,66,116567,/,Q,Q,V,0.6546335,False,0.04612324,0.23118947,0.6546335,0.032167677,0.035886124
104,66,116840,/,Q,Q,V,0.46718508,False,0.016737705,0.3374535,0.46718508,0.12398107,0.054642666
104,66,117144,/,Q,Q,F,0.5029341,False,0.011832575,0.3331831,0.12976764,0.5029341,0.022282569
104,66,117433,/,Q,Q,F,0.5880929,False,0.012920646,0.18429916,0.08371415,0.5880929,0.13097316
104,66,117710,/,Q,Q,S,0.3400473,False,0.05542914,0.3400473,0.11350785,0.25154606,0.23946966
104,66,117999,/,Q,Q,Q,0.5912585,True,0.020745171,0.10814872,0.1588679,0.120979704,0.5912585
104,66,118291,/,Q,Q,Q,0.7365314,True,0.01860089,0.0653774,0.09594813,0.0835422,0.7365314
104,66,118582,/,Q,Q,Q,0.493407,True,0.019051101,0.066810414,0.13319132,0.28754014,0.493407
104,66,118898,/,Q,Q,V,0.566727,False,0.008414375,0.08439253,0.566727,0.23902637,0.10143982
104,66,119185,/,Q,Q,F,0.32138413,False,0.008443154,0.08042224,0.3060524,0.32138413,0.2836981
104,66,119487,/,Q,Q,F,0.43035033,False,0.010149657,0.08081041,0.31138343,0.43035033,0.16730624
104,66,119763,/,Q,Q,V,0.4162701,False,0.0054269205,0.1224704,0.4162701,0.29702485,0.15880765
104,66,120047,/,Q,Q,Q,0.55461204,True,0.009087645,0.0626629,0.11004595,0.26359147,0.55461204
104,66,120341,/,Q,Q,Q,0.85734504,True,0.009013976,0.020341422,0.045259055,0.0680405,0.85734504
104,66,120627,/,Q,Q,Q,0.8274003,True,0.009976603,0.017689306,0.030406542,0.11452728,0.8274003
104,66,120925,/,Q,Q,Q,0.88391,True,0.009079725,0.009951449,0.02390875,0.073150076,0.88391
104,66,121228,/,Q,Q,Q,0.9179482,True,0.010002006,0.005845195,0.020887481,0.045317102,0.9179482
104,66,121530,/,Q,Q,Q,0.94913083,True,0.008050909,0.004333062,0.011722392,0.026762854,0.94913083
104,66,121816,/,Q,Q,Q,0.9568647,True,0.007895632,0.0040173098,0.010489613,0.020732712,0.9568647
104,66,122092,/,Q,Q,Q,0.9455646,True,0.008676732,0.0048217075,0.0149671845,0.025969714,0.9455646
104,66,122387,/,Q,Q,Q,0.93738145,True,0.008365233,0.0057171504,0.017740028,0.030796135,0.93738145
104,66,122676,/,Q,Q,Q,0.79890305,True,0.011591535,0.015189639,0.05326504,0.12105073,0.79890305
104,66,122965,/,Q,Q,Q,0.8408325,True,0.009307637,0.011398697,0.03196673,0.10649447,0.8408325
104,66,123264,/,Q,Q,Q,0.92039186,True,0.008475238,0.00643055,0.015062558,0.049639825,0.92039186
104,66,123571,/,Q,Q,Q,0.8682472,True,0.011864691,0.010085222,0.017139588,0.09266326,0.8682472
104,66,123865,/,Q,Q,Q,0.8847369,True,0.010732953,0.009247784,0.01757596,0.077706374,0.8847369
104,66,124145,/,Q,Q,Q,0.9048804,True,0.00938772,0.0071338704,0.0239326,0.05466543,0.9048804
104,66,124435,/,Q,Q,Q,0.8905979,True,0.00937992,0.008834438,0.017859982,0.073327765,0.8905979
104,66,124722,/,Q,Q,Q,0.8682405,True,0.010579366,0.009279629,0.021468284,0.090432234,0.8682405
104,66,125012,/,Q,Q,Q,0.91390103,True,0.009531439,0.006223743,0.016122254,0.054221474,0.91390103
104,66,125315,/,Q,Q,Q,0.905637,True,0.008906858,0.0069292556,0.019242395,0.059284426,0.905637
104,66,125615,/,Q,Q,Q,0.8579158,True,0.010026326,0.009850227,0.026900534,0.095307134,0.8579158
104,66,125918,/,Q,Q,Q,0.8721622,True,0.009092139,0.009125079,0.029342163,0.080278374,0.8721622
104,66,126199,/,Q,Q,Q,0.86027724,True,0.009665257,0.009637,0.036831673,0.08358888,0.86027724
104,66,126480,/,Q,Q,Q,0.89658856,True,0.008232998,0.007993718,0.025573615,0.061611164,0.89658856
104,66,126773,/,Q,Q,Q,0.83553314,True,0.008937977,0.0110605415,0.05037002,0.09409838,0.83553314
104,66,127060,/,Q,Q,Q,0.77574205,True,0.0084565,0.013648471,0.057514865,0.14463808,0.77574205
104,66,127354,/,Q,Q,Q,0.901955,True,0.008409479,0.0069203745,0.021244584,0.061470583,0.901955
104,66,127657,/,Q,Q,Q,0.9401989,True,0.008642916,0.0047452734,0.011261805,0.035151053,0.9401989
104,66,127965,/,Q,Q,Q,0.9234907,True,0.008875814,0.006307754,0.013917708,0.047408074,0.9234907
104,66,128251,f,Q,Q,Q,0.9422964,True,0.008584489,0.0043904176,0.014282671,0.030446054,0.9422964
104,66,128528,f,Q,Q,Q,0.9541325,True,0.008935856,0.004409485,0.011703962,0.020818233,0.9541325
104,66,128838,f,Q,Q,Q,0.6182245,True,0.014483711,0.054020103,0.10429798,0.20897374,0.6182245
104,66,129106,f,Q,Q,V,0.5549713,False,0.009949461,0.096079126,0.5549713,0.11996563,0.21903452
104,66,129379,N,N,N,V,0.89919776,False,0.0043289056,0.03541008,0.89919776,0.033053037,0.028010214
104,66,129666,N,N,N,V,0.89752907,False,0.004903939,0.061116833,0.89752907,0.024219895,0.012230316
104,66,129950,N,N,N,V,0.9020149,False,0.004256806,0.06376601,0.9020149,0.021935701,0.00802659
104,66,130236,N,N,N,V,0.9103125,False,0.003961653,0.059123497,0.9103125,0.019359019,0.0072432924
104,66,130502,N,N,N,V,0.8685415,False,0.00606759,0.09231012,0.8685415,0.023330517,0.009750385
104,66,130770,N,N,N,V,0.8587137,False,0.0051554986,0.09998321,0.8587137,0.026849763,0.00929785
104,66,131056,N,N,N,V,0.9100943,False,0.0044711027,0.057011276,0.9100943,0.019812029,0.00861126
104,66,131330,N,N,N,V,0.92524695,False,0.0038313146,0.0461299,0.92524695,0.017473647,0.0073181777
104,66,131611,N,N,N,V,0.93101615,False,0.0037619355,0.04229142,0.93101615,0.01590268,0.007027886
104,66,131901,N,N,N,V,0.92332053,False,0.003817246,0.048946917,0.92332053,0.016956111,0.006959191
104,66,132201,N,N,N,V,0.91026056,False,0.0039898516,0.06093424,0.91026056,0.017795902,0.00701947
104,66,132487,N,N,N,V,0.8935522,False,0.004542142,0.07069206,0.8935522,0.022988982,0.008224588
104,66,132761,N,N,N,V,0.7849916,False,0.006613719,0.16379604,0.7849916,0.034387782,0.010210903
104,66,133047,N,N,N,V,0.87634313,False,0.0044621285,0.08666721,0.87634313,0.024502935,0.008024669
104,66,133334,N,N,N,V,0.92200255,False,0.0036114212,0.049511284,0.92200255,0.018185437,0.0066892393
104,66,133623,f,Q,Q,V,0.84709513,False,0.0038757068,0.09769402,0.84709513,0.03479142,0.01654371
104,66,133918,N,N,N,V,0.9251699,False,0.0029132536,0.044885945,0.9251699,0.018855046,0.0081758
104,66,134218,N,N,N,V,0.84713817,False,0.004548241,0.11075829,0.84713817,0.02877329,0.008782018
104,66,134526,f,Q,Q,V,0.7841422,False,0.00446867,0.16726886,0.7841422,0.03235827,0.01176202
104,66,134807,f,Q,Q,V,0.5314449,False,0.0074993353,0.3969457,0.5314449,0.042834144,0.0212759
104,66,135087,f,Q,Q,S,0.4889809,False,0.0064419657,0.4889809,0.43570298,0.05133187,0.017542398
104,66,135386,f,Q,Q,V,0.46641478,False,0.0054874024,0.39776677,0.46641478,0.09835473,0.031976305
104,66,135677,f,Q,Q,V,0.49326327,False,0.004757412,0.38816792,0.49326327,0.08774317,0.026068255
104,66,135976,f,Q,Q,S,0.39723268,False,0.0034808768,0.39723268,0.3588979,0.2119214,0.028467154
104,66,136284,f,Q,Q,S,0.43633765,False,0.0038127468,0.43633765,0.28773233,0.24055,0.03156724
104,66,136586,f,Q,Q,S,0.58177876,False,0.0045002555,0.58177876,0.27491578,0.12191193,0.016893292
104,66,136880,f,Q,Q,S,0.75855917,False,0.012244362,0.75855917,0.15405352,0.04579282,0.029349988
104,66,137159,f,Q,Q,S,0.759469,False,0.021530304,0.759469,0.14987144,0.029704057,0.039425284
104,66,137458,f,Q,Q,V,0.6457277,False,0.017339466,0.28548932,0.6457277,0.024807317,0.026636219
104,66,137746,f,Q,Q,V,0.7057668,False,0.032556523,0.18408874,0.7057668,0.013418179,0.0641697
104,66,138037,f,Q,Q,V,0.68141085,False,0.07226716,0.17012979,0.68141085,0.010401552,0.0657906
104,66,138306,f,Q,Q,Q,0.47121155,True,0.05419493,0.109414,0.34898636,0.016193233,0.47121155
104,66,138611,f,Q,Q,Q,0.8844404,True,0.020620482,0.024539292,0.05817912,0.012220721,0.8844404
104,66,138909,f,Q,Q,Q,0.9550737,True,0.009234694,0.0064008012,0.015996924,0.013293849,0.9550737
104,66,139189,f,Q,Q,Q,0.96567166,True,0.00787897,0.0038585463,0.010852021,0.011738764,0.96567166
104,66,139477,f,Q,Q,Q,0.9681672,True,0.007965574,0.003412827,0.00941602,0.01103842,0.9681672
104,66,139767,f,Q,Q,Q,0.96531785,True,0.009197609,0.003379522,0.010771132,0.011333959,0.96531785
104,66,140053,f,Q,Q,Q,0.97002953,True,0.008043368,0.0030321518,0.008287593,0.010607288,0.97002953
104,66,140354,f,Q,Q,Q,0.968747,True,0.008121688,0.0033460294,0.009048413,0.010736819,0.968747
104,66,140656,f,Q,Q,Q,0.9603367,True,0.010151251,0.0052031437,0.009148722,0.015160276,0.9603367
104,66,140960,f,Q,Q,Q,0.95659965,True,0.009868166,0.0062663397,0.0096559385,0.017609894,0.95659965
104,66,141269,f,Q,Q,Q,0.9028838,True,0.02890859,0.009693418,0.04282941,0.01568477,0.9028838
104,66,141546,f,Q,Q,Q,0.9110346,True,0.023460217,0.007968469,0.04616991,0.011366789,0.9110346
104,66,141833,f,Q,Q,Q,0.9285647,True,0.024119113,0.00751127,0.026171159,0.01363377,0.9285647
104,66,142113,f,Q,Q,Q,0.5859343,True,0.022023031,0.055638194,0.21630514,0.12009932,0.5859343
104,66,142398,f,Q,Q,V,0.7157304,False,0.008487229,0.07738077,0.7157304,0.0910803,0.10732128
104,66,142695,f,Q,Q,V,0.8496791,False,0.0040215477,0.07399218,0.8496791,0.044415083,0.02789209
104,66,143002,f,Q,Q,V,0.83561033,False,0.0033610014,0.09642796,0.83561033,0.047963776,0.016636861
104,66,143291,f,Q,Q,V,0.8640211,False,0.00294875,0.08721435,0.8640211,0.031881616,0.013934225
104,66,143562,f,Q,Q,V,0.8337461,False,0.0029295904,0.10249644,0.8337461,0.043196805,0.017631058
104,66,143856,f,Q,Q,V,0.8355737,False,0.0033079218,0.09664174,0.8355737,0.05311814,0.01135848
104,66,144143,f,Q,Q,V,0.7121046,False,0.0034854796,0.19829914,0.7121046,0.07037099,0.01573975
104,66,144433,f,Q,Q,V,0.7849633,False,0.003229853,0.15610966,0.7849633,0.04129075,0.014406374
104,66,144733,f,Q,Q,V,0.7883214,False,0.0031873942,0.1522715,0.7883214,0.04002688,0.016192855
104,66,145047,f,Q,Q,V,0.7066015,False,0.0039269,0.21693036,0.7066015,0.055659145,0.016882094
104,66,145347,f,Q,Q,V,0.7285739,False,0.003632673,0.19934265,0.7285739,0.051627226,0.01682355
104,66,145635,f,Q,Q,V,0.5556153,False,0.0034734518,0.32673094,0.5556153,0.09629692,0.017883383
104,66,145937,f,Q,Q,V,0.7369411,False,0.014795753,0.16577302,0.7369411,0.023538254,0.058951937
104,66,146197,f,Q,Q,Q,0.301201,True,0.040981717,0.2707706,0.29336908,0.09367759,0.301201
104,66,146484,f,Q,Q,Q,0.7561074,True,0.021591207,0.066203915,0.11602638,0.040071037,0.7561074
104,66,146784,f,Q,Q,Q,0.9112167,True,0.011266385,0.016449772,0.043500952,0.017566167,0.9112167
104,66,147086,/,Q,Q,Q,0.90827733,True,0.0071010785,0.013072726,0.029174782,0.04237404,0.90827733
104,66,147392,/,Q,Q,Q,0.93218595,True,0.0071870876,0.007516392,0.01889284,0.03421769,0.93218595
104,66,147677,/,Q,Q,Q,0.92028445,True,0.00809326,0.0073176785,0.027049288,0.03725528,0.92028445
104,66,147959,/,Q,Q,Q,0.9516167,True,0.007514952,0.0047625615,0.012287207,0.023818595,0.9516167
104,66,148250,/,Q,Q,Q,0.9331202,True,0.008613817,0.005996383,0.018065834,0.034203704,0.9331202
104,66,148533,/,Q,Q,Q,0.92883605,True,0.008297603,0.0063884403,0.023864716,0.03261321,0.92883605
104,66,148826,/,Q,Q,Q,0.94379294,True,0.008558968,0.0055298177,0.011255944,0.030862313,0.94379294
104,66,149129,/,Q,Q,Q,0.9405445,True,0.009096959,0.005478482,0.011221242,0.033658862,0.9405445
104,66,149437,/,Q,Q,Q,0.9333038,True,0.009292524,0.0055311974,0.014582356,0.03729019,0.9333038
104,66,149726,/,Q,Q,Q,0.92891556,True,0.0086395675,0.005661692,0.02146306,0.035320133,0.92891556
104,66,150005,/,Q,Q,Q,0.9345415,True,0.009055844,0.0061346414,0.015880948,0.034387123,0.9345415
104,66,150301,/,Q,Q,Q,0.8720554,True,0.009612857,0.009654445,0.050632447,0.058044855,0.8720554
104,66,150585,/,Q,Q,Q,0.8740721,True,0.008739687,0.009174307,0.053648785,0.054365132,0.8740721
104,66,150869,/,Q,Q,Q,0.88061035,True,0.008566416,0.009215471,0.03943413,0.062173653,0.88061035
104,66,151166,/,Q,Q,Q,0.91270405,True,0.008076552,0.006979063,0.020078829,0.052161552,0.91270405
104,66,151476,/,Q,Q,Q,0.9158736,True,0.008554434,0.006972504,0.015945965,0.052653536,0.9158736
104,66,151739,N,N,N,V,0.5035084,False,0.018384764,0.033711888,0.5035084,0.1270715,0.31732342
104,66,151994,N,N,N,V,0.6380062,False,0.017699499,0.14208157,0.6380062,0.0746491,0.12756363
104,66,152286,f,Q,Q,V,0.75632924,False,0.005142947,0.15781021,0.75632924,0.04298114,0.03773647
104,66,152576,f,Q,Q,V,0.7909905,False,0.0040513696,0.1399439,0.7909905,0.04121139,0.02380282
104,66,152862,f,Q,Q,V,0.8236988,False,0.0037486602,0.12673117,0.8236988,0.029732319,0.016089046
104,66,153156,f,Q,Q,V,0.57631433,False,0.005428269,0.35769233,0.57631433,0.046152357,0.014412691
104,66,153456,f,Q,Q,V,0.66178787,False,0.0039466424,0.262656,0.66178787,0.05424277,0.01736676
104,66,153765,f,Q,Q,V,0.5933903,False,0.004291085,0.3325847,0.5933903,0.05393036,0.015803553
104,66,154062,f,Q,Q,V,0.6649165,False,0.004137117,0.2328272,0.6649165,0.07392,0.024199137
104,66,154348,f,Q,Q,V,0.70382553,False,0.003197244,0.19929264,0.70382553,0.07577162,0.01791291
104,66,154644,f,Q,Q,V,0.52154887,False,0.0033128874,0.3546841,0.52154887,0.102200426,0.018253667
104,66,154935,f,Q,Q,V,0.40493178,False,0.026095737,0.32812107,0.40493178,0.053535167,0.18731625
104,66,155201,f,Q,Q,S,0.33545068,False,0.028438259,0.33545068,0.17304434,0.1356182,0.3274485
104,66,155500,f,Q,Q,Q,0.8409521,True,0.019737259,0.03730678,0.0805398,0.021464061,0.8409521
104,66,155813,f,Q,Q,Q,0.9467768,True,0.009201854,0.009787068,0.0154489195,0.018785333,0.9467768
104,66,156113,/,Q,Q,Q,0.95770675,True,0.0074654873,0.0055077723,0.010394598,0.018925339,0.95770675
104,66,156392,/,Q,Q,Q,0.9626324,True,0.00791277,0.004205925,0.00916009,0.016088782,0.9626324
104,66,156687,/,Q,Q,Q,0.9193251,True,0.009720505,0.0075796205,0.02679501,0.036579736,0.9193251
104,66,156971,/,Q,Q,Q,0.8680538,True,0.009879297,0.010342375,0.055622578,0.056101944,0.8680538
104,66,157250,/,Q,Q,Q,0.9195855,True,0.008314825,0.007386167,0.025581738,0.039131816,0.9195855
104,66,157546,/,Q,Q,Q,0.93780607,True,0.008524297,0.0060808174,0.013839039,0.0337498,0.93780607
104,66,157850,/,Q,Q,Q,0.94109,True,0.00936339,0.00569205,0.010191274,0.03366326,0.94109
104,66,158152,/,Q,Q,Q,0.90144354,True,0.010556078,0.008018866,0.025912689,0.054068856,0.90144354
104,66,158439,/,Q,Q,Q,0.82435036,True,0.011073367,0.009784389,0.06414193,0.09064997,0.82435036
104,66,158700,N,N,N,V,0.64381313,False,0.013998874,0.027574884,0.64381313,0.09809437,0.21651882
104,66,158986,N,N,N,V,0.85085464,False,0.007947244,0.040301047,0.85085464,0.046463594,0.054433506
104,66,159278,f,Q,Q,V,0.9001963,False,0.0047577457,0.041292075,0.9001963,0.026970202,0.026783591
104,66,159587,f,Q,Q,V,0.6548576,False,0.003577604,0.18373325,0.6548576,0.12905164,0.02877994
104,66,159903,f,Q,Q,V,0.82645136,False,0.0076503386,0.102001406,0.82645136,0.021342443,0.042554475
104,66,160188,f,Q,Q,V,0.4465672,False,0.028085567,0.25642952,0.4465672,0.11210418,0.15681344
104,66,160478,f,Q,Q,Q,0.5735886,True,0.018544497,0.073163934,0.2976424,0.037060574,0.5735886
104,66,160760,/,Q,Q,Q,0.61799777,True,0.007849564,0.0663875,0.2312497,0.07651542,0.61799777
104,66,161052,/,Q,Q,Q,0.7770377,True,0.0061272727,0.032398902,0.10810169,0.076334506,0.7770377
104,66,161335,/,Q,Q,Q,0.86932003,True,0.00613234,0.016417747,0.05930823,0.048821613,0.86932003
104,66,161618,/,Q,Q,Q,0.92613596,True,0.0068087354,0.010091706,0.016164038,0.040799562,0.92613596
104,66,161917,/,Q,Q,Q,0.9204845,True,0.00919507,0.007828431,0.015216961,0.0472751,0.9204845
104,66,162226,/,Q,Q,Q,0.9128136,True,0.010291982,0.007324713,0.01541514,0.05415463,0.9128136
104,66,162527,/,Q,Q,Q,0.9316776,True,0.008707359,0.005959325,0.013202491,0.04045321,0.9316776
104,66,162809,/,Q,Q,Q,0.9175404,True,0.00829282,0.0064959284,0.023198294,0.044472635,0.9175404
104,66,163101,/,Q,Q,Q,0.83495855,True,0.011001405,0.010432792,0.040827,0.10278026,0.83495855
104,66,163390,/,Q,Q,Q,0.8394087,True,0.010345453,0.009554576,0.041362084,0.09932918,0.8394087
104,66,163671,/,Q,Q,Q,0.877869,True,0.008737296,0.0077018538,0.035817955,0.06987387,0.877869
104,66,163930,f,Q,Q,V,0.52071685,False,0.017401231,0.030944152,0.52071685,0.16648118,0.2644566
104,66,164223,N,N,N,V,0.5686917,False,0.010233317,0.18307629,0.5686917,0.1488012,0.08919745
104,66,164538,f,Q,Q,V,0.8227965,False,0.0035235162,0.10179483,0.8227965,0.045462057,0.026423035
104,66,164830,f,Q,Q,V,0.8513267,False,0.0032098824,0.07304825,0.8513267,0.046779517,0.025635676
104,66,165116,f,Q,Q,V,0.8133979,False,0.0032769556,0.10866743,0.8133979,0.05451947,0.020138305
104,66,165413,f,Q,Q,V,0.84367156,False,0.003030544,0.09617401,0.84367156,0.041218746,0.015905129
104,66,165702,f,Q,Q,V,0.6419338,False,0.014279976,0.20098962,0.6419338,0.050178993,0.09261755
104,66,165972,f,Q,Q,V,0.42189205,False,0.039303817,0.25761575,0.42189205,0.06294582,0.21824253
104,66,166271,f,Q,Q,S,0.39328066,False,0.040103626,0.39328066,0.1870922,0.21288669,0.16663682
104,66,166581,f,Q,Q,Q,0.8736917,True,0.016830755,0.027367344,0.04873451,0.033375714,0.8736917
104,66,166881,/,Q,Q,Q,0.9030704,True,0.010073565,0.013966946,0.043028057,0.029861065,0.9030704
104,66,167160,/,Q,Q,Q,0.9436756,True,0.006811806,0.00759034,0.014032004,0.027890261,0.9436756
104,66,167455,/,Q,Q,Q,0.94596976,True,0.007974692,0.00533223,0.012596575,0.028126715,0.94596976
104,66,167740,/,Q,Q,Q,0.9177813,True,0.008783722,0.007123971,0.024309965,0.04200109,0.9177813
104,66,168020,/,Q,Q,Q,0.91207814,True,0.008309168,0.0072441963,0.027398482,0.044970028,0.91207814
104,66,168315,/,Q,Q,Q,0.9391308,True,0.0075512417,0.005858396,0.0141283525,0.033331256,0.9391308
104,66,168621,/,Q,Q,Q,0.9412048,True,0.009355294,0.0056796917,0.009432233,0.034328047,0.9412048
104,66,168923,/,Q,Q,Q,0.8979951,True,0.010531337,0.0076080374,0.025031246,0.05883422,0.8979951
104,66,169211,/,Q,Q,Q,0.8907377,True,0.0091497945,0.008410533,0.029257808,0.062444173,0.8907377
104,66,169499,/,Q,Q,Q,0.9313998,True,0.008715367,0.00598422,0.012499036,0.041401517,0.9313998
104,66,169785,/,Q,Q,Q,0.9244859,True,0.008831805,0.0065209987,0.018065201,0.04209609,0.9244859
104,66,170066,/,Q,Q,Q,0.9309631,True,0.008553249,0.006337942,0.014567608,0.039578024,0.9309631
104,66,170361,/,Q,Q,Q,0.91424763,True,0.009354951,0.0065742666,0.021654788,0.048168365,0.91424763
104,66,170628,N,N,N,V,0.51597,False,0.019010324,0.0240414,0.51597,0.114630796,0.32634756
104,66,170911,N,N,N,V,0.8502939,False,0.0069176205,0.033215612,0.8502939,0.049911708,0.059661213
104,66,171215,f,Q,Q,V,0.87330335,False,0.004423209,0.05786328,0.87330335,0.035197195,0.029212898
104,66,171499,f,Q,Q,V,0.8829266,False,0.003825076,0.0606556,0.8829266,0.031624045,0.020968735
104,66,171791,f,Q,Q,V,0.8289312,False,0.0042325733,0.12014084,0.8289312,0.029491272,0.017204115
104,66,172071,f,Q,Q,V,0.8335255,False,0.0035421026,0.10854213,0.8335255,0.035930973,0.018459206
104,66,172355,f,Q,Q,V,0.845287,False,0.0032269307,0.09440115,0.845287,0.03898651,0.018098392
104,66,172652,f,Q,Q,V,0.7804125,False,0.003182492,0.13750185,0.7804125,0.060648236,0.018254906
104,66,172962,f,Q,Q,V,0.72492594,False,0.003083454,0.17697595,0.72492594,0.074603446,0.020411177
104,66,173264,f,Q,Q,V,0.74532264,False,0.0027693294,0.14320752,0.74532264,0.08600072,0.022699753
104,66,173561,f,Q,Q,V,0.48957002,False,0.017768249,0.16353334,0.48957002,0.05108888,0.27803954
104,66,173855,f,Q,Q,Q,0.5322592,True,0.029120108,0.16135162,0.2449587,0.032310404,0.5322592
104,66,174145,f,Q,Q,Q,0.5539538,True,0.05781956,0.059112146,0.31763354,0.01148097,0.5539538
104,66,174397,f,Q,Q,Q,0.6622213,True,0.03034961,0.058170654,0.22979967,0.019458689,0.6622213
104,66,174691,/,Q,Q,Q,0.82364696,True,0.010947039,0.027410937,0.11209183,0.025903216,0.82364696
104,66,174995,/,Q,Q,Q,0.89387494,True,0.008817077,0.012594042,0.04291539,0.041798577,0.89387494
104,66,175302,/,Q,Q,Q,0.9442959,True,0.00739842,0.0052404627,0.016598422,0.02646685,0.9442959
104,66,175592,/,Q,Q,Q,0.87464625,True,0.008919715,0.009463162,0.047186088,0.05978476,0.87464625
104,66,175880,/,Q,Q,Q,0.8892057,True,0.00773694,0.008794208,0.029343838,0.064919405,0.8892057
104,66,176168,/,Q,Q,Q,0.9254574,True,0.0075584217,0.006458232,0.019354641,0.041171312,0.9254574
104,66,176447,/,Q,Q,Q,0.9414844,True,0.0077427477,0.0059219506,0.012091308,0.032759573,0.9414844
104,66,176738,/,Q,Q,Q,0.93149674,True,0.008747097,0.006403243,0.014524146,0.038828764,0.93149674
104,66,177038,/,Q,Q,Q,0.9198985,True,0.009614658,0.0073749777,0.01381991,0.04929187,0.9198985
104,66,177347,/,Q,Q,Q,0.9198743,True,0.008500853,0.00625275,0.021713614,0.043658517,0.9198743
104,66,177641,/,Q,Q,Q,0.9024534,True,0.008341102,0.0069176476,0.03456186,0.04772599,0.9024534
104,66,177925,/,Q,Q,Q,0.8506026,True,0.008866788,0.008883644,0.05485109,0.07679584,0.8506026
104,66,178185,N,N,N,V,0.56871635,False,0.01434048,0.027383195,0.56871635,0.13789937,0.25166062
104,66,178462,N,N,N,V,0.7861776,False,0.008725585,0.06687056,0.7861776,0.07579342,0.06243288
104,66,178741,f,Q,Q,V,0.86341465,False,0.0038601493,0.059480775,0.86341465,0.041762494,0.031482015
104,66,179042,f,Q,Q,V,0.8703288,False,0.0032881072,0.084390216,0.8703288,0.0274226,0.014570267
104,66,179357,f,Q,Q,V,0.8000897,False,0.00315538,0.12529111,0.8000897,0.05489711,0.016566671
104,66,179667,f,Q,Q,V,0.56888014,False,0.0029653623,0.2758396,0.56888014,0.13185087,0.020464007
104,66,179955,f,Q,Q,V,0.4950588,False,0.0032612567,0.3518787,0.4950588,0.12688023,0.022920951
104,66,180258,f,Q,Q,V,0.5877568,False,0.01611463,0.21307537,0.5877568,0.04013802,0.1429151
104,66,180522,f,Q,Q,Q,0.59353256,True,0.029164823,0.1329859,0.18977627,0.054540455,0.59353256
104,66,180799,f,Q,Q,Q,0.86335236,True,0.011791167,0.026847724,0.07904944,0.018959345,0.86335236
104,66,181091,/,Q,Q,Q,0.8922841,True,0.00698646,0.0190735,0.051024515,0.030631468,0.8922841
104,66,181391,/,Q,Q,Q,0.93235534,True,0.0068175434,0.009856401,0.016947258,0.03402351,0.93235534
104,66,181696,/,Q,Q,Q,0.8120704,True,0.010739508,0.015432493,0.04916565,0.11259192,0.8120704
104,66,182017,/,Q,Q,Q,0.5453983,True,0.08847558,0.027912341,0.2835675,0.054646324,0.5453983
104,66,182278,/,Q,Q,Q,0.8818708,True,0.01574844,0.0081726955,0.0563104,0.037897713,0.8818708
104,66,182565,/,Q,Q,Q,0.90076345,True,0.011464942,0.0065390687,0.042148408,0.039084107,0.90076345
104,66,182844,/,Q,Q,Q,0.7566018,True,0.0129479915,0.011023608,0.108946934,0.110479645,0.7566018
104,66,183131,/,Q,Q,Q,0.84458745,True,0.011509019,0.007943386,0.045214385,0.090745755,0.84458745
104,66,183430,/,Q,Q,Q,0.8817564,True,0.010158347,0.0064800726,0.029098442,0.072506756,0.8817564
104,66,183740,/,Q,Q,Q,0.9019835,True,0.0099293105,0.0066471975,0.01826953,0.063170515,0.9019835
104,66,184006,N,N,N,V,0.47839922,False,0.019784484,0.026245387,0.47839922,0.15487139,0.32069948
104,66,184280,N,N,N,V,0.7208001,False,0.010596828,0.06872162,0.7208001,0.12177758,0.07810391
104,66,184586,f,Q,Q,V,0.8085523,False,0.004845964,0.1131014,0.8085523,0.046043348,0.027457003
104,66,184873,f,Q,Q,V,0.7978731,False,0.0035710835,0.11559078,0.7978731,0.05256326,0.030401755
104,66,185159,f,Q,Q,V,0.7571228,False,0.0034777212,0.17009851,0.7571228,0.052063588,0.017237352
104,66,185452,f,Q,Q,V,0.53855723,False,0.015097319,0.24180792,0.53855723,0.061808,0.14272948
104,66,185770,f,Q,Q,V,0.7186224,False,0.027902791,0.12093219,0.7186224,0.014057355,0.11848528
104,66,186047,f,Q,Q,Q,0.55770993,True,0.03678442,0.112814285,0.24927263,0.043418765,0.55770993
104,66,186340,f,Q,Q,Q,0.8393601,True,0.015175934,0.031375844,0.09781803,0.016270036,0.8393601
104,66,186634,/,Q,Q,Q,0.9392926,True,0.0075361175,0.010909074,0.018040081,0.024222156,0.9392926
104,66,186920,/,Q,Q,Q,0.9041566,True,0.008343631,0.012059801,0.02116206,0.054277923,0.9041566
104,66,187199,/,Q,Q,Q,0.94654626,True,0.008020171,0.005546259,0.012195507,0.027691828,0.94654626
104,66,187489,/,Q,Q,Q,0.9558032,True,0.007704949,0.0045977673,0.011285288,0.020608785,0.9558032
104,66,187787,/,Q,Q,Q,0.9505953,True,0.008599559,0.0051580425,0.010895314,0.024751747,0.9505953
104,66,188094,/,Q,Q,Q,0.8862002,True,0.009454839,0.009067919,0.04897321,0.046303887,0.8862002
104,66,188389,/,Q,Q,Q,0.9027298,True,0.0076666377,0.008680718,0.034884837,0.046037987,0.9027298
104,66,188677,/,Q,Q,Q,0.9393391,True,0.007896562,0.005862164,0.013279349,0.033622857,0.9393391
104,66,188969,/,Q,Q,Q,0.9214586,True,0.008394145,0.0066616465,0.027194561,0.036291033,0.9214586
104,66,189246,/,Q,Q,Q,0.7169602,True,0.009969701,0.017621431,0.16614984,0.08929884,0.7169602
104,66,189529,/,Q,Q,Q,0.84778696,True,0.008347777,0.012836536,0.04305596,0.08797272,0.84778696
104,66,189820,f,Q,Q,Q,0.3150562,True,0.009706487,0.072408825,0.29900542,0.30382305,0.3150562
104,66,190077,N,N,N,V,0.8470268,False,0.0036314658,0.03606395,0.8470268,0.06593926,0.047338445
104,66,190388,f,Q,Q,V,0.8579361,False,0.003986145,0.08126314,0.8579361,0.034499757,0.022314873
104,66,190692,f,Q,Q,V,0.8181698,False,0.003627422,0.1164806,0.8181698,0.04638516,0.015337003
104,66,190994,f,Q,Q,V,0.5366226,False,0.003657114,0.33626136,0.5366226,0.103882216,0.019576717
104,66,191283,f,Q,Q,V,0.53486705,False,0.011132545,0.3372518,0.53486705,0.043427065,0.07332147
104,66,191567,f,Q,Q,V,0.57422924,False,0.03596173,0.21512468,0.57422924,0.020300863,0.15438356
104,66,191831,f,Q,Q,V,0.42407113,False,0.033464834,0.25352496,0.42407113,0.04768876,0.24125029
104,66,192132,f,Q,Q,Q,0.7184601,True,0.017734494,0.08725162,0.12049378,0.05605996,0.7184601
104,66,192440,/,Q,Q,Q,0.848947,True,0.009696166,0.034774937,0.0494932,0.057088763,0.848947
104,66,192734,/,Q,Q,Q,0.8788811,True,0.0076710675,0.017359536,0.03843461,0.057653736,0.8788811
104,66,193025,/,Q,Q,Q,0.91666234,True,0.007855278,0.00952248,0.017217765,0.04874217,0.91666234
104,66,193317,/,Q,Q,Q,0.8258241,True,0.009307223,0.01271767,0.08722295,0.06492806,0.8258241
104,66,193592,/,Q,Q,Q,0.8571883,True,0.007868087,0.011686138,0.057009026,0.06624848,0.8571883
104,66,193879,/,Q,Q,Q,0.92437124,True,0.008216644,0.0071247434,0.016300576,0.04398679,0.92437124
104,66,194177,/,Q,Q,Q,0.9346451,True,0.008751997,0.0061236247,0.01199068,0.03848858,0.9346451
104,66,194487,/,Q,Q,Q,0.93006015,True,0.009138451,0.006449718,0.014500992,0.039850682,0.93006015
104,66,194784,/,Q,Q,Q,0.778194,True,0.012163734,0.014546646,0.055108692,0.13998687,0.778194
104,66,195048,N,N,N,V,0.64710504,False,0.013965929,0.032838996,0.64710504,0.11779373,0.18829621
104,66,195345,N,N,N,V,0.8642629,False,0.0059728473,0.043481838,0.8642629,0.04761573,0.038666777
104,66,195641,f,Q,Q,V,0.8604495,False,0.004598246,0.062204935,0.8604495,0.044354513,0.028392794
104,66,195930,f,Q,Q,V,0.8146097,False,0.006509827,0.11841552,0.8146097,0.035299286,0.025165614
104,66,196202,f,Q,Q,V,0.4384107,False,0.019665712,0.19259489,0.4384107,0.10953088,0.23979782
104,66,196509,f,Q,Q,Q,0.8074464,True,0.01563448,0.042051353,0.10594115,0.028926611,0.8074464
104,66,196811,/,Q,Q,Q,0.9010023,True,0.008411682,0.017856212,0.023994405,0.04873542,0.9010023
104,66,197103,/,Q,Q,Q,0.8430349,True,0.007917749,0.017071592,0.05810026,0.07387547,0.8430349
104,66,197400,/,Q,Q,Q,0.9057863,True,0.0072896136,0.010359004,0.020297736,0.056267325,0.9057863
104,66,197685,/,Q,Q,Q,0.93807006,True,0.007308198,0.0060123797,0.018135604,0.030473784,0.93807006
104,66,197962,/,Q,Q,Q,0.93802977,True,0.007880902,0.0059380815,0.01637966,0.031771578,0.93802977
104,66,198251,/,Q,Q,Q,0.8697526,True,0.010441163,0.010067887,0.038306028,0.071432374,0.8697526
104,66,198549,/,Q,Q,Q,0.8561064,True,0.009127095,0.009684026,0.037233274,0.08784928,0.8561064
104,66,198856,/,Q,Q,Q,0.8940734,True,0.00806025,0.0070206276,0.02931086,0.06153481,0.8940734
104,66,199154,/,Q,Q,Q,0.9149318,True,0.007509179,0.006521335,0.02532149,0.04571621,0.9149318
104,66,199415,N,N,N,V,0.49741232,False,0.018928865,0.03312008,0.49741232,0.13075595,0.3197828
104,66,199710,f,Q,Q,V,0.6128504,False,0.009147783,0.042953383,0.6128504,0.15917444,0.17587404
104,66,200000,f,Q,Q,V,0.77162975,False,0.006336632,0.052438762,0.77162975,0.08965095,0.07994394
104,66,200294,f,Q,Q,V,0.76954293,False,0.005834609,0.10317272,0.76954293,0.07367094,0.047778748
104,66,200598,f,Q,Q,V,0.84427947,False,0.018599097,0.060563628,0.84427947,0.014830028,0.061727908
104,66,200882,f,Q,Q,Q,0.7560172,True,0.024914462,0.031584952,0.17056014,0.01692322,0.7560172
104,66,201180,f,Q,Q,Q,0.9339443,True,0.010592552,0.011373289,0.024732519,0.019357353,0.9339443
104,66,201471,/,Q,Q,Q,0.9422074,True,0.007615397,0.007536681,0.014437413,0.028203186,0.9422074
104,66,201771,/,Q,Q,Q,0.91673255,True,0.007598769,0.008545848,0.02701418,0.040108677,0.91673255
104,66,202052,/,Q,Q,Q,0.9232004,True,0.0072086556,0.0070607886,0.029385213,0.033144943,0.9232004
104,66,202325,/,Q,Q,Q,0.9270138,True,0.007966199,0.0068938774,0.02489617,0.03323001,0.9270138
104,66,202613,/,Q,Q,Q,0.88199884,True,0.010391218,0.010093431,0.023173997,0.074342474,0.88199884
104,66,202918,/,Q,Q,Q,0.9012373,True,0.009879199,0.007119203,0.020458229,0.061306022,0.9012373
104,66,203222,/,Q,Q,Q,0.92968714,True,0.008056747,0.0056291977,0.013550302,0.04307656,0.92968714
104,66,203515,/,Q,Q,Q,0.93493426,True,0.007697471,0.0057678833,0.014588912,0.03701148,0.93493426
104,66,203814,/,Q,Q,Q,0.84260863,True,0.011852687,0.011437814,0.022881273,0.11121959,0.84260863
104,66,204078,N,N,N,V,0.50791115,False,0.019073669,0.033209845,0.50791115,0.14913647,0.29066885
104,66,204339,N,N,N,V,0.8173579,False,0.007861165,0.036463648,0.8173579,0.06971222,0.06860501
104,66,204635,f,Q,Q,V,0.84441,False,0.005099675,0.080022864,0.84441,0.042018212,0.028449295
104,66,204949,f,Q,Q,V,0.77316034,False,0.0104458295,0.13974842,0.77316034,0.028063238,0.048582174
104,66,205260,f,Q,Q,V,0.6152043,False,0.028274119,0.089707755,0.6152043,0.017894367,0.24891949
104,66,205532,f,Q,Q,Q,0.5465126,True,0.05405088,0.12909141,0.19976145,0.0705836,0.5465126
104,66,205827,f,Q,Q,Q,0.90532976,True,0.015437533,0.016543832,0.046822395,0.015866522,0.90532976
104,66,206122,/,Q,Q,Q,0.94231164,True,0.0074678,0.008791582,0.019792942,0.021636019,0.94231164
104,66,206400,/,Q,Q,Q,0.9258577,True,0.007298172,0.008540845,0.025964685,0.03233863,0.9258577
104,66,206684,/,Q,Q,Q,0.9297699,True,0.007506505,0.007260655,0.018880676,0.036582302,0.9297699
104,66,206975,/,Q,Q,Q,0.92207247,True,0.009496525,0.006149682,0.018233871,0.044047367,0.92207247
104,66,207283,/,Q,Q,Q,0.94978034,True,0.008249348,0.0045725065,0.009873874,0.027523918,0.94978034
104,66,207584,/,Q,Q,Q,0.94501776,True,0.009501697,0.0051637194,0.010066403,0.030250382,0.94501776
104,66,207874,/,Q,Q,Q,0.89064693,True,0.010418687,0.008426711,0.023313956,0.067193724,0.89064693
104,66,208175,/,Q,Q,Q,0.8914742,True,0.008493709,0.008236411,0.02910191,0.06269377,0.8914742
104,66,208460,/,Q,Q,Q,0.8968817,True,0.008261133,0.007344819,0.038853645,0.048658695,0.8968817
104,66,208731,/,Q,Q,Q,0.71448684,True,0.009272208,0.015190977,0.15249975,0.10855022,0.71448684
104,66,208997,N,N,N,V,0.7324527,False,0.009796337,0.029288825,0.7324527,0.07615887,0.1523032
104,66,209282,N,N,N,V,0.8757174,False,0.005583374,0.04575682,0.8757174,0.03969596,0.033246454
104,66,209598,f,Q,Q,V,0.8729212,False,0.0038205942,0.07923937,0.8729212,0.02856123,0.015457515
104,66,209899,f,Q,Q,V,0.85755676,False,0.003159957,0.08376461,0.85755676,0.03774286,0.017775862
104,66,210217,f,Q,Q,V,0.7416273,False,0.018489705,0.09087959,0.7416273,0.024473893,0.1245295
104,66,210483,f,Q,Q,Q,0.6279725,True,0.038675506,0.07618007,0.2086546,0.048517294,0.6279725
104,66,210760,f,Q,Q,Q,0.91491103,True,0.013999359,0.013595042,0.04398303,0.0135114975,0.91491103
104,66,211047,/,Q,Q,Q,0.953595,True,0.0074042785,0.0064294348,0.016960932,0.015610361,0.953595
104,66,211338,/,Q,Q,Q,0.93078804,True,0.007509703,0.008342742,0.022380114,0.030979397,0.93078804
104,66,211644,/,Q,Q,Q,0.9335969,True,0.0077680047,0.0064294725,0.017959038,0.03424655,0.9335969
104,66,211941,/,Q,Q,Q,0.94767725,True,0.007476816,0.0049092993,0.014341126,0.02559551,0.94767725
104,66,212235,/,Q,Q,Q,0.94977605,True,0.008266747,0.0051101153,0.009771777,0.027075384,0.94977605
104,66,212532,/,Q,Q,Q,0.8630178,True,0.01146653,0.010743283,0.044847462,0.069924906,0.8630178
104,66,212810,/,Q,Q,Q,0.7915847,True,0.009051542,0.015226152,0.078040145,0.106097475,0.7915847
104,66,213088,/,Q,Q,Q,0.89710575,True,0.007779245,0.007931039,0.029172996,0.058010913,0.89710575
104,66,213375,/,Q,Q,Q,0.9006697,True,0.009058994,0.0071247,0.021786237,0.061360367,0.9006697
104,66,213664,N,N,N,V,0.50279695,False,0.01709376,0.035841864,0.50279695,0.13385372,0.31041375
104,66,213951,N,N,N,V,0.7529057,False,0.007706475,0.092612736,0.7529057,0.090532914,0.056242175
104,66,214268,f,Q,Q,V,0.72522724,False,0.0034243718,0.15406467,0.72522724,0.09446563,0.022818133
104,66,214587,f,Q,Q,V,0.8510786,False,0.008545343,0.0791728,0.8510786,0.022814179,0.038389042
104,66,214847,f,Q,Q,V,0.41910422,False,0.028730646,0.12403442,0.41910422,0.085032836,0.34309795
104,66,215122,f,Q,Q,Q,0.5398156,True,0.012311475,0.055459864,0.35598302,0.03643011,0.5398156
104,66,215406,/,Q,Q,Q,0.66787773,True,0.007907288,0.054844394,0.17084906,0.09852152,0.66787773
104,66,215702,/,Q,Q,Q,0.8893613,True,0.0072433343,0.017468443,0.033171844,0.05275506,0.8893613
104,66,216009,/,Q,Q,Q,0.91190124,True,0.007464045,0.01154321,0.01800061,0.05109091,0.91190124
104,66,216306,/,Q,Q,Q,0.89093035,True,0.009370356,0.010858892,0.026964687,0.061875768,0.89093035
104,66,216604,/,Q,Q,Q,0.86359966,True,0.010951224,0.009832654,0.026069112,0.08954736,0.86359966
104,66,216896,/,Q,Q,Q,0.9036564,True,0.008374026,0.0068662553,0.023163013,0.05794028,0.9036564
104,66,217171,/,Q,Q,Q,0.9011222,True,0.0075997715,0.0074332906,0.029712228,0.054132506,0.9011222
104,66,217442,N,N,N,V,0.50033176,False,0.018532725,0.04416164,0.50033176,0.12177992,0.31519398
104,66,217713,N,N,N,V,0.8177991,False,0.0066356226,0.069848835,0.8177991,0.057726234,0.047990255
104,66,218046,f,Q,Q,V,0.59154654,False,0.0041992236,0.25289872,0.59154654,0.12275132,0.028604161
104,66,218357,f,Q,Q,V,0.8237557,False,0.009529232,0.10124264,0.8237557,0.020166662,0.045305688
104,66,218624,f,Q,Q,Q,0.5511173,True,0.020653145,0.08575026,0.29484347,0.04763579,0.5511173
104,66,218928,/,Q,Q,Q,0.69425964,True,0.009087717,0.052208714,0.18160343,0.06284047,0.69425964
104,66,219208,/,Q,Q,Q,0.61377984,True,0.008148067,0.054295477,0.22223762,0.10153895,0.61377984
104,66,219485,/,Q,Q,Q,0.59974724,True,0.006491806,0.051573604,0.20154683,0.14064051,0.59974724
104,66,219769,/,Q,Q,Q,0.69170934,True,0.0070456746,0.037885882,0.08807304,0.17528613,0.69170934
104,66,220071,/,Q,Q,Q,0.84937125,True,0.0077123125,0.013948037,0.03310969,0.09585875,0.84937125
104,66,220376,/,Q,Q,Q,0.91292185,True,0.008128512,0.007252291,0.016004546,0.055692747,0.91292185
104,66,220669,/,Q,Q,Q,0.92694545,True,0.007479478,0.006545981,0.015872668,0.04315646,0.92694545
104,66,220974,/,Q,Q,Q,0.81792134,True,0.011937968,0.011919642,0.04120754,0.11701352,0.81792134
104,66,221256,f,Q,Q,Q,0.36857507,True,0.014582581,0.109698005,0.29980266,0.20734169,0.36857507
104,66,221539,f,Q,Q,V,0.7015881,False,0.0061927475,0.07277533,0.7015881,0.08934923,0.13009456
104,66,221840,f,Q,Q,Q,0.5677011,True,0.025352929,0.098450646,0.2688201,0.039675236,0.5677011
104,66,222114,f,Q,Q,Q,0.836783,True,0.015885985,0.025922649,0.10623517,0.015173236,0.836783
104,66,222420,/,Q,Q,Q,0.8685422,True,0.008996959,0.022033282,0.050472874,0.04995469,0.8685422
104,66,222718,/,Q,Q,Q,0.92500883,True,0.0072171167,0.009620134,0.026366936,0.031786982,0.92500883
104,66,223019,/,Q,Q,Q,0.93917847,True,0.007281544,0.007283833,0.013709829,0.032546323,0.93917847
104,66,223315,/,Q,Q,Q,0.79943764,True,0.009121083,0.016394269,0.095602445,0.07944452,0.79943764
104,66,223592,/,Q,Q,Q,0.81048703,True,0.008385437,0.013503228,0.078181595,0.08944268,0.81048703
104,66,223875,/,Q,Q,Q,0.91081667,True,0.0083795525,0.007661767,0.023084907,0.050057046,0.91081667
104,66,224162,/,Q,Q,Q,0.9232045,True,0.0094390325,0.0069423784,0.014007081,0.046407025,0.9232045
104,66,224469,/,Q,Q,Q,0.84206265,True,0.013341311,0.011486275,0.023310544,0.10979922,0.84206265
104,66,224744,N,N,N,V,0.51521325,False,0.020119008,0.03556531,0.51521325,0.15586773,0.27323467
104,66,225040,f,Q,Q,V,0.72514635,False,0.005857533,0.07144063,0.72514635,0.11219498,0.08536064
104,66,225360,f,Q,Q,V,0.83506715,False,0.003530433,0.07643164,0.83506715,0.05445837,0.030512366
104,66,225662,f,Q,Q,V,0.6697195,False,0.033876423,0.08187855,0.6697195,0.027031064,0.18749446
104,66,225911,f,Q,Q,Q,0.76998585,True,0.025556004,0.02753586,0.16206561,0.014856617,0.76998585
104,66,226197,/,Q,Q,Q,0.9138682,True,0.009291638,0.013777491,0.039327044,0.023735683,0.9138682
104,66,226496,/,Q,Q,Q,0.91861224,True,0.008755412,0.010655264,0.019339412,0.042637706,0.91861224
104,66,226798,/,Q,Q,Q,0.9238506,True,0.008806612,0.007620176,0.016892528,0.042830013,0.9238506
104,66,227094,/,Q,Q,Q,0.94784015,True,0.007453679,0.005365283,0.010817873,0.028522978,0.94784015
104,66,227400,/,Q,Q,Q,0.9501392,True,0.009017975,0.00505337,0.008824571,0.026964918,0.9501392
104,66,227689,/,Q,Q,Q,0.8850181,True,0.010397703,0.008914997,0.02694091,0.0687283,0.8850181
104,66,227967,/,Q,Q,Q,0.89375526,True,0.009759048,0.0074994448,0.0354234,0.053562857,0.89375526
104,66,228249,/,Q,Q,Q,0.8810422,True,0.008875018,0.007808408,0.053802043,0.04847234,0.8810422
104,66,228537,/,Q,Q,Q,0.8006613,True,0.010479529,0.012775717,0.057224404,0.11885901,0.8006613
104,66,228826,N,N,N,V,0.6149175,False,0.014896236,0.028804246,0.6149175,0.11863249,0.22274946
104,66,229117,N,N,N,V,0.8009411,False,0.0078023872,0.067867495,0.8009411,0.07371789,0.049671084
104,66,229426,f,Q,Q,V,0.84041077,False,0.0034467862,0.09225113,0.84041077,0.04535824,0.018533086
104,66,229743,f,Q,Q,V,0.6825793,False,0.009348384,0.23588969,0.6825793,0.03829507,0.033887614
104,66,230004,f,Q,Q,V,0.41122776,False,0.04754962,0.19691122,0.41122776,0.047792185,0.29651922
104,66,230283,f,Q,Q,Q,0.80888426,True,0.022240186,0.037599165,0.112366945,0.018909432,0.80888426
104,66,230572,/,Q,Q,Q,0.8928755,True,0.009948508,0.019214965,0.032594495,0.045366514,0.8928755
104,66,230876,/,Q,Q,Q,0.904086,True,0.008125092,0.011389259,0.02312923,0.053270448,0.904086
104,66,231177,/,Q,Q,Q,0.93177104,True,0.007942582,0.0069509377,0.014101642,0.039233785,0.93177104
104,66,231472,/,Q,Q,Q,0.9471566,True,0.007982787,0.0050875023,0.010945113,0.028828017,0.9471566
104,66,231778,/,Q,Q,Q,0.94258034,True,0.008755447,0.005091392,0.015650634,0.027922185,0.94258034
104,66,232062,/,Q,Q,Q,0.8736644,True,0.010648217,0.0085684005,0.05683461,0.050284445,0.8736644
104,66,232333,/,Q,Q,Q,0.935282,True,0.007893236,0.0054174247,0.019288512,0.0321188,0.935282
104,66,232615,/,Q,Q,Q,0.9407571,True,0.0073671984,0.0052895765,0.015202174,0.031383954,0.9407571
104,66,232912,/,Q,Q,Q,0.9334375,True,0.009225257,0.005763479,0.012261903,0.03931183,0.9334375
104,66,233197,N,N,N,V,0.43835342,False,0.021240594,0.038398005,0.43835342,0.1256668,0.37634122
104,66,233483,N,N,N,V,0.82142484,False,0.008168665,0.0548501,0.82142484,0.052881382,0.06267499
104,66,233804,f,Q,Q,V,0.8194261,False,0.0040028025,0.07064107,0.8194261,0.067354225,0.038575795
104,66,234114,f,Q,Q,V,0.53811336,False,0.017453056,0.2540663,0.53811336,0.050871637,0.13949564
104,66,234371,f,Q,Q,Q,0.36201707,True,0.046686918,0.24938555,0.23252611,0.10938438,0.36201707
104,66,234655,/,Q,Q,Q,0.5224678,True,0.01270931,0.08198524,0.33059576,0.052241933,0.5224678
104,66,234943,/,Q,Q,Q,0.8012099,True,0.008537156,0.042093057,0.05746091,0.09069895,0.8012099
104,66,235243,/,Q,Q,Q,0.9257862,True,0.007846131,0.01201026,0.015886765,0.038470592,0.9257862
104,66,235542,/,Q,Q,Q,0.8468348,True,0.009244,0.016203191,0.03785261,0.08986546,0.8468348
104,66,235844,/,Q,Q,Q,0.90618694,True,0.008359777,0.008867967,0.015411317,0.06117396,0.90618694
104,66,236140,/,Q,Q,Q,0.93277687,True,0.00885457,0.0058625853,0.013883762,0.038622145,0.93277687
104,66,236421,/,Q,Q,Q,0.9379331,True,0.008157958,0.0055153174,0.015370398,0.033023294,0.9379331
104,66,236704,/,Q,Q,Q,0.8925929,True,0.0092775235,0.008302807,0.028356908,0.06146986,0.8925929
104,66,236987,/,Q,Q,Q,0.8587754,True,0.009833081,0.009300078,0.038159493,0.08393194,0.8587754
104,66,237279,f,Q,Q,Q,0.3981188,True,0.01132755,0.045028523,0.18372452,0.36180058,0.3981188
104,66,237584,f,Q,Q,V,0.6650579,False,0.0052516065,0.09477191,0.6650579,0.13256916,0.10234942
104,66,237896,f,Q,Q,V,0.52129674,False,0.0042808866,0.25291944,0.52129674,0.17415972,0.04734324
104,66,238192,f,Q,Q,F,0.31908044,False,0.015194599,0.3086447,0.2818922,0.31908044,0.07518806
104,66,238480,/,Q,Q,V,0.5238044,False,0.0067810803,0.12332444,0.5238044,0.14477058,0.20131953
104,66,238752,/,Q,Q,Q,0.52533567,True,0.007712701,0.10025145,0.19476457,0.1719356,0.52533567
104,66,239035,/,Q,Q,Q,0.7819511,True,0.0077338116,0.041188266,0.051268745,0.1178581,0.7819511
104,66,239332,/,Q,Q,Q,0.833784,True,0.007836396,0.024470175,0.027567979,0.106341474,0.833784
104,66,239630,/,Q,Q,Q,0.8098556,True,0.00906846,0.020360984,0.026632382,0.13408262,0.8098556
104,66,239925,/,Q,Q,Q,0.85985565,True,0.009223779,0.0113648465,0.022484891,0.09707081,0.85985565
104,66,240236,/,Q,Q,Q,0.88525105,True,0.010590758,0.008215229,0.017755661,0.07818732,0.88525105
104,66,240530,/,Q,Q,Q,0.8383511,True,0.009804542,0.010409256,0.03519755,0.10623759,0.8383511
104,66,240798,f,Q,Q,Q,0.46621394,True,0.01416598,0.03915634,0.23786634,0.24259733,0.46621394
104,66,241081,f,Q,Q,V,0.65701383,False,0.008157446,0.08614485,0.65701383,0.09545348,0.1532304
104,66,241391,f,Q,Q,Q,0.7108057,True,0.02382534,0.041531853,0.19469424,0.029142877,0.7108057
104,66,241669,f,Q,Q,Q,0.9250491,True,0.012562671,0.010990495,0.038555413,0.012842361,0.9250491
104,66,241966,/,Q,Q,Q,0.92891914,True,0.0070984447,0.010151809,0.025962902,0.027867686,0.92891914
104,66,242272,/,Q,Q,Q,0.93166417,True,0.007717843,0.008151185,0.01746827,0.0349986,0.93166417
104,66,242573,/,Q,Q,Q,0.9278123,True,0.008004644,0.0074917004,0.017790403,0.038900953,0.9278123
104,66,242852,/,Q,Q,Q,0.92832774,True,0.008057067,0.007193784,0.021257076,0.035164386,0.92832774
104,66,243136,/,Q,Q,Q,0.9034738,True,0.009158435,0.009035815,0.024774902,0.05355702,0.9034738
104,66,243420,/,Q,Q,Q,0.8580642,True,0.00905227,0.010718021,0.04602199,0.076143555,0.8580642
104,66,243718,/,Q,Q,Q,0.8327198,True,0.008500188,0.011948061,0.048917625,0.097914316,0.8327198
104,66,244017,/,Q,Q,Q,0.8522188,True,0.008619191,0.011019741,0.032284044,0.095858164,0.8522188
104,66,244295,N,N,N,V,0.5408919,False,0.016147364,0.057194494,0.5408919,0.15799606,0.22777013
104,66,244612,f,Q,Q,V,0.7962184,False,0.005378914,0.07384955,0.7962184,0.061843213,0.06270997
104,66,244924,f,Q,Q,V,0.55378795,False,0.03051042,0.05804485,0.55378795,0.028415814,0.329241
104,66,245176,f,Q,Q,Q,0.8541142,True,0.018410172,0.01773084,0.09626392,0.0134808635,0.8541142
104,66,245459,/,Q,Q,Q,0.91254693,True,0.0087088,0.0134281935,0.031481426,0.033834673,0.91254693
104,66,245756,/,Q,Q,Q,0.9257314,True,0.008247205,0.009233617,0.018472439,0.038315255,0.9257314
104,66,246056,/,Q,Q,Q,0.8639081,True,0.009907858,0.01156298,0.027729137,0.08689199,0.8639081
104,66,246351,/,Q,Q,Q,0.9023614,True,0.009082599,0.00792905,0.017443879,0.06318308,0.9023614
104,66,246664,/,Q,Q,Q,0.9175984,True,0.009417032,0.0066646147,0.01411928,0.05220058,0.9175984
104,66,246958,/,Q,Q,Q,0.88859236,True,0.009671332,0.008092974,0.032169916,0.061473425,0.88859236
104,66,247232,/,Q,Q,Q,0.82381624,True,0.009669323,0.011236814,0.0791922,0.07608534,0.82381624
104,66,247513,/,Q,Q,Q,0.90205556,True,0.007939955,0.0071839783,0.037286382,0.04553412,0.90205556
104,66,247777,N,N,N,V,0.6249695,False,0.01649274,0.048104744,0.6249695,0.08395968,0.22647329
104,66,248083,f,Q,Q,V,0.8053797,False,0.0061240257,0.06206292,0.8053797,0.057154074,0.06927924
104,66,248408,f,Q,Q,V,0.85432196,False,0.016679091,0.043736357,0.85432196,0.012712702,0.07254989
104,66,248684,f,Q,Q,Q,0.7031134,True,0.035805378,0.027151676,0.22019465,0.013734962,0.7031134
104,66,248986,/,Q,Q,Q,0.925857,True,0.011644077,0.010953897,0.035626736,0.015918275,0.925857
104,66,249268,/,Q,Q,Q,0.9133252,True,0.008903754,0.01022565,0.034978274,0.032567147,0.9133252
104,66,249551,/,Q,Q,Q,0.9483471,True,0.007900642,0.0055849426,0.013372358,0.02479493,0.9483471
104,66,249836,/,Q,Q,Q,0.9529752,True,0.007890706,0.0050391904,0.0128535265,0.021241426,0.9529752
104,66,250135,/,Q,Q,Q,0.94990873,True,0.0089626275,0.0051744436,0.011768053,0.024186153,0.94990873
104,66,250430,/,Q,Q,Q,0.8425994,True,0.0112317605,0.012367326,0.04722069,0.08658076,0.8425994
104,66,250726,/,Q,Q,Q,0.91314965,True,0.008820813,0.0069217132,0.01941143,0.05169643,0.91314965
104,66,251037,/,Q,Q,Q,0.8861429,True,0.0101671945,0.00835494,0.020538356,0.07479659,0.8861429
104,66,251323,f,Q,Q,Q,0.49795383,True,0.017068053,0.06720002,0.243308,0.1744701,0.49795383
104,66,251570,N,N,N,V,0.7565103,False,0.008314537,0.09474947,0.7565103,0.073991045,0.06643458
104,66,251875,f,Q,Q,V,0.6612597,False,0.0035939072,0.16768567,0.6612597,0.13422312,0.033237528
104,66,252153,f,Q,Q,V,0.38115874,False,0.010597142,0.3218663,0.38115874,0.22703385,0.059343915
104,66,252450,f,Q,Q,Q,0.62649655,True,0.020659456,0.08730214,0.21050312,0.055038713,0.62649655
104,66,252747,/,Q,Q,Q,0.88637453,True,0.009393031,0.02403628,0.030889004,0.0493071,0.88637453
104,66,253055,/,Q,Q,Q,0.90195507,True,0.00852512,0.014688024,0.016477706,0.058354106,0.90195507
104,66,253356,/,Q,Q,Q,0.8961099,True,0.00882246,0.010817697,0.017879663,0.06637028,0.8961099
104,66,253636,/,Q,Q,Q,0.94076955,True,0.0078123887,0.005797477,0.016199242,0.029421344,0.94076955
104,66,253918,/,Q,Q,Q,0.9225414,True,0.008736741,0.006500844,0.030069327,0.03215171,0.9225414
104,66,254204,/,Q,Q,Q,0.91552526,True,0.008052201,0.0074589737,0.025300952,0.04366269,0.91552526
104,66,254501,/,Q,Q,Q,0.8375077,True,0.008805977,0.0110250525,0.06703283,0.07562843,0.8375077
104,66,254794,/,Q,Q,Q,0.9232391,True,0.0072751427,0.0068438933,0.020818807,0.041823074,0.9232391
104,66,255090,f,Q,Q,Q,0.48742548,True,0.009883522,0.056478724,0.19363919,0.25257304,0.48742548
104,66,255407,f,Q,Q,V,0.6717835,False,0.004503468,0.10178086,0.6717835,0.10726436,0.114667825
104,66,255708,f,Q,Q,Q,0.6535246,True,0.019282708,0.07626388,0.20871788,0.042210978,0.6535246
104,66,255968,f,Q,Q,Q,0.8788003,True,0.011836736,0.01971466,0.073524415,0.01612397,0.8788003
104,66,256253,/,Q,Q,Q,0.9106573,True,0.008112819,0.013280833,0.031708922,0.036240168,0.9106573
104,66,256545,/,Q,Q,Q,0.95080066,True,0.0074927355,0.006312748,0.011334255,0.024059603,0.95080066
104,66,256840,/,Q,Q,Q,0.9432519,True,0.0075587956,0.006288783,0.014373562,0.02852691,0.9432519
104,66,257136,/,Q,Q,Q,0.93046343,True,0.008705845,0.0072121085,0.012955062,0.04066355,0.93046343
104,66,257449,/,Q,Q,Q,0.9308998,True,0.0086570615,0.006532303,0.014703354,0.039207485,0.9308998
104,66,257743,/,Q,Q,Q,0.82425904,True,0.010848576,0.013366188,0.06027845,0.09124777,0.82425904
104,66,258018,/,Q,Q,Q,0.6736571,True,0.010082528,0.017493535,0.1643567,0.13441013,0.6736571
104,66,258296,f,Q,Q,V,0.49113354,False,0.009240657,0.09083653,0.49113354,0.18831366,0.22047555
104,66,258593,f,Q,Q,V,0.69776404,False,0.0036845594,0.08389066,0.69776404,0.1328943,0.08176646
104,66,258883,f,Q,Q,V,0.30457202,False,0.020241229,0.16176961,0.30457202,0.259996,0.2534212
104,66,259180,/,Q,Q,Q,0.79859066,True,0.0097920885,0.03366384,0.07904041,0.07891298,0.79859066
104,66,259492,/,Q,Q,Q,0.8090867,True,0.008761584,0.026771698,0.03310454,0.122275524,0.8090867
104,66,259790,/,Q,Q,Q,0.88461214,True,0.0068418668,0.014106144,0.023874661,0.07056521,0.88461214
104,66,260072,/,Q,Q,Q,0.9015257,True,0.00885893,0.010245792,0.028580068,0.050789516,0.9015257
104,66,260353,/,Q,Q,Q,0.8030518,True,0.009333109,0.015455147,0.10201898,0.07014095,0.8030518
104,66,260634,/,Q,Q,Q,0.8761283,True,0.007837481,0.010088488,0.052231323,0.053714447,0.8761283
104,66,260931,/,Q,Q,Q,0.718792,True,0.011287293,0.016971841,0.09904548,0.15390334,0.718792
104,66,261225,f,Q,Q,V,0.44036034,False,0.010063473,0.08921633,0.44036034,0.26065832,0.19970156
104,66,261484,N,N,N,V,0.64961886,False,0.00493654,0.12529388,0.64961886,0.17379388,0.04635686
104,66,261808,/,Q,Q,V,0.5024027,False,0.00693399,0.10391871,0.5024027,0.11835217,0.2683924
104,66,262095,/,Q,Q,V,0.5086304,False,0.0062709367,0.09156571,0.5086304,0.11443883,0.27909413
104,66,262375,/,Q,Q,Q,0.3287786,True,0.007446364,0.10756961,0.29615602,0.2600494,0.3287786
104,66,262659,/,Q,Q,Q,0.49223837,True,0.008534716,0.07420412,0.16678977,0.25823304,0.49223837
104,66,262952,/,Q,Q,Q,0.5616148,True,0.0076598367,0.060740445,0.12788288,0.24210204,0.5616148
104,66,263243,/,Q,Q,Q,0.6682612,True,0.0070820353,0.0398925,0.112472,0.17229232,0.6682612
104,66,263539,/,Q,Q,Q,0.6612366,True,0.010110963,0.022903897,0.06853292,0.23721562,0.6612366
104,66,263850,f,Q,Q,F,0.34303686,False,0.010949801,0.06940472,0.30245268,0.34303686,0.27415594
104,66,264137,f,Q,Q,V,0.7233963,False,0.0044465093,0.12124627,0.7233963,0.083859816,0.06705106
104,66,264434,f,Q,Q,V,0.529484,False,0.0033378564,0.29476476,0.529484,0.14266106,0.02975226
104,66,264700,f,Q,Q,S,0.38064224,False,0.0077240174,0.38064224,0.35449636,0.15362908,0.103508316
104,66,264992,/,Q,Q,F,0.30580735,False,0.0064630825,0.26288602,0.19341019,0.30580735,0.23143338
104,66,265285,/,Q,Q,Q,0.6242817,True,0.010542532,0.10584311,0.097536735,0.16179597,0.6242817
104,66,265578,/,Q,Q,Q,0.79169315,True,0.009640873,0.03858118,0.034747805,0.12533702,0.79169315
104,66,265889,/,Q,Q,Q,0.7903716,True,0.00956206,0.02478882,0.02314588,0.15213166,0.7903716
104,66,266193,/,Q,Q,Q,0.88054013,True,0.008462044,0.011062125,0.019691616,0.080244154,0.88054013
104,66,266477,/,Q,Q,Q,0.9268329,True,0.007943715,0.006194273,0.021219194,0.037809864,0.9268329
104,66,266759,/,Q,Q,Q,0.73132885,True,0.010924497,0.014764093,0.14644438,0.09653816,0.73132885
104,66,267042,/,Q,Q,Q,0.7487563,True,0.010621972,0.015673215,0.06346478,0.16148373,0.7487563
104,66,267326,f,Q,Q,V,0.43351245,False,0.011887549,0.08262866,0.43351245,0.19029014,0.2816812
104,66,267619,f,Q,Q,V,0.7694434,False,0.0045596096,0.115082465,0.7694434,0.06110304,0.049811497
104,66,267943,f,Q,Q,V,0.64996696,False,0.0050226846,0.2157874,0.64996696,0.08768456,0.041538488
104,66,268234,f,Q,Q,V,0.44256303,False,0.015402917,0.14089689,0.44256303,0.054124784,0.3470124
104,66,268521,f,Q,Q,Q,0.7822516,True,0.011794609,0.046031117,0.12702665,0.032896068,0.7822516
104,66,268807,/,Q,Q,Q,0.85209846,True,0.007607171,0.027592761,0.045670576,0.06703104,0.85209846
104,66,269089,/,Q,Q,Q,0.89631724,True,0.00664658,0.014587815,0.027854873,0.054593496,0.89631724
104,66,269383,/,Q,Q,Q,0.91416645,True,0.007569619,0.010371752,0.023967966,0.04392426,0.91416645
104,66,269672,/,Q,Q,Q,0.79632205,True,0.010311587,0.01871645,0.07036109,0.10428884,0.79632205
104,66,269966,/,Q,Q,Q,0.8872161,True,0.009761481,0.008719941,0.0288253,0.06547711,0.8872161
104,66,270283,/,Q,Q,Q,0.9370373,True,0.008933737,0.0050655585,0.012594324,0.036369115,0.9370373
104,66,270578,/,Q,Q,Q,0.9422492,True,0.008522486,0.004674384,0.01884632,0.025707636,0.9422492
104,66,270856,/,Q,Q,Q,0.89760166,True,0.009424815,0.0078714425,0.034727048,0.050375085,0.89760166
104,66,271107,N,N,N,V,0.56433517,False,0.018143188,0.02485343,0.56433517,0.09553999,0.29712823
104,66,271405,f,Q,Q,V,0.78349364,False,0.006942183,0.06315544,0.78349364,0.07271048,0.07369831
104,66,271702,f,Q,Q,V,0.8467202,False,0.0036365374,0.069530025,0.8467202,0.056107514,0.024005754
104,66,272007,f,Q,Q,V,0.6314904,False,0.014994299,0.08532612,0.6314904,0.035582602,0.23260657
104,66,272298,f,Q,Q,Q,0.7963116,True,0.024365675,0.024940025,0.13900334,0.015379329,0.7963116
104,66,272599,f,Q,Q,Q,0.944914,True,0.009894678,0.007517413,0.025986485,0.011687496,0.944914
104,66,272887,/,Q,Q,Q,0.94266534,True,0.0071086655,0.0076714484,0.021197341,0.021357192,0.94266534
104,66,273169,/,Q,Q,Q,0.8950517,True,0.008571527,0.011189443,0.037573103,0.04761425,0.8950517
104,66,273450,/,Q,Q,Q,0.9506681,True,0.0075124395,0.005328118,0.012448147,0.024043215,0.9506681
104,66,273742,/,Q,Q,Q,0.9571064,True,0.007759844,0.004223106,0.012440557,0.018470073,0.9571064
104,66,274035,/,Q,Q,Q,0.9394461,True,0.00847425,0.0057468987,0.019513143,0.026819654,0.9394461
104,66,274338,/,Q,Q,Q,0.9176267,True,0.010069525,0.0069119534,0.017689785,0.04770203,0.9176267
104,66,274646,/,Q,Q,Q,0.9430453,True,0.008054087,0.0048428094,0.012422138,0.0316356,0.9430453
104,66,274937,/,Q,Q,Q,0.941985,True,0.0083524985,0.0051185046,0.0123994285,0.03214457,0.941985
104,66,275200,N,N,N,V,0.44244912,False,0.0227034,0.037729856,0.44244912,0.11757229,0.37954533
104,66,275490,f,Q,Q,V,0.7638945,False,0.0069294306,0.060745273,0.7638945,0.07728124,0.091149524
104,66,275805,f,Q,Q,Q,0.47514516,True,0.021497412,0.088248305,0.37560478,0.039504286,0.47514516
104,66,276073,f,Q,Q,Q,0.78986865,True,0.018902728,0.0527697,0.097855,0.040603947,0.78986865
104,66,276368,/,Q,Q,Q,0.9160329,True,0.007857667,0.017084874,0.028580965,0.030443609,0.9160329
104,66,276681,/,Q,Q,Q,0.9152856,True,0.0077750725,0.012276033,0.025902865,0.038760416,0.9152856
104,66,276977,/,Q,Q,Q,0.90382487,True,0.0082107885,0.012103305,0.024705863,0.051155232,0.90382487
104,66,277258,/,Q,Q,Q,0.9301403,True,0.0070091453,0.008364192,0.016054694,0.03843169,0.9301403
104,66,277540,/,Q,Q,Q,0.926359,True,0.008411953,0.0073667145,0.017427802,0.04043453,0.926359
104,66,277829,/,Q,Q,Q,0.86848915,True,0.010552707,0.009501268,0.03800432,0.073452555,0.86848915
104,66,278117,/,Q,Q,Q,0.87701637,True,0.010664939,0.008405545,0.025788862,0.07812431,0.87701637
104,66,278405,f,Q,Q,Q,0.38702092,True,0.013928006,0.062657565,0.28931597,0.24707755,0.38702092
104,66,278717,f,Q,Q,V,0.58566576,False,0.0045966273,0.14557281,0.58566576,0.17481303,0.08935171
104,66,279044,f,Q,Q,Q,0.49986455,True,0.017199272,0.08322035,0.3534178,0.046298,0.49986455
104,66,279309,/,Q,Q,Q,0.7774276,True,0.010453872,0.028968,0.15602326,0.02712725,0.7774276
104,66,279595,/,Q,Q,Q,0.6790761,True,0.007110442,0.039813463,0.21790433,0.056095604,0.6790761
104,66,279878,/,Q,Q,Q,0.85126334,True,0.0068064635,0.0221804,0.07362038,0.046129443,0.85126334
104,66,280165,/,Q,Q,Q,0.78946584,True,0.0077059995,0.027907878,0.10154745,0.07337288,0.78946584
104,66,280453,/,Q,Q,Q,0.6784668,True,0.008071516,0.037098285,0.11759963,0.15876377,0.6784668
104,66,280756,/,Q,Q,Q,0.8504829,True,0.008109244,0.013749725,0.032730736,0.09492741,0.8504829
104,66,281064,/,Q,Q,Q,0.90623844,True,0.0075501786,0.007361429,0.02078437,0.05806554,0.90623844
104,66,281356,f,Q,Q,Q,0.4944316,True,0.012772943,0.05620281,0.23061773,0.20597486,0.4944316
104,66,281645,f,Q,Q,V,0.67344713,False,0.0061354088,0.16049865,0.67344713,0.0778708,0.08204799
104,66,281928,f,Q,Q,V,0.29131427,False,0.024883585,0.24191208,0.29131427,0.22528817,0.21660192
104,66,282221,/,Q,Q,Q,0.70747566,True,0.013536286,0.056471724,0.16607177,0.05644463,0.70747566
104,66,282508,/,Q,Q,Q,0.8165187,True,0.00782915,0.031815287,0.07630582,0.06753098,0.8165187
104,66,282799,/,Q,Q,Q,0.8592363,True,0.006964382,0.017904272,0.037895486,0.07799953,0.8592363
104,66,283116,/,Q,Q,Q,0.82886827,True,0.007553509,0.01915182,0.035748985,0.10867741,0.82886827
104,66,283416,/,Q,Q,Q,0.7979346,True,0.0077802003,0.017590595,0.07997477,0.0967198,0.7979346
104,66,283695,/,Q,Q,Q,0.86744523,True,0.0076978505,0.011674242,0.033158123,0.08002454,0.86744523
104,66,283978,/,Q,Q,Q,0.73911107,True,0.011128646,0.014830265,0.067892574,0.1670375,0.73911107
104,66,284268,f,Q,Q,V,0.36509272,False,0.011617683,0.07720747,0.36509272,0.2895867,0.25649542
104,66,284556,f,Q,Q,V,0.5980667,False,0.004696032,0.120352164,0.5980667,0.1841565,0.09272857
104,66,284840,f,Q,Q,F,0.4227558,False,0.016053656,0.20370974,0.22834265,0.4227558,0.12913817
104,66,285157,/,Q,Q,Q,0.42446056,True,0.012388146,0.09722648,0.12621582,0.339709,0.42446056
104,66,285461,/,Q,Q,Q,0.6513069,True,0.010422783,0.054062456,0.05753209,0.22667575,0.6513069
104,66,285751,/,Q,Q,Q,0.6647232,True,0.009014519,0.03998338,0.10749416,0.17878477,0.6647232
104,66,286035,/,Q,Q,Q,0.6903446,True,0.008154535,0.03440269,0.1277042,0.13939403,0.6903446
104,66,286318,/,Q,Q,Q,0.6870853,True,0.007236206,0.034179118,0.09663893,0.17486052,0.6870853
104,66,286606,/,Q,Q,Q,0.6124466,True,0.008127895,0.02386883,0.21252,0.14303671,0.6124466
104,66,286891,/,Q,Q,Q,0.6546097,True,0.009010463,0.021325741,0.12039263,0.19466156,0.6546097
104,66,287191,f,Q,Q,F,0.38134405,False,0.0068844664,0.06775323,0.33693022,0.38134405,0.20708804
104,66,287512,f,Q,Q,V,0.45025948,False,0.0032119816,0.18645078,0.45025948,0.30142283,0.0586549
104,66,287792,f,Q,Q,V,0.37943155,False,0.009108934,0.14845216,0.37943155,0.0890452,0.37396213
104,66,288084,/,Q,Q,Q,0.62308574,True,0.008068997,0.09898566,0.12184575,0.14801383,0.62308574
104,66,288367,/,Q,Q,Q,0.8136171,True,0.0075890045,0.035058588,0.0889019,0.054833382,0.8136171
104,66,288655,/,Q,Q,Q,0.75043017,True,0.0069762943,0.03556428,0.12955546,0.07747375,0.75043017
104,66,288940,/,Q,Q,Q,0.63021284,True,0.007973538,0.047963385,0.09287109,0.22097912,0.63021284
104,66,289232,/,Q,Q,Q,0.81974167,True,0.007414098,0.020167042,0.04055139,0.1121258,0.81974167
104,66,289547,/,Q,Q,Q,0.90819526,True,0.0070955222,0.009142845,0.021933684,0.05363269,0.90819526
104,66,289846,/,Q,Q,Q,0.8841257,True,0.0080076475,0.01002812,0.037304364,0.06053407,0.8841257
104,66,290119,N,N,N,V,0.5842291,False,0.01655523,0.04312735,0.5842291,0.099313416,0.25677487
104,66,290407,f,Q,Q,V,0.79292184,False,0.0061279787,0.060231425,0.79292184,0.05599045,0.08472834
104,66,290718,f,Q,Q,V,0.7015067,False,0.0049386113,0.18112828,0.7015067,0.078249484,0.0341769
104,66,290989,f,Q,Q,V,0.54804677,False,0.0107738115,0.24209963,0.54804677,0.08640796,0.1126718
104,66,291275,/,Q,Q,Q,0.30217215,True,0.008232798,0.18372138,0.25922626,0.2466474,0.30217215
104,66,291589,/,Q,Q,Q,0.74512273,True,0.011458719,0.060453705,0.08245543,0.100509465,0.74512273
104,66,291894,/,Q,Q,Q,0.8627596,True,0.00814304,0.025907462,0.03111505,0.072074816,0.8627596
104,66,292180,/,Q,Q,Q,0.7434882,True,0.008862911,0.027552608,0.09937739,0.12071891,0.7434882
104,66,292463,/,Q,Q,Q,0.80290294,True,0.007535651,0.018732835,0.06805694,0.10277162,0.80290294
104,66,292747,/,Q,Q,Q,0.91673476,True,0.0069728163,0.0076820925,0.02120292,0.04740743,0.91673476
104,66,293033,/,Q,Q,Q,0.92950875,True,0.007480563,0.0056828153,0.021244748,0.036083188,0.92950875
104,66,293292,N,N,N,V,0.49582708,False,0.019912397,0.0332937,0.49582708,0.10312899,0.3478378
104,66,293608,f,Q,Q,V,0.7156304,False,0.00676587,0.073571466,0.7156304,0.10964496,0.09438732
104,66,293937,f,Q,Q,V,0.8294944,False,0.0131936995,0.05707724,0.8294944,0.017415069,0.08281966
104,66,294205,f,Q,Q,Q,0.7418594,True,0.022875482,0.030717796,0.1869909,0.017556494,0.7418594
104,66,294501,/,Q,Q,Q,0.83338696,True,0.010279116,0.026399072,0.07558563,0.054349247,0.83338696
104,66,294783,/,Q,Q,Q,0.9358186,True,0.007107321,0.008461046,0.021854524,0.026758514,0.9358186
104,66,295072,/,Q,Q,Q,0.92042154,True,0.008625944,0.008640752,0.03785386,0.024457837,0.92042154
104,66,295353,/,Q,Q,Q,0.93247724,True,0.007638488,0.008069867,0.02465298,0.027161488,0.93247724
104,66,295643,/,Q,Q,Q,0.92048,True,0.009233893,0.0076026046,0.02012606,0.042557355,0.92048
104,66,295956,/,Q,Q,Q,0.943922,True,0.008012088,0.004903961,0.013271364,0.029890588,0.943922
104,66,296253,/,Q,Q,Q,0.9452878,True,0.007494848,0.00487197,0.016133133,0.026212208,0.9452878
104,66,296521,N,N,N,V,0.4855264,False,0.021513833,0.036630612,0.4855264,0.08676822,0.36956093
104,66,296822,f,Q,Q,V,0.68557245,False,0.00868894,0.05140065,0.68557245,0.10337978,0.15095823
104,66,297107,f,Q,Q,Q,0.7387869,True,0.019395925,0.0335048,0.15923105,0.049081355,0.7387869
104,66,297393,/,Q,Q,Q,0.9220564,True,0.008102435,0.012049438,0.02878646,0.029005282,0.9220564
104,66,297676,/,Q,Q,Q,0.9529126,True,0.008028367,0.005976377,0.010418996,0.022663612,0.9529126
104,66,297988,/,Q,Q,Q,0.9138807,True,0.009413414,0.008778548,0.016350022,0.051577292,0.9138807
104,66,298295,/,Q,Q,Q,0.92876107,True,0.00891372,0.007205349,0.011763446,0.043356415,0.92876107
104,66,298584,/,Q,Q,Q,0.9407216,True,0.007738293,0.005631511,0.016155643,0.029752929,0.9407216
104,66,298869,/,Q,Q,Q,0.93709236,True,0.0076657264,0.005924577,0.018462714,0.030854613,0.93709236
104,66,299157,/,Q,Q,Q,0.8563799,True,0.01114842,0.010587311,0.04332298,0.07856129,0.8563799
104,66,299433,f,Q,Q,V,0.5503589,False,0.016089758,0.04775674,0.5503589,0.16250253,0.22329201
104,66,299730,f,Q,Q,V,0.7613211,False,0.005683266,0.07182943,0.7613211,0.09631318,0.06485295
104,66,300024,f,Q,Q,Q,0.64499795,True,0.019267818,0.037707023,0.25242144,0.045605775,0.64499795
104,66,300334,/,Q,Q,Q,0.8579859,True,0.010986388,0.018131768,0.04743563,0.06546027,0.8579859
104,66,300628,/,Q,Q,Q,0.8620733,True,0.008886126,0.013734792,0.03094103,0.084364735,0.8620733
104,66,300922,/,Q,Q,Q,0.8862259,True,0.006778344,0.011732156,0.029240558,0.06602307,0.8862259
104,66,301207,/,Q,Q,Q,0.87991554,True,0.0072883163,0.011352298,0.035537135,0.065906756,0.87991554
104,66,301494,/,Q,Q,Q,0.80075556,True,0.008232112,0.015498474,0.08256652,0.09294731,0.80075556
104,66,301774,/,Q,Q,Q,0.67486715,True,0.008698042,0.020720372,0.17776024,0.117954165,0.67486715
104,66,302067,f,Q,Q,V,0.3661555,False,0.008736258,0.06350196,0.3661555,0.33739242,0.22421384
104,66,302382,f,Q,Q,V,0.7005588,False,0.0038167243,0.0967303,0.7005588,0.14664122,0.05225287
104,66,302670,f,Q,Q,Q,0.609268,True,0.012455034,0.060068257,0.25871176,0.05949693,0.609268
104,66,302967,/,Q,Q,Q,0.6571343,True,0.008330295,0.054549713,0.13197319,0.14801249,0.6571343
104,66,303251,/,Q,Q,Q,0.6426972,True,0.0074752956,0.04222824,0.08374192,0.22385733,0.6426972
104,66,303543,/,Q,Q,Q,0.8118904,True,0.0074231545,0.022011371,0.040611394,0.11806359,0.8118904
104,66,303825,/,Q,Q,Q,0.8596569,True,0.008114359,0.014329813,0.030787507,0.08711151,0.8596569
104,66,304108,/,Q,Q,Q,0.8381367,True,0.008961768,0.013651751,0.036731508,0.10251828,0.8381367
104,66,304420,/,Q,Q,Q,0.84735966,True,0.009983836,0.010906597,0.036945436,0.0948045,0.84735966
104,66,304724,f,Q,Q,Q,0.41765103,True,0.015830215,0.03968962,0.228048,0.29878116,0.41765103
104,66,305037,f,Q,Q,V,0.51609325,False,0.0279399,0.041819323,0.51609325,0.04632033,0.3678272
104,66,305301,/,Q,Q,Q,0.6344401,True,0.016339798,0.024723012,0.2263172,0.09817984,0.6344401
104,66,305591,/,Q,Q,Q,0.80626565,True,0.010104922,0.016011303,0.089495786,0.07812229,0.80626565
104,66,305877,/,Q,Q,Q,0.66205066,True,0.008402488,0.024992572,0.18220872,0.12234562,0.66205066
104,66,306158,/,Q,Q,Q,0.651132,True,0.0074637486,0.025140543,0.16236697,0.15389678,0.651132
104,66,306460,/,Q,Q,Q,0.7810747,True,0.007704546,0.017873872,0.051103648,0.14224318,0.7810747
104,66,306767,/,Q,Q,Q,0.7722878,True,0.008475905,0.017996224,0.032213774,0.1690263,0.7722878
104,66,307063,f,Q,Q,Q,0.39785007,True,0.0119596,0.037479777,0.216546,0.3361646,0.39785007
104,66,307360,f,Q,Q,V,0.53126144,False,0.0068805562,0.086253844,0.53126144,0.23219399,0.14341009
104,66,307638,f,Q,Q,Q,0.7946667,True,0.008764214,0.024780164,0.12162243,0.050166532,0.7946667
104,66,307928,/,Q,Q,Q,0.68934083,True,0.0075676576,0.032099266,0.18399163,0.08700061,0.68934083
104,66,308207,/,Q,Q,Q,0.56506056,True,0.0066114836,0.0369845,0.2670073,0.124336176,0.56506056
104,66,308498,/,Q,Q,Q,0.71840143,True,0.008030042,0.027918145,0.08484244,0.16080795,0.71840143
104,66,308806,/,Q,Q,Q,0.77776605,True,0.007597332,0.020725306,0.059033245,0.13487811,0.77776605
104,66,309101,/,Q,Q,Q,0.8553618,True,0.006769857,0.0141006075,0.0325421,0.09122556,0.8553618
104,66,309401,/,Q,Q,Q,0.8367519,True,0.00879654,0.012153212,0.036992256,0.10530611,0.8367519
104,66,309682,f,Q,Q,V,0.3232502,False,0.011954649,0.061178,0.3232502,0.31236112,0.29125598
104,66,309984,f,Q,Q,V,0.588617,False,0.0054613254,0.07702826,0.588617,0.18514422,0.1437492
104,66,310261,f,Q,Q,Q,0.42937464,True,0.034744397,0.078613855,0.1868612,0.2704059,0.42937464
104,66,310544,/,Q,Q,Q,0.7124982,True,0.013191711,0.024657303,0.08763426,0.16201852,0.7124982
104,66,310854,/,Q,Q,Q,0.8590791,True,0.008477884,0.013605438,0.029806927,0.08903059,0.8590791
104,66,311156,/,Q,Q,Q,0.8976086,True,0.0071947183,0.009711847,0.028691743,0.056793142,0.8976086
104,66,311448,/,Q,Q,Q,0.8365269,True,0.008121551,0.014766096,0.04486861,0.0957168,0.8365269
104,66,311737,/,Q,Q,Q,0.82395107,True,0.008648308,0.013330972,0.04197741,0.1120922,0.82395107
104,66,312028,/,Q,Q,Q,0.9071905,True,0.008124119,0.0069351043,0.019674903,0.058075443,0.9071905
104,66,312298,N,N,N,V,0.48266628,False,0.02022489,0.043899763,0.48266628,0.14002928,0.31317973
104,66,312585,f,Q,Q,V,0.78794986,False,0.006408247,0.073632546,0.78794986,0.057666637,0.0743427
104,66,312918,f,Q,Q,V,0.8778572,False,0.015121114,0.04638734,0.8778572,0.012147962,0.048486397
104,66,313198,/,Q,Q,Q,0.6774964,True,0.023975287,0.04297644,0.21903566,0.03651629,0.6774964
104,66,313492,/,Q,Q,Q,0.8747295,True,0.0115604885,0.018245503,0.052766558,0.042697903,0.8747295
104,66,313791,/,Q,Q,Q,0.90117913,True,0.007552305,0.011511387,0.041526686,0.038230482,0.90117913
104,66,314078,/,Q,Q,Q,0.91579187,True,0.006862284,0.009584414,0.030086018,0.037675396,0.91579187
104,66,314365,/,Q,Q,Q,0.775684,True,0.00843339,0.019072818,0.09157323,0.10523658,0.775684
104,66,314643,/,Q,Q,Q,0.8613405,True,0.007128438,0.012447253,0.045598425,0.07348539,0.8613405
104,66,314934,/,Q,Q,Q,0.925034,True,0.008068339,0.0065229046,0.016647609,0.04372718,0.925034
104,66,315234,f,Q,Q,Q,0.531832,True,0.0133893965,0.06755948,0.21659656,0.1706226,0.531832
104,66,315545,f,Q,Q,V,0.5026082,False,0.007292451,0.077428,0.5026082,0.16491678,0.24775465
104,66,315833,f,Q,Q,Q,0.8520134,True,0.011745596,0.026135355,0.0841146,0.025991062,0.8520134
104,66,316125,/,Q,Q,Q,0.927572,True,0.007497257,0.012429099,0.018185072,0.03431655,0.927572
104,66,316417,/,Q,Q,Q,0.87599385,True,0.007816466,0.015332256,0.03946677,0.061390724,0.87599385
104,66,316695,/,Q,Q,Q,0.8531313,True,0.008059176,0.015508244,0.041943252,0.081358,0.8531313
104,66,316975,/,Q,Q,Q,0.92801607,True,0.008016663,0.008276335,0.013632993,0.042058025,0.92801607
104,66,317286,/,Q,Q,Q,0.92567474,True,0.007700571,0.007431897,0.01766268,0.041530106,0.92567474
104,66,317587,/,Q,Q,Q,0.82420355,True,0.0101072155,0.013262608,0.056592718,0.095833875,0.82420355
104,66,317872,f,Q,Q,V,0.4071074,False,0.013499886,0.08042054,0.4071074,0.17005238,0.32891983
104,66,318168,f,Q,Q,V,0.7701143,False,0.0051597687,0.10741796,0.7701143,0.05469481,0.06261313
104,66,318484,f,Q,Q,V,0.6171535,False,0.015339752,0.08608996,0.6171535,0.027713623,0.25370318
104,66,318748,/,Q,Q,Q,0.5484511,True,0.014976152,0.04628659,0.37038082,0.019905291,0.5484511
104,66,319027,/,Q,Q,Q,0.82295424,True,0.010048947,0.02811211,0.09311456,0.04577011,0.82295424
104,66,319326,/,Q,Q,Q,0.90500236,True,0.008055455,0.013748224,0.029088618,0.0441054,0.90500236
104,66,319631,/,Q,Q,Q,0.9153125,True,0.008087362,0.010526716,0.015253542,0.050819825,0.9153125
104,66,319927,/,Q,Q,Q,0.93308616,True,0.008074976,0.007520071,0.012447788,0.038870953,0.93308616
104,66,320221,/,Q,Q,Q,0.80468625,True,0.011858933,0.014087695,0.0612869,0.10808026,0.80468625
104,66,320510,/,Q,Q,Q,0.74899155,True,0.011187689,0.015678858,0.062455084,0.16168681,0.74899155
104,66,320804,f,Q,Q,F,0.33080584,False,0.012023702,0.05820605,0.30384082,0.33080584,0.2951236
104,66,321098,f,Q,Q,Q,0.8324248,True,0.024309095,0.015979704,0.076681204,0.05060516,0.8324248
104,66,321368,/,Q,Q,Q,0.94625986,True,0.010313525,0.00520784,0.017031783,0.02118703,0.94625986
104,66,321674,/,Q,Q,Q,0.9174446,True,0.011636444,0.006980548,0.020916542,0.04302185,0.9174446
104,66,321969,/,Q,Q,Q,0.9134784,True,0.009578961,0.006870104,0.019397605,0.05067491,0.9134784
104,66,322269,/,Q,Q,Q,0.9344477,True,0.008756923,0.0059857713,0.0108370995,0.039972465,0.9344477
104,66,322561,/,Q,Q,Q,0.9210094,True,0.009090799,0.0067340084,0.01685991,0.04630585,0.9210094
104,66,322851,/,Q,Q,Q,0.85076743,True,0.009658186,0.01186185,0.060822584,0.06688985,0.85076743
104,66,323133,f,Q,Q,Q,0.4369853,True,0.015919868,0.04825866,0.3215836,0.17725256,0.4369853
104,66,323426,f,Q,Q,Q,0.48812228,True,0.02075213,0.07323989,0.3156129,0.10227284,0.48812228
104,66,323714,/,Q,Q,Q,0.83351296,True,0.01432582,0.018262772,0.11341003,0.020488368,0.83351296
104,66,324012,/,Q,Q,Q,0.8598251,True,0.009077258,0.015897175,0.078163765,0.037036758,0.8598251
104,66,324307,/,Q,Q,Q,0.7309917,True,0.009677451,0.02632377,0.10202726,0.1309798,0.7309917
104,66,324603,/,Q,Q,Q,0.75341827,True,0.008456631,0.021374075,0.061465938,0.1552851,0.75341827
104,66,324899,/,Q,Q,Q,0.7731246,True,0.0073589957,0.01863862,0.06486528,0.13601257,0.7731246
104,66,325179,/,Q,Q,Q,0.7925195,True,0.0069797207,0.017099062,0.07770644,0.10569526,0.7925195
104,66,325469,f,Q,Q,F,0.4832164,False,0.0067234943,0.10127808,0.13749242,0.4832164,0.2712896
104,66,325769,f,Q,Q,V,0.3914707,False,0.0031085617,0.16025765,0.3914707,0.36128038,0.083882734
104,66,326059,f,Q,Q,Q,0.4408958,True,0.0064291926,0.09054518,0.37829447,0.083835326,0.4408958
104,66,326354,/,Q,Q,Q,0.70609695,True,0.006845488,0.059445657,0.0980144,0.12959757,0.70609695
104,66,326650,/,Q,Q,Q,0.70874155,True,0.006039572,0.041395713,0.112611465,0.1312117,0.70874155
104,66,326945,/,Q,Q,Q,0.756634,True,0.0060196365,0.032886982,0.05520765,0.14925174,0.756634
104,66,327232,/,Q,Q,Q,0.5391678,True,0.0071116653,0.047017243,0.21396706,0.19273621,0.5391678
104,66,327508,/,Q,Q,Q,0.43589434,True,0.0063744416,0.055467788,0.30439222,0.19787121,0.43589434
104,66,327809,f,Q,Q,F,0.4482936,False,0.0041629993,0.15475652,0.26540405,0.4482936,0.1273828
104,66,328115,f,Q,Q,F,0.35214978,False,0.0032517645,0.23792413,0.3331089,0.35214978,0.07356545
104,66,328397,f,Q,Q,Q,0.49623662,True,0.008047033,0.09682528,0.3240105,0.07488058,0.49623662
104,66,328698,/,Q,Q,Q,0.583213,True,0.0074776337,0.09310963,0.17243738,0.14376229,0.583213
104,66,328991,/,Q,Q,Q,0.60531896,True,0.0059856465,0.06555128,0.18103722,0.14210685,0.60531896
104,66,329283,/,Q,Q,Q,0.4892772,True,0.006023679,0.06544573,0.2847605,0.15449281,0.4892772
104,66,329559,/,Q,Q,Q,0.4067323,True,0.0052627986,0.063478135,0.37734106,0.14718564,0.4067323
104,66,329844,/,Q,Q,Q,0.60514396,True,0.0060536154,0.052080784,0.13779874,0.1989229,0.60514396
104,66,330150,f,Q,Q,F,0.37784138,False,0.0075533073,0.06389023,0.31353134,0.37784138,0.23718366
104,66,330459,f,Q,Q,Q,0.71596223,True,0.022077367,0.062218945,0.10611436,0.09362708,0.71596223
104,66,330740,f,Q,Q,Q,0.9207121,True,0.010345947,0.012787223,0.028446838,0.027707832,0.9207121
104,66,331038,/,Q,Q,Q,0.9318975,True,0.008001826,0.008690249,0.018604169,0.032806225,0.9318975
104,66,331332,/,Q,Q,Q,0.7483418,True,0.010007943,0.018790133,0.12757349,0.09528663,0.7483418
104,66,331612,/,Q,Q,Q,0.6700297,True,0.0086781075,0.025349095,0.10512044,0.19082274,0.6700297
104,66,331888,/,Q,Q,Q,0.8493103,True,0.007769386,0.011543196,0.04771846,0.083658665,0.8493103
104,66,332189,/,Q,Q,Q,0.81073534,True,0.008343658,0.014328806,0.059696294,0.106895916,0.81073534
104,66,332485,f,Q,Q,V,0.38642734,False,0.010491819,0.06183796,0.38642734,0.22860356,0.31263936
104,66,332780,f,Q,Q,V,0.6726781,False,0.0055544972,0.073732324,0.6726781,0.13621493,0.11182019
104,66,333075,f,Q,Q,V,0.3502273,False,0.01830352,0.1378988,0.3502273,0.27143875,0.2221316
104,66,333358,V,V,V,V,0.91012436,True,0.003703182,0.027389644,0.91012436,0.03573733,0.023045516
104,66,333655,/,Q,Q,V,0.39566788,False,0.013017384,0.078206666,0.39566788,0.20631108,0.30679697
104,66,333933,/,Q,Q,Q,0.50321,True,0.009976746,0.053727545,0.31161392,0.121471785,0.50321
104,66,334228,/,Q,Q,Q,0.66539425,True,0.009850221,0.04028633,0.09971907,0.18475014,0.66539425
104,66,334525,/,Q,Q,Q,0.7601646,True,0.009066494,0.02328056,0.050437775,0.15705054,0.7601646
104,66,334812,f,Q,Q,F,0.38678652,False,0.008793528,0.058048315,0.2487259,0.38678652,0.29764578
104,66,335114,f,Q,Q,V,0.6494557,False,0.0053551514,0.087988235,0.6494557,0.15087782,0.106323116
104,66,335438,f,Q,Q,V,0.5584355,False,0.033406198,0.077070154,0.5584355,0.03491164,0.2961765
104,66,335708,/,Q,Q,Q,0.6194945,True,0.018721122,0.04718129,0.21064451,0.10395857,0.6194945
104,66,335986,/,Q,Q,Q,0.78326875,True,0.010189546,0.026514627,0.11813278,0.06189424,0.78326875
104,66,336269,/,Q,Q,Q,0.7675099,True,0.0090902895,0.027526755,0.049333695,0.14653935,0.7675099
104,66,336568,/,Q,Q,Q,0.8958248,True,0.00723809,0.011578785,0.024450645,0.060907673,0.8958248
104,66,336862,/,Q,Q,Q,0.93412,True,0.006827555,0.0077214055,0.013302039,0.038028933,0.93412
104,66,337162,/,Q,Q,Q,0.9044416,True,0.009639738,0.008993908,0.016313728,0.060611032,0.9044416
104,66,337453,f,Q,Q,Q,0.4037684,True,0.014212461,0.05120791,0.21941775,0.31139344,0.4037684
104,66,337757,f,Q,Q,V,0.6126138,False,0.005860248,0.14081955,0.6126138,0.1331057,0.10760068
104,66,338057,f,Q,Q,Q,0.48859197,True,0.025816396,0.1388134,0.3005832,0.04619508,0.48859197
104,66,338315,f,Q,Q,Q,0.82544345,True,0.013012962,0.03212661,0.10881544,0.02060155,0.82544345
104,66,338614,/,Q,Q,Q,0.93024623,True,0.0081076985,0.011170323,0.02497664,0.025499133,0.93024623
104,66,338908,/,Q,Q,Q,0.9538518,True,0.0070092836,0.0058731707,0.013114155,0.020151561,0.9538518
104,66,339204,/,Q,Q,Q,0.9539989,True,0.008286186,0.0054940823,0.008720109,0.023500688,0.9539989
104,66,339502,/,Q,Q,Q,0.92818314,True,0.00969487,0.0064922664,0.014769131,0.040860645,0.92818314
104,66,339803,/,Q,Q,Q,0.92828375,True,0.009118665,0.005732466,0.016357196,0.04050787,0.92828375
104,66,340088,/,Q,Q,Q,0.9431275,True,0.0086533865,0.004828715,0.010984286,0.032406054,0.9431275
104,66,340364,f,Q,Q,Q,0.5882572,True,0.021473765,0.1182846,0.17067486,0.1013095,0.5882572
104,66,340677,f,Q,Q,Q,0.6605696,True,0.019811641,0.13012822,0.14658676,0.04290375,0.6605696
104,66,340957,/,Q,Q,Q,0.88703,True,0.010657503,0.02548559,0.049358085,0.027468858,0.88703
104,66,341253,/,Q,Q,Q,0.93469656,True,0.0081696715,0.011240045,0.01863879,0.027254945,0.93469656
104,66,341554,/,Q,Q,Q,0.9168122,True,0.0077484166,0.009952642,0.03182058,0.0336661,0.9168122
104,66,341854,/,Q,Q,Q,0.85282254,True,0.009154181,0.016229121,0.03123583,0.09055829,0.85282254
104,66,342145,/,Q,Q,Q,0.81106454,True,0.008119161,0.016690178,0.061674766,0.10245133,0.81106454
104,66,342422,/,Q,Q,Q,0.85452056,True,0.0073161237,0.012968276,0.055912625,0.06928242,0.85452056
104,66,342709,/,Q,Q,Q,0.92102414,True,0.008012798,0.006920093,0.018300103,0.045742862,0.92102414
104,66,343001,f,Q,Q,Q,0.5290607,True,0.013919833,0.06552258,0.20354183,0.187955,0.5290607
104,66,343314,f,Q,Q,Q,0.45283675,True,0.017328545,0.13567019,0.28914958,0.105014935,0.45283675
104,66,343600,f,Q,Q,Q,0.8746027,True,0.012092766,0.021771526,0.07198568,0.019547315,0.8746027
104,66,343900,/,Q,Q,Q,0.87125486,True,0.009182591,0.02197996,0.0393016,0.058281012,0.87125486
104,66,344200,/,Q,Q,Q,0.8345881,True,0.008598277,0.019644016,0.05599296,0.08117662,0.8345881
104,66,344479,/,Q,Q,Q,0.8179448,True,0.007666061,0.016865833,0.08631731,0.07120605,0.8179448
104,66,344755,/,Q,Q,Q,0.8964795,True,0.006807138,0.01190392,0.02613094,0.05867849,0.8964795
104,66,345056,/,Q,Q,Q,0.7770122,True,0.008335821,0.020928362,0.07483566,0.11888791,0.7770122
104,66,345351,f,Q,Q,Q,0.405816,True,0.012873076,0.057133466,0.28834933,0.2358281,0.405816
104,66,345646,f,Q,Q,V,0.5795771,False,0.007224656,0.061703913,0.5795771,0.1781504,0.17334402
104,66,345944,f,Q,Q,F,0.41177654,False,0.015993077,0.093524985,0.16766737,0.41177654,0.31103805
104,66,346247,/,Q,Q,Q,0.6425053,True,0.009536696,0.041306883,0.08538731,0.22126384,0.6425053
104,66,346530,/,Q,Q,Q,0.5466861,True,0.009238843,0.044425137,0.09915737,0.30049253,0.5466861
104,66,346806,/,Q,Q,Q,0.77497774,True,0.00790743,0.023145923,0.036679745,0.15728912,0.77497774
104,66,347102,/,Q,Q,Q,0.87080145,True,0.008073468,0.014611257,0.017188942,0.08932492,0.87080145
104,66,347395,/,Q,Q,Q,0.90378344,True,0.008797317,0.009302095,0.017681405,0.06043578,0.90378344
104,66,347689,/,Q,Q,Q,0.87415916,True,0.010003201,0.010812464,0.024970531,0.0800546,0.87415916
104,66,347994,f,Q,Q,Q,0.3919621,True,0.014054115,0.07722595,0.21412453,0.3026333,0.3919621
104,66,348286,f,Q,Q,F,0.4652341,False,0.0138437,0.072279274,0.06497138,0.4652341,0.38367152
104,66,348581,/,Q,Q,Q,0.6131057,True,0.007842018,0.03745111,0.12101094,0.22059023,0.6131057
104,66,348861,/,Q,Q,Q,0.5120282,True,0.0073104147,0.04257831,0.22241054,0.2156726,0.5120282
104,66,349146,/,Q,Q,Q,0.6673518,True,0.0073824283,0.034217637,0.062787406,0.22826077,0.6673518
104,66,349440,/,Q,Q,Q,0.678017,True,0.008147711,0.027847916,0.065718874,0.22026849,0.678017
104,66,349734,/,Q,Q,Q,0.7314786,True,0.007815124,0.021177376,0.050055668,0.18947324,0.7314786
104,66,350035,f,Q,Q,F,0.46610433,False,0.0072220294,0.07928486,0.22989433,0.46610433,0.21749443
104,66,350336,f,Q,Q,V,0.5355198,False,0.004999599,0.14469868,0.5355198,0.20281367,0.11196833
104,66,350636,f,Q,Q,F,0.49763936,False,0.017796023,0.16897342,0.19121183,0.49763936,0.12437943
104,66,350916,/,Q,Q,F,0.42486864,False,0.008865881,0.107438594,0.2800892,0.42486864,0.1787377
104,66,351196,/,Q,Q,Q,0.5405286,True,0.009023841,0.06402236,0.124624,0.2618012,0.5405286
104,66,351490,/,Q,Q,Q,0.6926995,True,0.008174415,0.040186316,0.101377405,0.1575624,0.6926995
104,66,351779,/,Q,Q,Q,0.54870546,True,0.007112026,0.044096168,0.17766763,0.22241871,0.54870546
104,66,352075,/,Q,Q,Q,0.72294205,True,0.0072869137,0.028397636,0.05565745,0.185716,0.72294205
104,66,352374,f,Q,Q,F,0.43442842,False,0.00812537,0.06476711,0.25011933,0.43442842,0.2425597
104,66,352676,f,Q,Q,V,0.6047634,False,0.00568322,0.1775921,0.6047634,0.13017412,0.08178723
104,66,352964,f,Q,Q,Q,0.38301522,True,0.029399047,0.15144429,0.34746632,0.08867512,0.38301522
104,66,353239,/,Q,Q,Q,0.7428374,True,0.012883649,0.050885927,0.08776772,0.10562531,0.7428374
104,66,353536,/,Q,Q,Q,0.8734655,True,0.007699276,0.022057513,0.039451987,0.0573257,0.8734655
104,66,353827,/,Q,Q,Q,0.8532824,True,0.0070953704,0.018889861,0.07310569,0.047626648,0.8532824
104,66,354115,/,Q,Q,Q,0.8142118,True,0.0071512223,0.021200914,0.047089785,0.110346295,0.8142118
104,66,354416,/,Q,Q,Q,0.88466644,True,0.007063528,0.011506533,0.025431084,0.07133244,0.88466644
104,66,354723,/,Q,Q,Q,0.8979827,True,0.00776086,0.00960718,0.01703238,0.067616805,0.8979827
104,66,354993,N,N,N,V,0.51019144,False,0.018902376,0.038127467,0.51019144,0.1188429,0.3139359
104,66,355284,f,Q,Q,V,0.6705285,False,0.007974212,0.061467893,0.6705285,0.107621334,0.15240815
104,66,355571,f,Q,Q,Q,0.8581732,True,0.0115129305,0.017558714,0.08580244,0.026952734,0.8581732
104,66,355861,/,Q,Q,Q,0.89890516,True,0.0085817855,0.013781062,0.034604944,0.04412712,0.89890516
104,66,356153,/,Q,Q,Q,0.94132245,True,0.007438193,0.006808744,0.011194631,0.033235997,0.94132245
104,66,356456,/,Q,Q,Q,0.8681335,True,0.008635341,0.011404256,0.055287786,0.05653911,0.8681335
104,66,356755,/,Q,Q,Q,0.92487574,True,0.007428152,0.007721283,0.016962998,0.043011893,0.92487574
104,66,357057,/,Q,Q,Q,0.9287673,True,0.007241564,0.0065402333,0.020777313,0.036673497,0.9287673
104,66,357337,/,Q,Q,Q,0.8982385,True,0.008135237,0.007867091,0.04128405,0.044475082,0.8982385
104,66,357618,f,Q,Q,Q,0.43241683,True,0.011983829,0.05825067,0.23237462,0.264974,0.43241683
104,66,357900,N,N,N,V,0.8295625,False,0.0052615865,0.035270546,0.8295625,0.06394197,0.0659634
104,66,358201,f,Q,Q,V,0.8069541,False,0.0057524624,0.055926826,0.8069541,0.07750827,0.05385837
104,66,358525,f,Q,Q,V,0.85411453,False,0.01730201,0.051519275,0.85411453,0.015658323,0.06140586
104,66,358801,/,Q,Q,Q,0.6153272,True,0.024808176,0.04765403,0.24674203,0.06546857,0.6153272
104,66,359107,/,Q,Q,Q,0.8844946,True,0.012292434,0.017613154,0.0488397,0.0367601,0.8844946
104,66,359389,/,Q,Q,Q,0.89967865,True,0.008333543,0.012985603,0.042999405,0.036002863,0.89967865
104,66,359666,/,Q,Q,Q,0.9231019,True,0.007602909,0.00962772,0.025793383,0.03387412,0.9231019
104,66,359962,/,Q,Q,Q,0.91392106,True,0.00802976,0.008808971,0.029348917,0.039891336,0.91392106
104,66,360247,/,Q,Q,Q,0.9466161,True,0.0076434356,0.005180443,0.016537877,0.024022121,0.9466161
104,66,360538,/,Q,Q,Q,0.9504882,True,0.007854217,0.004831815,0.011138953,0.025686778,0.9504882
104,66,360810,N,N,N,V,0.4431161,False,0.02259153,0.034397542,0.4431161,0.110861614,0.3890332
104,66,361132,f,Q,Q,V,0.63328373,False,0.008935319,0.05548587,0.63328373,0.13126442,0.17103072
104,66,361421,f,Q,Q,Q,0.8291718,True,0.016744738,0.019191997,0.10862003,0.026271472,0.8291718
104,66,361699,/,Q,Q,Q,0.93363523,True,0.008373474,0.00934649,0.02130735,0.027337477,0.93363523
104,66,361992,/,Q,Q,Q,0.9481292,True,0.008031511,0.0063390555,0.0103543885,0.02714582,0.9481292
104,66,362281,/,Q,Q,Q,0.92749584,True,0.008454515,0.0073777004,0.01893312,0.037738796,0.92749584
104,66,362566,/,Q,Q,Q,0.94329834,True,0.0075677983,0.005652591,0.014647841,0.028833402,0.94329834
104,66,362866,/,Q,Q,Q,0.9424816,True,0.0075693913,0.00547551,0.015720936,0.028752549,0.9424816
104,66,363169,/,Q,Q,Q,0.9225567,True,0.009255979,0.0066238884,0.015134394,0.046429038,0.9225567
104,66,363461,f,Q,Q,Q,0.58484185,True,0.015962595,0.037775785,0.20519838,0.15622133,0.58484185
104,66,363752,f,Q,Q,V,0.66496605,False,0.008051585,0.058740605,0.66496605,0.0982374,0.1700043
104,66,364062,f,Q,Q,V,0.7996193,False,0.014800141,0.045102175,0.7996193,0.017991245,0.12248712
104,66,364326,/,Q,Q,Q,0.8035973,True,0.014329529,0.024109123,0.12264749,0.035316557,0.8035973
104,66,364613,/,Q,Q,Q,0.8912547,True,0.010297908,0.015722297,0.03752428,0.04520076,0.8912547
104,66,364913,/,Q,Q,Q,0.795125,True,0.010369776,0.021889947,0.038293105,0.13432214,0.795125
104,66,365215,/,Q,Q,Q,0.88011664,True,0.0083854105,0.012083879,0.020240698,0.07917345,0.88011664
104,66,365525,/,Q,Q,Q,0.9156408,True,0.007733713,0.008502636,0.015650446,0.052472472,0.9156408
104,66,365813,/,Q,Q,Q,0.82025534,True,0.009415882,0.013213608,0.08147993,0.07563522,0.82025534
104,66,366089,f,Q,Q,Q,0.40579847,True,0.012187621,0.04859403,0.31743407,0.21598583,0.40579847
104,66,366382,f,Q,Q,V,0.73960847,False,0.0063958624,0.087706834,0.73960847,0.073259115,0.09302973
104,66,366666,f,Q,Q,V,0.3658409,False,0.04602059,0.13234648,0.3658409,0.13322124,0.32257074
104,66,366953,/,Q,Q,Q,0.62880594,True,0.01745949,0.05026118,0.14234549,0.16112795,0.62880594
104,66,367257,/,Q,Q,Q,0.77117026,True,0.0115459245,0.025769161,0.044777837,0.14673686,0.77117026
104,66,367564,/,Q,Q,Q,0.77589935,True,0.0094266245,0.021907015,0.030467205,0.16229974,0.77589935
104,66,367857,/,Q,Q,Q,0.8381281,True,0.007514479,0.015163041,0.028939819,0.11025458,0.8381281
104,66,368137,/,Q,Q,Q,0.8449152,True,0.007855463,0.013427428,0.0347728,0.099029064,0.8449152
104,66,368431,/,Q,Q,Q,0.87095994,True,0.008851672,0.01097963,0.026442235,0.08276648,0.87095994
104,66,368720,f,Q,Q,Q,0.4887085,True,0.014445349,0.036304016,0.17481568,0.28572646,0.4887085
104,66,368999,f,Q,Q,Q,0.75532836,True,0.0262614,0.020898124,0.038932584,0.15857954,0.75532836
104,66,369300,/,Q,Q,Q,0.68013376,True,0.017295599,0.014405738,0.074326366,0.21383849,0.68013376
104,66,369606,/,Q,Q,Q,0.834801,True,0.011490348,0.010064994,0.026183562,0.11746007,0.834801
104,66,369907,/,Q,Q,Q,0.8933035,True,0.009308915,0.0077104205,0.021779198,0.06789791,0.8933035
104,66,370191,/,Q,Q,Q,0.7174531,True,0.011303209,0.017612008,0.08019687,0.17343484,0.7174531
104,66,370477,/,Q,Q,Q,0.8237317,True,0.008715866,0.01182164,0.04190151,0.113829255,0.8237317
104,66,370765,/,Q,Q,Q,0.87151915,True,0.008593115,0.008516718,0.030930545,0.0804405,0.87151915
104,66,371053,f,Q,Q,Q,0.43650022,True,0.012281879,0.06225818,0.23758836,0.25137135,0.43650022
104,66,371347,f,Q,Q,F,0.6439873,False,0.015332756,0.07142369,0.065324076,0.6439873,0.20393223
104,66,371652,/,Q,Q,Q,0.630442,True,0.009955967,0.03223248,0.068432525,0.25893697,0.630442
104,66,371958,/,Q,Q,Q,0.65771645,True,0.010082951,0.033962216,0.05868951,0.2395488,0.65771645
104,66,372245,/,Q,Q,Q,0.7280218,True,0.009248784,0.027571784,0.07391447,0.16124317,0.7280218
104,66,372526,/,Q,Q,Q,0.76914155,True,0.007955663,0.019189417,0.063451976,0.14026135,0.76914155
104,66,372819,/,Q,Q,Q,0.7250162,True,0.007958076,0.020285353,0.091220126,0.1555203,0.7250162
104,66,373104,/,Q,Q,Q,0.56471497,True,0.0075848033,0.02857508,0.22132173,0.1778034,0.56471497
104,66,373395,f,Q,Q,V,0.4103541,False,0.006789361,0.10207072,0.4103541,0.28057152,0.20021437
104,66,373719,f,Q,Q,V,0.67399186,False,0.018841691,0.0750102,0.67399186,0.033160314,0.19899602
104,66,374005,/,Q,Q,Q,0.570119,True,0.015626617,0.05592983,0.24491228,0.113412306,0.570119
104,66,374298,/,Q,Q,Q,0.8390271,True,0.008844845,0.021668518,0.07250664,0.057952855,0.8390271
104,66,374576,/,Q,Q,Q,0.8439802,True,0.006492191,0.019664602,0.06276281,0.067100175,0.8439802
104,66,374873,/,Q,Q,Q,0.8060552,True,0.0062492983,0.021873625,0.054268934,0.11155298,0.8060552
104,66,375158,/,Q,Q,Q,0.7379829,True,0.007258459,0.024499543,0.0949254,0.1353336,0.7379829
104,66,375439,/,Q,Q,Q,0.81625193,True,0.0067957155,0.01583832,0.067447826,0.09366625,0.81625193
104,66,375724,N,N,N,V,0.63721704,False,0.013029657,0.041737415,0.63721704,0.09858589,0.20943001
104,66,376043,f,Q,Q,V,0.71263427,False,0.0060424386,0.06717847,0.71263427,0.098645926,0.11549893
104,66,376340,f,Q,Q,Q,0.7876306,True,0.014384374,0.02579529,0.14332606,0.028863633,0.7876306
104,66,376627,/,Q,Q,Q,0.88622415,True,0.008371778,0.016542729,0.0473568,0.04150456,0.88622415
104,66,376918,/,Q,Q,Q,0.93024254,True,0.0067385226,0.009221916,0.018595181,0.035201903,0.93024254
104,66,377204,/,Q,Q,Q,0.8951401,True,0.007715029,0.010911446,0.027499259,0.058734115,0.8951401
104,66,377488,/,Q,Q,Q,0.9348611,True,0.007458926,0.0069471183,0.012358085,0.0383748,0.9348611
104,66,377785,/,Q,Q,Q,0.9526308,True,0.007819405,0.0049589127,0.010822593,0.02376821,0.9526308
104,66,378086,/,Q,Q,Q,0.90501523,True,0.009527912,0.007577592,0.026660198,0.05121904,0.90501523
104,66,378378,N,N,N,V,0.5153076,False,0.019870516,0.026679747,0.5153076,0.1013899,0.3367522
104,66,378673,f,Q,Q,V,0.77782327,False,0.008327025,0.047090005,0.77782327,0.05876254,0.10799716
104,66,378981,f,Q,Q,Q,0.488288,True,0.023381602,0.04267366,0.41938335,0.026273409,0.488288
104,66,379253,/,Q,Q,Q,0.79798234,True,0.0132532185,0.018431652,0.14911807,0.021214727,0.79798234
104,66,379531,/,Q,Q,Q,0.9331991,True,0.009157648,0.008675002,0.028666124,0.020302083,0.9331991
104,66,379822,/,Q,Q,Q,0.94980216,True,0.008061949,0.0061082016,0.0129530635,0.023074657,0.94980216
104,66,380123,/,Q,Q,Q,0.9360116,True,0.009332168,0.007230633,0.010675921,0.03674969,0.9360116
104,66,380434,/,Q,Q,Q,0.92867243,True,0.009611237,0.0067912256,0.012411388,0.042513747,0.92867243
104,66,380730,/,Q,Q,Q,0.94350356,True,0.0076137814,0.0053196624,0.014099643,0.02946332,0.94350356
104,66,381011,/,Q,Q,Q,0.9372143,True,0.007893738,0.0056491643,0.015663154,0.033579618,0.9372143
104,66,381286,N,N,N,V,0.46764016,False,0.020718211,0.044906363,0.46764016,0.117454246,0.34928098
104,66,381593,f,Q,Q,V,0.5511257,False,0.0062083295,0.15519427,0.5511257,0.17597185,0.111499965
104,66,381859,f,Q,Q,Q,0.72578233,True,0.011254099,0.049199466,0.17498904,0.038775038,0.72578233
104,66,382156,/,Q,Q,Q,0.8838955,True,0.008381337,0.02209664,0.033408716,0.05221775,0.8838955
104,66,382466,/,Q,Q,Q,0.89917666,True,0.00850384,0.012472972,0.023086127,0.05676043,0.89917666
104,66,382766,/,Q,Q,Q,0.92440504,True,0.008099526,0.0087983655,0.012536706,0.046160318,0.92440504
104,66,383049,/,Q,Q,Q,0.93572634,True,0.0077599594,0.007081143,0.013272428,0.036160078,0.93572634
104,66,383343,/,Q,Q,Q,0.9407169,True,0.008298742,0.005976225,0.010795148,0.03421291,0.9407169
104,66,383628,/,Q,Q,Q,0.8736661,True,0.009375143,0.009592253,0.04708733,0.06027919,0.8736661
104,66,383891,N,N,N,V,0.5896775,False,0.016059782,0.034634653,0.5896775,0.101686105,0.25794187
104,66,384194,f,Q,Q,V,0.82315964,False,0.0069382265,0.059038073,0.82315964,0.03924776,0.07161628
104,66,384524,f,Q,Q,V,0.84670484,False,0.01398428,0.044183243,0.84670484,0.013674163,0.08145355
104,66,384805,/,Q,Q,Q,0.57317364,True,0.020084782,0.041399352,0.32250535,0.04283691,0.57317364
104,66,385097,/,Q,Q,Q,0.8488641,True,0.012657539,0.0222539,0.073344946,0.042879555,0.8488641
104,66,385386,/,Q,Q,Q,0.9203024,True,0.008274506,0.010913316,0.024569688,0.035940066,0.9203024
104,66,385673,/,Q,Q,Q,0.9385621,True,0.007577698,0.007173668,0.015972957,0.030713545,0.9385621
104,66,385954,/,Q,Q,Q,0.94345,True,0.0076143113,0.0057877395,0.013288209,0.029859776,0.94345
104,66,386247,/,Q,Q,Q,0.92125845,True,0.008088477,0.0070477673,0.025000997,0.03860433,0.92125845
104,66,386546,f,Q,Q,Q,0.5091966,True,0.014276331,0.046174042,0.16963655,0.26071653,0.5091966
104,66,386861,f,Q,Q,V,0.49488842,False,0.0065578506,0.07735001,0.49488842,0.26245615,0.15874764
104,66,387147,f,Q,Q,Q,0.73580724,True,0.013178106,0.042518854,0.14182271,0.066673085,0.73580724
104,66,387432,/,Q,Q,Q,0.84835696,True,0.0077014286,0.023177708,0.05026218,0.0705017,0.84835696
104,66,401149,N,N,N,V,0.7058145,False,0.008952576,0.073389575,0.7058145,0.08085121,0.13099208
104,66,404091,N,N,N,V,0.91176105,False,0.0034495106,0.0447992,0.91176105,0.022761479,0.017228747
104,66,421334,N,N,N,V,0.9204381,False,0.0033069411,0.05112387,0.9204381,0.017177844,0.00795318
104,66,424261,N,N,N,V,0.93635035,False,0.003248774,0.03984942,0.93635035,0.013915907,0.0066355527
104,66,426872,N,N,N,V,0.783447,False,0.0050538294,0.16042629,0.783447,0.039722674,0.011350185
104,66,443562,N,N,N,V,0.9067213,False,0.003191639,0.0628996,0.9067213,0.020070948,0.007116468
104,66,446179,N,N,N,V,0.9321269,False,0.002961859,0.04184171,0.9321269,0.016570162,0.0064994544
104,66,451753,N,N,N,V,0.9228116,False,0.0031378253,0.049115524,0.9228116,0.018083392,0.0068515725
104,66,466051,N,N,N,V,0.92428815,False,0.0032844744,0.049869664,0.92428815,0.015808884,0.0067488677
104,66,468698,N,N,N,V,0.9311021,False,0.0031947838,0.044515684,0.9311021,0.0146124195,0.0065750177
104,66,471610,N,N,N,V,0.9261599,False,0.0033067635,0.048144348,0.9261599,0.015812626,0.0065763597
104,66,474231,N,N,N,V,0.9273041,False,0.0033960203,0.04786258,0.9273041,0.014313926,0.007123413
104,66,490904,N,N,N,V,0.90324354,False,0.0039152894,0.067130305,0.90324354,0.018362667,0.0073481756
104,66,493798,N,N,N,V,0.93331456,False,0.0031897016,0.042074382,0.93331456,0.014867156,0.006554184
104,66,496725,N,N,N,V,0.93110406,False,0.0032515882,0.04385102,0.93110406,0.014903441,0.006889878
104,66,514573,N,N,N,V,0.918242,False,0.003458741,0.054413844,0.918242,0.01692969,0.006955691
104,66,517471,N,N,N,V,0.89819515,False,0.0039713895,0.07210211,0.89819515,0.017837187,0.007894181
104,66,535288,N,N,N,V,0.91787815,False,0.0034016322,0.05587749,0.91787815,0.016284231,0.0065583466
104,66,537927,N,N,N,V,0.9373269,False,0.0029787417,0.038420193,0.9373269,0.014908403,0.0063657337
104,66,540554,N,N,N,V,0.93708074,False,0.003265894,0.035678484,0.93708074,0.01678574,0.007189247
104,66,540851,N,N,N,V,0.90084374,False,0.0043641333,0.067005575,0.90084374,0.019672073,0.008114567
104,66,543458,N,N,N,V,0.91668135,False,0.003648936,0.0564967,0.91668135,0.016192898,0.006980191
104,66,557513,N,N,N,V,0.9106493,False,0.0035477986,0.061657727,0.9106493,0.017657423,0.006487847
104,66,560153,N,N,N,V,0.9312767,False,0.0031324432,0.04308497,0.9312767,0.016100833,0.0064049973
104,66,563029,N,N,N,V,0.9350689,False,0.0030821553,0.040023286,0.9350689,0.015253498,0.0065720705
104,66,565951,N,N,N,V,0.92963046,False,0.003209039,0.04479781,0.92963046,0.015380701,0.0069820196
104,66,581181,N,N,N,V,0.9205658,False,0.0034682266,0.05213488,0.9205658,0.016578568,0.007252645
104,66,584087,N,N,N,V,0.94192606,False,0.0031078935,0.034937236,0.94192606,0.013477704,0.0065511074
104,66,586986,N,N,N,V,0.9374446,False,0.0033326705,0.03738603,0.9374446,0.0147387795,0.0070979185
104,66,589936,N,N,N,V,0.9336643,False,0.0035740442,0.039317094,0.9336643,0.01611761,0.0073269717
104,66,590218,N,N,N,V,0.7151283,False,0.008446944,0.23630291,0.7151283,0.02861822,0.011503668
104,66,605714,N,N,N,V,0.86710304,False,0.004431261,0.09842981,0.86710304,0.022499602,0.0075362194
104,66,625303,N,N,N,V,0.90869415,False,0.0034117799,0.06344076,0.90869415,0.017919973,0.006533416
104,66,631459,N,N,N,V,0.86247253,False,0.0042768917,0.1017106,0.86247253,0.023760352,0.0077796048
104,66,634366,N,N,N,V,0.92107654,False,0.0033885932,0.050967082,0.92107654,0.017743032,0.0068246825
108,87,442,N,N,N,V,0.9204758,False,0.004839073,0.057539076,0.9204758,0.009690614,0.0074554835
108,87,789,N,N,N,V,0.85099816,False,0.0084396945,0.11919192,0.85099816,0.011969541,0.0094007235
108,87,1155,N,N,N,V,0.8745884,False,0.0066055614,0.09800334,0.8745884,0.01152454,0.0092781335
108,87,1493,N,N,N,V,0.8391215,False,0.008018156,0.13083161,0.8391215,0.012660451,0.00936827
108,87,1821,N,N,N,V,0.80385715,False,0.008883025,0.16442943,0.80385715,0.013569857,0.009260428
108,87,2157,N,N,N,V,0.79249746,False,0.00996811,0.17412116,0.79249746,0.014320641,0.009092634
108,87,2517,N,N,N,V,0.817343,False,0.008189772,0.15114793,0.817343,0.013965164,0.00935415
108,87,2889,N,N,N,V,0.7994562,False,0.008244703,0.16736332,0.7994562,0.015344017,0.009591827
108,87,3238,N,N,N,V,0.775224,False,0.008942306,0.19007659,0.775224,0.015862172,0.009894918
108,87,3593,N,N,N,V,0.824386,False,0.0074827624,0.14441301,0.824386,0.014349733,0.009368531
108,87,3924,N,N,N,V,0.78916955,False,0.008562646,0.17750543,0.78916955,0.015394091,0.009368345
108,87,4105,V,V,V,V,0.6267176,True,0.009304898,0.3030191,0.6267176,0.050576176,0.010382244
108,87,4602,N,N,N,V,0.70711005,False,0.009310662,0.25156823,0.70711005,0.021952264,0.010058762
108,87,4971,N,N,N,V,0.80854106,False,0.0072860946,0.15769817,0.80854106,0.01696584,0.009508802
108,87,5350,N,N,N,V,0.82998234,False,0.0068332963,0.13901387,0.82998234,0.014602249,0.009568246
108,87,5715,N,N,N,V,0.8204221,False,0.0074080406,0.14876772,0.8204221,0.014503169,0.008898942
108,87,6115,N,N,N,V,0.72874314,False,0.010207506,0.23255277,0.72874314,0.017290499,0.011206091
108,87,6479,N,N,N,V,0.75224835,False,0.009607108,0.2111544,0.75224835,0.01689217,0.010097943
108,87,6886,N,N,N,V,0.83141863,False,0.007040691,0.13710837,0.83141863,0.014890552,0.009541824
108,87,7287,N,N,N,V,0.7880717,False,0.008324438,0.17764866,0.7880717,0.01532008,0.010635087
108,87,7687,N,N,N,V,0.7773802,False,0.008935891,0.18780065,0.7773802,0.015997022,0.009886216
108,87,8056,N,N,N,V,0.7247741,False,0.010066609,0.23762047,0.7247741,0.017483821,0.010055052
108,87,8432,N,N,N,V,0.7693315,False,0.008909532,0.19519423,0.7693315,0.016474951,0.010089763
108,87,8804,N,N,N,V,0.7172288,False,0.010018373,0.244159,0.7172288,0.017840538,0.010753375
108,87,9196,N,N,N,V,0.7946137,False,0.007536755,0.1707772,0.7946137,0.016418772,0.01065364
108,87,9586,N,N,N,V,0.85419446,False,0.0061903964,0.11616342,0.85419446,0.013491868,0.009959913
108,87,9963,N,N,N,V,0.5871846,False,0.014531187,0.36576372,0.5871846,0.018732509,0.013788071
108,87,10325,N,N,N,S,0.49920964,False,0.014445453,0.49920964,0.45127624,0.022832124,0.012236528
108,87,10696,N,N,N,V,0.6402815,False,0.011060999,0.31666926,0.6402815,0.020643672,0.011344493
108,87,10876,V,V,V,V,0.85361606,True,0.0053528994,0.10677276,0.85361606,0.026320765,0.007937493
108,87,11453,N,N,N,V,0.83774585,False,0.0069948765,0.13046528,0.83774585,0.015816683,0.008977378
108,87,11819,N,N,N,V,0.8664555,False,0.006572218,0.10607533,0.8664555,0.012961469,0.007935399
108,87,12174,N,N,N,V,0.85571766,False,0.0070701777,0.116285086,0.85571766,0.01250116,0.008425887
108,87,12509,N,N,N,V,0.72915727,False,0.011516611,0.23231554,0.72915727,0.015958628,0.011051972
108,87,12856,N,N,N,V,0.7908398,False,0.009225204,0.17509681,0.7908398,0.015338608,0.009499557
108,87,13236,N,N,N,V,0.8393153,False,0.0073946677,0.1297686,0.8393153,0.013589355,0.009932032
108,87,13644,N,N,N,V,0.77697957,False,0.009591723,0.18743898,0.77697957,0.01528278,0.010706892
108,87,14073,N,N,N,V,0.81149256,False,0.007867195,0.15617634,0.81149256,0.015344115,0.009119867
108,87,14467,N,N,N,V,0.7220152,False,0.01060828,0.24053402,0.7220152,0.016826399,0.010016075
108,87,14847,N,N,N,V,0.72563803,False,0.011378373,0.23602837,0.72563803,0.0169821,0.009973071
108,87,15222,N,N,N,V,0.7601797,False,0.009815321,0.20343077,0.7601797,0.016488183,0.010086007
108,87,15620,N,N,N,V,0.86326337,False,0.006255558,0.1083276,0.86326337,0.013022729,0.00913076
108,87,16018,N,N,N,V,0.86561865,False,0.0062621897,0.107241616,0.86561865,0.012468813,0.008408699
108,87,16403,N,N,N,V,0.8535494,False,0.00690334,0.118425034,0.8535494,0.0126486365,0.008473492
108,87,16788,N,N,N,V,0.8394321,False,0.007265271,0.13132046,0.8394321,0.013436812,0.008545337
108,87,17161,N,N,N,V,0.8364049,False,0.007378228,0.13408513,0.8364049,0.013530481,0.008601267
108,87,17534,N,N,N,V,0.84524435,False,0.007440186,0.12572491,0.84524435,0.013247971,0.008342615
108,87,17932,N,N,N,V,0.867675,False,0.0069819517,0.10540432,0.867675,0.011899584,0.008039147
108,87,18327,N,N,N,V,0.8389274,False,0.007020636,0.13156787,0.8389274,0.013569797,0.008914261
108,87,18685,N,N,N,V,0.7632993,False,0.008059557,0.19606048,0.7632993,0.020247774,0.012332844
108,87,19045,N,N,N,V,0.69770014,False,0.010814325,0.25699463,0.69770014,0.018961567,0.015529318
108,87,19416,N,N,N,V,0.89052904,False,0.005973941,0.079707496,0.89052904,0.014713184,0.009076451
108,87,19802,N,N,N,V,0.83486766,False,0.0080956,0.13282436,0.83486766,0.01373084,0.010481602
108,87,20193,N,N,N,V,0.872946,False,0.0053520263,0.099302,0.872946,0.014087122,0.008312778
108,87,20586,N,N,N,V,0.8344168,False,0.006220084,0.13550414,0.8344168,0.014734099,0.0091249
108,87,20942,N,N,N,V,0.7044573,False,0.012528234,0.2538947,0.7044573,0.017423313,0.011696497
108,87,21308,N,N,N,V,0.7678243,False,0.00766889,0.18954809,0.7678243,0.020242795,0.014715933
108,87,21676,N,N,N,V,0.69756263,False,0.011061595,0.2612962,0.69756263,0.017648337,0.012431118
108,87,22054,N,N,N,V,0.7533088,False,0.009914359,0.2096954,0.7533088,0.01661043,0.010470921
108,87,22427,N,N,N,V,0.6804301,False,0.010648783,0.27863976,0.6804301,0.01987004,0.01041123
108,87,22794,N,N,N,V,0.7171398,False,0.009354764,0.24437468,0.7171398,0.018609822,0.010521004
108,87,23189,N,N,N,V,0.696646,False,0.009654549,0.26338845,0.696646,0.019559124,0.010751878
108,87,23610,N,N,N,V,0.601457,False,0.011827977,0.3538639,0.601457,0.021134863,0.011716216
108,87,24037,N,N,N,V,0.72403586,False,0.009383406,0.23663533,0.72403586,0.018914448,0.011030909
108,87,24454,N,N,N,V,0.7032439,False,0.009328995,0.25550073,0.7032439,0.019536328,0.012389982
108,87,24850,N,N,N,V,0.76936746,False,0.008399232,0.1950237,0.76936746,0.01694845,0.010261123
108,87,25232,N,N,N,V,0.7862989,False,0.0080704605,0.1798885,0.7862989,0.016204057,0.009538109
108,87,25617,N,N,N,V,0.83256257,False,0.0069697537,0.13667822,0.83256257,0.014597024,0.009192515
108,87,25991,N,N,N,V,0.8193306,False,0.0074438294,0.14935872,0.8193306,0.014658916,0.00920798
108,87,26386,N,N,N,V,0.78775764,False,0.008434721,0.17675489,0.78775764,0.015423681,0.011629075
108,87,26787,N,N,N,V,0.85113865,False,0.006334814,0.11881989,0.85113865,0.013978614,0.009728005
108,87,27181,N,N,N,V,0.84660554,False,0.006534631,0.123953335,0.84660554,0.013213466,0.00969294
108,87,27545,N,N,N,V,0.7774713,False,0.00914683,0.18688701,0.7774713,0.015411478,0.011083387
108,87,27926,N,N,N,V,0.6494036,False,0.012987662,0.3060861,0.6494036,0.018607808,0.012914839
108,87,28313,N,N,N,V,0.67899746,False,0.010787652,0.27997115,0.67899746,0.019114219,0.011129468
108,87,28717,N,N,N,V,0.7531717,False,0.008629924,0.20864297,0.7531717,0.018739885,0.010815589
108,87,29100,N,N,N,V,0.7200984,False,0.00929106,0.24080291,0.7200984,0.017824847,0.011982819
108,87,29455,N,N,N,V,0.70123035,False,0.009732137,0.25893655,0.70123035,0.019462809,0.010638125
108,87,29796,N,N,N,V,0.73318624,False,0.009762577,0.2295604,0.73318624,0.017789405,0.009701364
108,87,30150,N,N,N,V,0.7228,False,0.009611766,0.23894611,0.7228,0.018104024,0.010538047
108,87,30545,N,N,N,V,0.7539753,False,0.008757099,0.20682041,0.7539753,0.017551217,0.012895976
108,87,30976,N,N,N,V,0.7632391,False,0.008684941,0.2006921,0.7632391,0.01655925,0.010824727
108,87,31420,N,N,N,V,0.7969538,False,0.008217708,0.16853614,0.7969538,0.01527041,0.01102197
108,87,31855,N,N,N,V,0.67488,False,0.01081609,0.28340083,0.67488,0.019099947,0.011803208
108,87,32262,N,N,N,S,0.49132758,False,0.016999915,0.49132758,0.45696533,0.021332676,0.013374379
108,87,32698,N,N,N,V,0.615704,False,0.012164004,0.3373756,0.615704,0.022583602,0.012172806
108,87,33121,N,N,N,V,0.6647637,False,0.010040494,0.29343137,0.6647637,0.02123984,0.010524605
108,87,33513,N,N,N,V,0.6877951,False,0.009747006,0.27224353,0.6877951,0.019477038,0.010737296
108,87,33889,N,N,N,V,0.7163977,False,0.009430715,0.24479234,0.7163977,0.01909483,0.0102843875
108,87,34259,N,N,N,V,0.6783809,False,0.010719259,0.2808142,0.6783809,0.01929415,0.01079149
108,87,34625,N,N,N,V,0.6960017,False,0.009662805,0.2641907,0.6960017,0.019762415,0.010382349
108,87,35018,N,N,N,V,0.68712527,False,0.010198771,0.2705249,0.68712527,0.019273743,0.012877303
108,87,35414,N,N,N,V,0.76024866,False,0.008912993,0.20156267,0.76024866,0.016796982,0.012478764
108,87,35764,N,N,N,V,0.67965275,False,0.010552856,0.27926517,0.67965275,0.018469842,0.012059392
108,87,36115,N,N,N,V,0.6512051,False,0.012380144,0.30568895,0.6512051,0.01964923,0.011076579
108,87,36473,N,N,N,V,0.7132565,False,0.0098345075,0.24748567,0.7132565,0.018415486,0.011007894
108,87,36849,N,N,N,V,0.65008545,False,0.010132899,0.30561203,0.65008545,0.020257015,0.013912621
108,87,37297,N,N,N,V,0.8381667,False,0.0059107803,0.13031842,0.8381667,0.016136557,0.009467544
108,87,37781,N,N,N,V,0.8278651,False,0.006851471,0.14177519,0.8278651,0.014178988,0.009329261
108,87,38198,N,N,N,V,0.7402138,False,0.010873882,0.22093044,0.7402138,0.016396586,0.011585248
108,87,38590,N,N,N,V,0.6733981,False,0.0122830365,0.28489393,0.6733981,0.018142305,0.011282684
108,87,38991,N,N,N,V,0.67943496,False,0.0110062165,0.2770021,0.67943496,0.01883088,0.0137258
108,87,39388,N,N,N,V,0.66528285,False,0.0101980455,0.2929411,0.66528285,0.019988447,0.011589616
108,87,39780,N,N,N,V,0.80194366,False,0.0070428974,0.16379632,0.80194366,0.017144384,0.010072766
108,87,40170,N,N,N,V,0.7826577,False,0.007921115,0.18298379,0.7826577,0.016418684,0.010018758
108,87,40538,N,N,N,V,0.8200597,False,0.0071133245,0.14845967,0.8200597,0.0153856715,0.008981642
108,87,40915,N,N,N,V,0.7912958,False,0.00838696,0.17528057,0.7912958,0.015817817,0.009218854
108,87,41308,N,N,N,V,0.8721083,False,0.005665907,0.10043123,0.8721083,0.012965365,0.008829165
108,87,41701,N,N,N,V,0.8080466,False,0.00791792,0.15532751,0.8080466,0.014747899,0.013960028
108,87,42092,N,N,N,V,0.732154,False,0.010512996,0.2247173,0.732154,0.01648238,0.016133284
108,87,42468,N,N,N,V,0.7472759,False,0.009582317,0.21481974,0.7472759,0.016693912,0.011628163
108,87,42839,N,N,N,V,0.5927729,False,0.011426884,0.36259905,0.5927729,0.020686738,0.012514442
108,87,43221,N,N,N,V,0.5873501,False,0.011240384,0.36403286,0.5873501,0.023058742,0.01431799
108,87,43618,N,N,N,V,0.4929974,False,0.01289183,0.43799397,0.4929974,0.027303843,0.028813025
108,87,44008,N,N,N,V,0.54771066,False,0.01126672,0.4025187,0.54771066,0.022209615,0.016294353
108,87,44391,N,N,N,S,0.552119,False,0.013494527,0.552119,0.39540467,0.024685338,0.014296494
108,87,44777,N,N,N,V,0.5461395,False,0.010978855,0.40685633,0.5461395,0.024000913,0.0120244855
108,87,45147,N,N,N,S,0.5085028,False,0.014237252,0.5085028,0.44077486,0.024136908,0.012348177
108,87,45518,N,N,N,V,0.49981225,False,0.010892632,0.44576156,0.49981225,0.026776446,0.016757067
108,87,45906,N,N,N,V,0.5795163,False,0.013841548,0.34266618,0.5795163,0.035136,0.028839996
108,87,46305,N,N,N,V,0.6128304,False,0.013050856,0.30674118,0.6128304,0.031150732,0.036226775
108,87,46660,N,N,N,V,0.50324875,False,0.018445134,0.42574146,0.50324875,0.023127297,0.029437318
108,87,47006,N,N,N,V,0.5017897,False,0.01233204,0.44663236,0.5017897,0.02359721,0.01564863
108,87,47352,N,N,N,V,0.6066234,False,0.009685631,0.33956838,0.6066234,0.030897455,0.0132251615
108,87,47727,N,N,N,V,0.8032736,False,0.005268534,0.15696411,0.8032736,0.02612237,0.008371313
108,87,48194,N,N,N,V,0.7504422,False,0.008407949,0.19091234,0.7504422,0.027522009,0.022715528
108,87,48638,N,N,N,V,0.7975257,False,0.00751392,0.16196847,0.7975257,0.021399595,0.011592343
108,87,49009,N,N,N,V,0.8438757,False,0.007946166,0.1247716,0.8438757,0.014463049,0.008943424
108,87,49393,N,N,N,V,0.7416641,False,0.00986443,0.21193072,0.7416641,0.022133384,0.01440739
108,87,49781,N,N,N,V,0.70981246,False,0.009059201,0.23711592,0.70981246,0.026745692,0.017266698
108,87,50177,N,N,N,V,0.7884597,False,0.0056466,0.15883243,0.7884597,0.030052114,0.017009202
108,87,50545,N,N,N,V,0.7412473,False,0.0085481955,0.20833816,0.7412473,0.021017835,0.020848628
108,87,50914,N,N,N,V,0.70119506,False,0.008588329,0.24978197,0.70119506,0.02027233,0.020162294
108,87,51267,N,N,N,V,0.62536424,False,0.010710333,0.32772008,0.62536424,0.021235708,0.014969613
108,87,51623,N,N,N,V,0.56541574,False,0.012801851,0.3821003,0.56541574,0.023288015,0.016394125
108,87,52009,N,N,N,V,0.7391628,False,0.006359812,0.21610215,0.7391628,0.024046933,0.014328245
108,87,52396,N,N,N,V,0.7477874,False,0.007519107,0.21220373,0.7477874,0.01973619,0.012753519
108,87,52775,N,N,N,V,0.7595904,False,0.008092331,0.19753091,0.7595904,0.018169789,0.016616527
108,87,53149,N,N,N,V,0.7844807,False,0.01051307,0.17574789,0.7844807,0.015722588,0.013535743
108,87,53501,N,N,N,V,0.55205685,False,0.01948749,0.39471552,0.55205685,0.022513079,0.011227101
108,87,53865,N,N,N,S,0.73369056,False,0.012512507,0.73369056,0.21800265,0.028258672,0.0075355438
108,87,54260,N,N,N,S,0.5851739,False,0.011986371,0.5851739,0.3377236,0.044388678,0.020727472
108,87,54662,N,N,N,S,0.49795833,False,0.014090518,0.49795833,0.43302625,0.030112104,0.024812795
108,87,55039,N,N,N,S,0.64207596,False,0.015405025,0.64207596,0.27994356,0.03194483,0.030630685
108,87,55411,N,N,N,S,0.5866496,False,0.017076522,0.5866496,0.34823316,0.026543222,0.021497576
108,87,55782,N,N,N,S,0.64413977,False,0.01910754,0.64413977,0.28770393,0.024710262,0.024338525
108,87,56173,N,N,N,S,0.5543432,False,0.022741213,0.5543432,0.36322477,0.029158505,0.030532274
108,87,56565,N,N,N,S,0.46096575,False,0.012640969,0.46096575,0.42078415,0.056868322,0.048740774
108,87,56968,N,N,N,V,0.6852808,False,0.019390613,0.2149942,0.6852808,0.024471028,0.055863366
108,87,57329,N,N,N,V,0.50575876,False,0.03204285,0.4132774,0.50575876,0.028055254,0.020865753
108,87,57712,N,N,N,V,0.50938654,False,0.024407517,0.43240735,0.50938654,0.022343835,0.011454717
108,87,58080,N,N,N,S,0.71295136,False,0.026911203,0.71295136,0.23210455,0.020308873,0.00772395
108,87,58484,N,N,N,S,0.5827655,False,0.024410574,0.5827655,0.33445892,0.032384466,0.025980532
108,87,58867,N,N,N,S,0.7539629,False,0.01854659,0.7539629,0.19860114,0.02127725,0.0076121697
108,87,59289,N,N,N,S,0.606751,False,0.017046016,0.606751,0.31152487,0.0470814,0.017596692
108,87,59649,N,N,N,S,0.80378455,False,0.016525114,0.80378455,0.14830974,0.02462782,0.0067528575
108,87,60002,N,N,N,S,0.8348954,False,0.012031944,0.8348954,0.12184406,0.023877008,0.007351606
108,87,60370,N,N,N,S,0.71508163,False,0.013279129,0.71508163,0.23019601,0.033582766,0.0078604985
108,87,60787,N,N,N,S,0.527208,False,0.011336353,0.527208,0.41536015,0.038024925,0.008070667
108,87,61180,N,N,N,S,0.5441175,False,0.012489502,0.5441175,0.4028328,0.032325637,0.008234578
108,87,61581,N,N,N,S,0.4986425,False,0.011750889,0.4986425,0.44737718,0.034124613,0.0081047965
108,87,61953,N,N,N,V,0.5903348,False,0.010039715,0.36080408,0.5903348,0.030293861,0.008527586
108,87,62322,N,N,N,V,0.602511,False,0.010020444,0.3476079,0.602511,0.031809364,0.008051288
108,87,62698,N,N,N,V,0.5549906,False,0.010951887,0.39454246,0.5549906,0.03122745,0.008287644
108,87,63108,N,N,N,V,0.6210831,False,0.021921938,0.27701032,0.6210831,0.03823314,0.04175148
108,87,63491,N,N,N,V,0.5947841,False,0.014395353,0.35462454,0.5947841,0.024229448,0.011966566
108,87,63872,N,N,N,V,0.75748575,False,0.00811274,0.2027803,0.75748575,0.023043292,0.008577897
108,87,64247,N,N,N,V,0.68223035,False,0.01053812,0.27196696,0.68223035,0.026129214,0.009135443
108,87,64615,N,N,N,V,0.78900033,False,0.0068473155,0.17270297,0.78900033,0.023935689,0.0075136307
108,87,64995,N,N,N,V,0.7011361,False,0.0075382865,0.2560739,0.7011361,0.027497511,0.007754181
108,87,65393,N,N,N,V,0.7637836,False,0.0063738767,0.19785437,0.7637836,0.024641173,0.007346979
108,87,65792,N,N,N,V,0.74142975,False,0.0067575867,0.21925487,0.74142975,0.024682986,0.007874757
108,87,66159,N,N,N,V,0.8413589,False,0.0049002743,0.12390087,0.8413589,0.022951387,0.006888692
108,87,66541,N,N,N,V,0.7861918,False,0.005625458,0.17664675,0.7861918,0.02432523,0.0072107418
108,87,66912,N,N,N,V,0.65596914,False,0.007937885,0.29969764,0.65596914,0.027916692,0.008478693
108,87,67296,N,N,N,V,0.7570581,False,0.0065599317,0.20311992,0.7570581,0.025520865,0.0077411365
108,87,67685,N,N,N,S,0.50940126,False,0.009858632,0.50940126,0.44064063,0.03134961,0.00874985
108,87,68075,N,N,N,V,0.6413058,False,0.007862509,0.30994934,0.6413058,0.032255467,0.0086268075
108,87,68451,N,N,N,V,0.52218443,False,0.009085488,0.4277508,0.52218443,0.032386154,0.008593108
108,87,68799,N,N,N,V,0.54601955,False,0.0091004,0.40208015,0.54601955,0.034434393,0.008365467
108,87,69173,N,N,N,S,0.58754987,False,0.010606522,0.58754987,0.36089775,0.032909106,0.008036853
108,87,69528,N,N,N,S,0.5651256,False,0.011048504,0.5651256,0.38130328,0.03422463,0.008298042
108,87,69921,N,N,N,V,0.5570384,False,0.017971357,0.34203446,0.5570384,0.043253016,0.039702762
108,87,70276,N,N,N,V,0.55939704,False,0.013304779,0.38841766,0.55939704,0.027681215,0.011199342
108,87,70727,N,N,N,V,0.85446054,False,0.005614264,0.11278799,0.85446054,0.019502042,0.0076351548
108,87,71158,N,N,N,V,0.83266574,False,0.0052460507,0.13279413,0.83266574,0.022315806,0.006978323
108,87,71628,N,N,N,V,0.6036358,False,0.009164559,0.35113475,0.6036358,0.026846351,0.009218656
108,87,72057,N,N,N,V,0.80405164,False,0.0060861376,0.15906647,0.80405164,0.023160473,0.0076353503
108,87,72458,N,N,N,V,0.86831033,False,0.004569965,0.09812873,0.86831033,0.021651128,0.0073398794
108,87,72839,N,N,N,V,0.7880365,False,0.0062827836,0.1744195,0.7880365,0.023585005,0.007676212
108,87,73220,N,N,N,V,0.7466018,False,0.0070010507,0.21312512,0.7466018,0.025319392,0.007952622
108,87,73604,N,N,N,V,0.76646274,False,0.013769252,0.16202682,0.76646274,0.02731317,0.030428074
108,87,74004,N,N,N,V,0.82555526,False,0.007520179,0.13967192,0.82555526,0.018005846,0.009246838
108,87,74393,N,N,N,V,0.8320602,False,0.0058307336,0.13556096,0.8320602,0.01885453,0.007693574
108,87,74779,N,N,N,V,0.80048424,False,0.010764365,0.13732201,0.80048424,0.026383244,0.025046134
108,87,75132,N,N,N,V,0.72575265,False,0.013312052,0.22378375,0.72575265,0.021319332,0.015832229
108,87,75511,N,N,N,V,0.52446336,False,0.016138755,0.42331988,0.52446336,0.0239199,0.012158141
108,87,75893,N,N,N,V,0.68302864,False,0.009793665,0.2739134,0.68302864,0.024132727,0.009131516
108,87,76309,N,N,N,V,0.5436577,False,0.010255989,0.40956447,0.5436577,0.02780197,0.00871988
108,87,76703,N,N,N,V,0.5937562,False,0.008830617,0.35617882,0.5937562,0.032501496,0.008732908
108,87,77062,N,N,N,V,0.7351605,False,0.006599093,0.2207493,0.7351605,0.029977253,0.0075137913
108,87,77435,N,N,N,V,0.6699308,False,0.0077265864,0.28629062,0.6699308,0.02807588,0.00797606
108,87,77829,N,N,N,V,0.5313343,False,0.015166941,0.39514616,0.5313343,0.034915697,0.023436934
108,87,78197,N,N,N,S,0.68653977,False,0.016001897,0.68653977,0.2638957,0.024272649,0.009289927
108,87,78592,N,N,N,S,0.5222638,False,0.01177385,0.5222638,0.424801,0.031675715,0.009485563
108,87,78977,N,N,N,S,0.6402069,False,0.013842017,0.6402069,0.3064869,0.031063251,0.008401019
108,87,79338,N,N,N,V,0.621513,False,0.014283412,0.3186963,0.621513,0.034806535,0.010700798
108,87,79724,N,N,N,V,0.512395,False,0.019176574,0.3966985,0.512395,0.04538418,0.02634573
108,87,80112,N,N,N,V,0.6464844,False,0.022887763,0.26896954,0.6464844,0.031540614,0.030117692
108,87,80492,N,N,N,V,0.67455995,False,0.027392825,0.22865525,0.67455995,0.026221663,0.04317028
108,87,80860,N,N,N,S,0.58935183,False,0.022782058,0.58935183,0.3553405,0.020838793,0.011686847
108,87,81217,N,N,N,V,0.68391216,False,0.013644915,0.26868066,0.68391216,0.022995017,0.010767244
108,87,81557,N,N,N,V,0.79637426,False,0.007589514,0.16573806,0.79637426,0.022590052,0.0077081234
108,87,81901,N,N,N,V,0.7862351,False,0.0067679808,0.17641686,0.7862351,0.02300543,0.007574562
108,87,82281,N,N,N,V,0.923894,False,0.0037135812,0.05424616,0.923894,0.012672951,0.0054732226
108,87,82675,N,N,N,V,0.58647513,False,0.009532622,0.3654292,0.58647513,0.0289454,0.009617691
108,87,83134,N,N,N,V,0.7581757,False,0.0060179336,0.2015304,0.7581757,0.026478587,0.0077974983
108,87,83545,N,N,N,V,0.8046321,False,0.004744306,0.15568376,0.8046321,0.027499892,0.0074398634
108,87,83824,V,V,V,V,0.7574816,True,0.0047652675,0.15079552,0.7574816,0.06791524,0.01904239
108,87,84360,N,N,N,V,0.7793144,False,0.010003002,0.15080734,0.7793144,0.034358412,0.02551685
108,87,84809,N,N,N,V,0.73551357,False,0.023538945,0.14002334,0.73551357,0.03508554,0.065838635
108,87,85225,N,N,N,V,0.72140956,False,0.037483376,0.12653714,0.72140956,0.022127107,0.092442796
108,87,85583,N,N,N,V,0.6701439,False,0.024570476,0.26935458,0.6701439,0.017967079,0.017963944
108,87,85966,N,N,N,V,0.9090219,False,0.006152533,0.06460966,0.9090219,0.012776155,0.0074396012
108,87,86317,N,N,N,V,0.36274424,False,0.011157054,0.31036648,0.36274424,0.30087402,0.014858201
108,87,86710,N,N,N,V,0.58024055,False,0.0155596975,0.33336502,0.58024055,0.0512313,0.019603454
108,87,87078,N,N,N,V,0.56074315,False,0.016669756,0.37786892,0.56074315,0.03475253,0.009965597
108,87,87466,N,N,N,S,0.5805402,False,0.037002113,0.5805402,0.3328533,0.03864912,0.0109552415
108,87,87837,N,N,N,S,0.6412531,False,0.043478422,0.6412531,0.25503084,0.05077349,0.009464082
108,87,88216,N,N,N,S,0.84758073,False,0.022475509,0.84758073,0.101607494,0.023853531,0.0044826902
108,87,88598,N,N,N,S,0.84499496,False,0.018139778,0.84499496,0.107397996,0.025042903,0.0044244495
108,87,88987,N,N,N,S,0.8740746,False,0.016820673,0.8740746,0.08036081,0.024934962,0.003809025
108,87,89411,N,N,N,S,0.80470777,False,0.016408106,0.80470777,0.14482261,0.025735816,0.008325688
108,87,89812,N,N,N,S,0.69868106,False,0.016032657,0.69868106,0.24649452,0.027855488,0.010936242
108,87,90197,N,N,N,S,0.65995663,False,0.014147663,0.65995663,0.29152438,0.025157798,0.00921346
108,87,90563,N,N,N,S,0.5846211,False,0.015040529,0.5846211,0.3645066,0.02570873,0.010123073
108,87,90960,N,N,N,S,0.69730574,False,0.021176219,0.69730574,0.24433537,0.026971143,0.010211547
108,87,91358,N,N,N,S,0.61260664,False,0.016348792,0.61260664,0.32658863,0.02933331,0.015122612
108,87,91751,N,N,N,S,0.54323536,False,0.014390492,0.54323536,0.39526263,0.026417691,0.020693904
108,87,92122,N,N,N,S,0.5613012,False,0.016710175,0.5613012,0.37420505,0.0235389,0.02424471
108,87,92493,N,N,N,S,0.53873074,False,0.014787168,0.53873074,0.4003133,0.02394068,0.022228058
108,87,92866,N,N,N,S,0.6537966,False,0.01568792,0.6537966,0.2657416,0.03225429,0.032519612
108,87,93264,N,N,N,S,0.6215487,False,0.02269788,0.6215487,0.25894424,0.038341388,0.058467828
108,87,93626,N,N,N,V,0.49283427,False,0.016780615,0.4465007,0.49283427,0.028787747,0.01509666
108,87,94006,N,N,N,S,0.63710475,False,0.017348614,0.63710475,0.31007832,0.025652474,0.009815814
108,87,94366,N,N,N,V,0.5081616,False,0.017678507,0.4340823,0.5081616,0.029300962,0.010776582
108,87,94731,N,N,N,V,0.50502497,False,0.020072902,0.42088288,0.50502497,0.02832651,0.025692761
108,87,95073,N,N,N,V,0.51764166,False,0.028431518,0.39100674,0.51764166,0.023129689,0.039790437
108,87,95449,N,N,N,V,0.5811976,False,0.035322025,0.2833094,0.5811976,0.023202209,0.07696873
108,87,95873,N,N,N,V,0.6503002,False,0.04009936,0.19408706,0.6503002,0.017355507,0.098157845
108,87,96330,N,N,N,V,0.6146875,False,0.024651278,0.31984693,0.6146875,0.019479405,0.021335011
108,87,96765,N,N,N,V,0.6793907,False,0.02673713,0.23415679,0.6793907,0.020319887,0.039395403
108,87,97144,N,N,N,V,0.63755196,False,0.024119243,0.30306733,0.63755196,0.016565528,0.01869596
108,87,97562,N,N,N,V,0.7327526,False,0.031611018,0.18836656,0.7327526,0.017349754,0.029920049
108,87,97981,N,N,N,V,0.79612994,False,0.032120552,0.1233846,0.79612994,0.01756496,0.030799976
108,87,98352,N,N,N,V,0.69795984,False,0.017713478,0.25434273,0.69795984,0.01769737,0.012286617
108,87,98705,N,N,N,V,0.6011187,False,0.008840904,0.33494258,0.6011187,0.04077192,0.01432592
108,87,99067,N,N,N,V,0.6368806,False,0.007703455,0.30798733,0.6368806,0.036155023,0.011273663
108,87,99443,N,N,N,V,0.6696535,False,0.007375094,0.28327549,0.6696535,0.030661395,0.009034469
108,87,99837,N,N,N,V,0.8181314,False,0.00871536,0.13050076,0.8181314,0.025433,0.017219532
108,87,100213,N,N,N,V,0.92308307,False,0.0041036103,0.054233436,0.92308307,0.012517817,0.0060620485
108,87,100582,N,N,N,V,0.8290859,False,0.0074690664,0.13508773,0.8290859,0.01836098,0.009996365
108,87,100944,N,N,N,V,0.9259711,False,0.0038786195,0.045974497,0.9259711,0.016816821,0.007358979
108,87,101307,N,N,N,V,0.91442394,False,0.004332197,0.060933784,0.91442394,0.0138862245,0.0064239446
108,87,101669,N,N,N,V,0.8831021,False,0.0046782573,0.09011555,0.8831021,0.015666224,0.0064377715
108,87,102038,N,N,N,V,0.5779485,False,0.010101869,0.37739196,0.5779485,0.0243384,0.010219274
108,87,102402,N,N,N,V,0.8279598,False,0.005507102,0.13628912,0.8279598,0.022421742,0.007822341
108,87,102775,N,N,N,V,0.6397614,False,0.008100734,0.31592786,0.6397614,0.027668677,0.008541312
108,87,103219,N,N,N,V,0.79775965,False,0.005819537,0.16433887,0.79775965,0.02465955,0.0074224225
108,87,103622,N,N,N,V,0.82917666,False,0.0050262855,0.13574715,0.82917666,0.023133744,0.006916085
108,87,104043,N,N,N,S,0.54280674,False,0.010868471,0.54280674,0.40835997,0.029314093,0.008650727
108,87,104459,N,N,N,V,0.67901057,False,0.0081277,0.2725571,0.67901057,0.031422373,0.00888228
108,87,104843,N,N,N,V,0.71080166,False,0.00642266,0.243381,0.71080166,0.03130359,0.008091138
108,87,105227,N,N,N,V,0.7671825,False,0.005974561,0.19328834,0.7671825,0.026021281,0.0075331344
108,87,105602,N,N,N,V,0.78328514,False,0.005397278,0.17790006,0.78328514,0.025935946,0.0074815354
108,87,105983,N,N,N,V,0.86261624,False,0.004345131,0.10634491,0.86261624,0.020088568,0.006605115
108,87,106382,N,N,N,V,0.6526272,False,0.007468342,0.30316487,0.6526272,0.028179932,0.008559606
108,87,106797,N,N,N,V,0.79805905,False,0.00566713,0.16477503,0.79805905,0.024070865,0.007427906
108,87,107176,N,N,N,V,0.8524098,False,0.0044025877,0.11360608,0.8524098,0.022424672,0.0071569392
108,87,107330,V,V,V,V,0.53078413,True,0.052295916,0.32775214,0.53078413,0.048941515,0.040226314
108,87,107593,N,N,N,V,0.6269313,False,0.010726041,0.19260788,0.6269313,0.15016268,0.01957207
108,87,107948,N,N,N,V,0.54324985,False,0.0069953245,0.39235753,0.54324985,0.04793146,0.009465928
108,87,108340,N,N,N,V,0.75918454,False,0.005559055,0.19550298,0.75918454,0.032164823,0.007588645
108,87,108737,N,N,N,S,0.6093634,False,0.009663045,0.6093634,0.33954394,0.03272695,0.008702727
108,87,109143,N,N,N,V,0.6112501,False,0.008307183,0.3364662,0.6112501,0.034711666,0.009264818
108,87,109534,N,N,N,V,0.8105606,False,0.005380468,0.15145124,0.8105606,0.025617983,0.006989788
108,87,109890,N,N,N,S,0.514379,False,0.009022704,0.514379,0.43586454,0.03147324,0.009260531
108,87,110301,N,N,N,V,0.7009238,False,0.0067952676,0.2525145,0.7009238,0.031127935,0.008638389
108,87,110713,N,N,N,V,0.81591547,False,0.005030224,0.14800934,0.81591547,0.024221247,0.006823717
108,87,111101,N,N,N,V,0.87840086,False,0.003936939,0.09210815,0.87840086,0.019232124,0.0063218563
108,87,111501,N,N,N,V,0.8937052,False,0.003752852,0.07939588,0.8937052,0.01721786,0.0059282924
108,87,111863,N,N,N,V,0.760799,False,0.0065898485,0.19996785,0.760799,0.024237346,0.008405947
108,87,112247,N,N,N,V,0.75893474,False,0.0064184084,0.20107712,0.75893474,0.025332324,0.0082374355
108,87,112653,N,N,N,V,0.804971,False,0.005503108,0.157918,0.804971,0.024083499,0.007524501
108,87,113049,N,N,N,V,0.7226851,False,0.00689226,0.2365724,0.7226851,0.025823679,0.008026454
108,87,113436,N,N,N,V,0.8090774,False,0.0058762575,0.1549546,0.8090774,0.022795392,0.0072963806
108,87,113820,N,N,N,V,0.8532413,False,0.0048027495,0.11473287,0.8532413,0.020630628,0.0065924036
108,87,114200,N,N,N,V,0.6189331,False,0.009188076,0.33473727,0.6189331,0.027883096,0.009258439
108,87,114572,N,N,N,V,0.6094402,False,0.008693281,0.3416687,0.6094402,0.031325493,0.008872335
108,87,114991,N,N,N,V,0.7452295,False,0.006765532,0.21301736,0.7452295,0.02707306,0.007914571
108,87,115379,N,N,N,V,0.86197025,False,0.0042882795,0.10493058,0.86197025,0.022231458,0.006579448
108,87,115770,N,N,N,V,0.65171605,False,0.007651375,0.30262324,0.65171605,0.029263124,0.008746286
108,87,116143,N,N,N,V,0.80468386,False,0.005742327,0.15758294,0.80468386,0.024392888,0.007598005
108,87,116524,N,N,N,V,0.59912974,False,0.008415116,0.35005474,0.59912974,0.030979648,0.011420777
108,87,116894,N,N,N,V,0.6423338,False,0.0086878585,0.31016448,0.6423338,0.03002574,0.008788089
108,87,117314,N,N,N,V,0.61171,False,0.009127978,0.34266233,0.61171,0.028194316,0.00830539
108,87,117713,N,N,N,S,0.48930982,False,0.011767629,0.48930982,0.46127412,0.02743448,0.010214006
108,87,118096,N,N,N,V,0.58974606,False,0.009649713,0.36020854,0.58974606,0.0314198,0.00897588
108,87,118478,N,N,N,S,0.49790755,False,0.009841763,0.49790755,0.44896108,0.034791302,0.008498391
108,87,118872,N,N,N,S,0.6677138,False,0.010918631,0.6677138,0.2824284,0.030854523,0.008084586
108,87,119262,N,N,N,S,0.4931019,False,0.01038135,0.4931019,0.44995105,0.03767562,0.008890065
108,87,119678,N,N,N,S,0.66752285,False,0.0094883805,0.66752285,0.28166884,0.03406777,0.0072522173
108,87,120058,N,N,N,S,0.5924293,False,0.010102628,0.5924293,0.35269523,0.036368594,0.008404205
108,87,120427,N,N,N,V,0.5774626,False,0.008363418,0.3647391,0.5774626,0.040349964,0.009084961
108,87,120815,N,N,N,V,0.66355884,False,0.0073810923,0.28873327,0.66355884,0.03252335,0.0078034597
108,87,121217,N,N,N,V,0.6654699,False,0.007998156,0.2886072,0.6654699,0.030172281,0.00775243
108,87,121617,N,N,N,S,0.65520114,False,0.013096797,0.65520114,0.29778624,0.02592631,0.00798955
108,87,122010,N,N,N,V,0.57687086,False,0.010568625,0.37268847,0.57687086,0.031360947,0.008511097
108,87,122401,N,N,N,V,0.53394526,False,0.010607903,0.38984045,0.53394526,0.04662822,0.01897812
108,87,122743,N,N,N,S,0.52302366,False,0.014552618,0.52302366,0.42299062,0.028709693,0.010723457
108,87,123110,N,N,N,V,0.6681803,False,0.0090063745,0.2837765,0.6681803,0.030041864,0.008994912
108,87,123491,N,N,N,S,0.6196716,False,0.011208278,0.6196716,0.33023283,0.031096697,0.007790489
108,87,123889,N,N,N,V,0.5947379,False,0.0096599255,0.35307094,0.5947379,0.034062203,0.008468971
108,87,124265,N,N,N,V,0.60929143,False,0.008647282,0.3412852,0.60929143,0.032727066,0.008049022
108,87,124640,N,N,N,V,0.7822861,False,0.005971951,0.17761737,0.7822861,0.026535962,0.0075887013
108,87,124999,N,N,N,V,0.85011196,False,0.0049287677,0.11513597,0.85011196,0.02289488,0.006928433
108,87,125381,N,N,N,V,0.541096,False,0.008702558,0.41038862,0.541096,0.031222511,0.008590436
108,87,125766,N,N,N,V,0.7038015,False,0.0073560197,0.25223815,0.7038015,0.028205508,0.008398879
108,87,126170,N,N,N,V,0.734406,False,0.0064029857,0.22368473,0.734406,0.027720295,0.0077859107
108,87,126542,N,N,N,V,0.7899168,False,0.0057927202,0.17140293,0.7899168,0.025386207,0.007501225
108,87,126926,N,N,N,V,0.8034507,False,0.0054016383,0.1596696,0.8034507,0.024403071,0.007074979
108,87,127308,N,N,N,V,0.8783549,False,0.0041910117,0.092373714,0.8783549,0.018847764,0.006232652
108,87,127684,N,N,N,V,0.81041384,False,0.00521758,0.15397206,0.81041384,0.02323193,0.007164578
108,87,128085,N,N,N,V,0.782826,False,0.0055036577,0.17978364,0.782826,0.024640689,0.0072459728
108,87,128499,N,N,N,V,0.8383406,False,0.0050790203,0.13048436,0.8383406,0.019536369,0.006559612
108,87,128859,N,N,N,V,0.643026,False,0.0109577635,0.31097826,0.643026,0.025381014,0.009657014
108,87,129253,N,N,N,V,0.6581918,False,0.014632454,0.2745163,0.6581918,0.027770393,0.02488904
108,87,129627,N,N,N,V,0.6640004,False,0.010829207,0.29170203,0.6640004,0.023086604,0.010381737
108,87,130018,N,N,N,V,0.5598765,False,0.01019797,0.3931162,0.5598765,0.027645728,0.009163589
108,87,130421,N,N,N,V,0.78275734,False,0.006094501,0.17744501,0.78275734,0.026167989,0.00753499
108,87,130809,N,N,N,V,0.78895944,False,0.0056643,0.17360574,0.78895944,0.024713635,0.0070568756
108,87,131189,N,N,N,V,0.8289195,False,0.005050677,0.13733737,0.8289195,0.021954069,0.006738347
108,87,131556,N,N,N,V,0.8269053,False,0.0046656854,0.13818929,0.8269053,0.023395551,0.006844147
108,87,131950,N,N,N,V,0.66785055,False,0.007914087,0.28781366,0.66785055,0.027523482,0.008898204
108,87,132342,N,N,N,V,0.8771526,False,0.004393472,0.091956586,0.8771526,0.02008492,0.0064124116
108,87,132736,N,N,N,V,0.8195662,False,0.0056970655,0.14615136,0.8195662,0.021948164,0.006637223
108,87,133099,N,N,N,V,0.8741456,False,0.00478634,0.09741955,0.8741456,0.017436592,0.006211805
108,87,133456,N,N,N,V,0.651904,False,0.009220323,0.30176967,0.651904,0.027994864,0.009111126
108,87,133796,N,N,N,V,0.51582843,False,0.009835706,0.43414602,0.51582843,0.029292002,0.010897912
108,87,134161,N,N,N,S,0.49279854,False,0.009770708,0.49279854,0.45500585,0.03384478,0.008579994
108,87,134542,N,N,N,S,0.724044,False,0.009880933,0.724044,0.22819114,0.030234471,0.0076494925
108,87,134927,N,N,N,S,0.825944,False,0.01026411,0.825944,0.13300394,0.02444342,0.0063444953
108,87,135408,N,N,N,S,0.75220895,False,0.010311538,0.75220895,0.19688633,0.0336843,0.0069088046
108,87,135847,N,N,N,S,0.56716835,False,0.01093477,0.56716835,0.37229273,0.041908447,0.0076957326
108,87,136258,N,N,N,V,0.64137214,False,0.0086251,0.30357102,0.64137214,0.038800757,0.0076310816
108,87,136659,N,N,N,S,0.7201873,False,0.010962861,0.7201873,0.23347963,0.028602969,0.0067672986
108,87,137075,N,N,N,V,0.5063736,False,0.010668925,0.43756726,0.5063736,0.03674787,0.0086423345
108,87,137448,N,N,N,V,0.54198503,False,0.009332569,0.40520602,0.54198503,0.03533667,0.008139662
108,87,137830,N,N,N,V,0.6678548,False,0.008013096,0.28620908,0.6678548,0.030361768,0.0075612026
108,87,138216,N,N,N,V,0.51303136,False,0.010312462,0.43934628,0.51303136,0.028669644,0.008640206
108,87,138599,N,N,N,V,0.650632,False,0.008836737,0.30229262,0.650632,0.030050997,0.008187593
108,87,139014,N,N,N,S,0.5796267,False,0.010686131,0.5796267,0.37037462,0.031536054,0.0077765817
108,87,139400,N,N,N,S,0.58428645,False,0.011253928,0.58428645,0.36240572,0.03418647,0.007867376
108,87,139773,N,N,N,V,0.5887157,False,0.009021095,0.3603437,0.5887157,0.03379673,0.008122719
108,87,140149,N,N,N,S,0.5658406,False,0.010341715,0.5658406,0.38309947,0.03302079,0.007697442
108,87,140538,N,N,N,S,0.62129,False,0.011293364,0.62129,0.32686657,0.033017166,0.007532939
108,87,140940,N,N,N,S,0.6038812,False,0.0113524785,0.6038812,0.34308583,0.03415984,0.0075207027
108,87,141329,N,N,N,S,0.8307572,False,0.011799408,0.8307572,0.12991358,0.02199746,0.005532432
108,87,141718,N,N,N,S,0.814103,False,0.0121742245,0.814103,0.14154074,0.02654842,0.005633577
108,87,142094,N,N,N,S,0.7749171,False,0.011301168,0.7749171,0.17806205,0.029605307,0.006114387
108,87,142469,N,N,N,S,0.62162066,False,0.011747428,0.62162066,0.31920704,0.0397349,0.0076899733
108,87,142884,N,N,N,S,0.577392,False,0.0102788955,0.577392,0.36547357,0.039467674,0.0073878225
108,87,143288,N,N,N,S,0.77807075,False,0.01046237,0.77807075,0.17787454,0.027279167,0.0063131223
108,87,143692,N,N,N,S,0.637672,False,0.011626128,0.637672,0.30752054,0.03551215,0.0076691993
108,87,144080,N,N,N,S,0.5149921,False,0.010649895,0.5149921,0.4270683,0.038873922,0.008415715
108,87,144465,N,N,N,V,0.5383104,False,0.009552022,0.41104624,0.5383104,0.033368636,0.0077226707
108,87,144847,N,N,N,V,0.59242386,False,0.0094860885,0.3598625,0.59242386,0.030183928,0.008043609
108,87,145268,N,N,N,S,0.69806486,False,0.01069768,0.69806486,0.2549337,0.028965387,0.007338289
108,87,145670,N,N,N,S,0.5533042,False,0.011104838,0.5533042,0.3917222,0.035586372,0.008282429
108,87,146060,N,N,N,S,0.5962165,False,0.0107607255,0.5962165,0.35061854,0.034883235,0.007520964
108,87,146459,N,N,N,S,0.5724207,False,0.011130585,0.5724207,0.3753309,0.03334037,0.007777485
108,87,146841,N,N,N,S,0.48541597,False,0.010458156,0.48541597,0.4611361,0.035076793,0.007913018
108,87,147252,N,N,N,S,0.6144636,False,0.011200079,0.6144636,0.33431065,0.032737896,0.0072876965
108,87,147663,N,N,N,S,0.85052156,False,0.0104543725,0.85052156,0.110897824,0.022960365,0.0051659676
108,87,148070,N,N,N,S,0.72251284,False,0.012452166,0.72251284,0.22498955,0.033115763,0.006929613
108,87,148451,N,N,N,S,0.86430436,False,0.010380251,0.86430436,0.0990857,0.021186154,0.0050434405
108,87,148842,N,N,N,S,0.835566,False,0.01132618,0.835566,0.121456705,0.026206372,0.005444868
108,87,149237,N,N,N,S,0.903366,False,0.008799231,0.903366,0.06316896,0.02072033,0.0039455052
108,87,149641,N,N,N,S,0.81962764,False,0.01193092,0.81962764,0.13414896,0.029040383,0.0052520535
108,87,150057,N,N,N,S,0.86953396,False,0.009907134,0.86953396,0.09221927,0.024056772,0.0042827744
108,87,150445,N,N,N,S,0.8505761,False,0.010659868,0.8505761,0.107881494,0.025993321,0.0048892153
108,87,150825,N,N,N,S,0.82822376,False,0.0110457055,0.82822376,0.12786107,0.027662018,0.0052073817
108,87,151220,N,N,N,S,0.80411106,False,0.011118882,0.80411106,0.14942977,0.029716672,0.0056235795
108,87,151612,N,N,N,S,0.74908525,False,0.011287551,0.74908525,0.20106666,0.03237465,0.0061859703
108,87,152019,N,N,N,S,0.67784214,False,0.011651845,0.67784214,0.2688373,0.03503966,0.00662912
108,87,152405,N,N,N,S,0.56794995,False,0.011322766,0.56794995,0.37708414,0.03624672,0.007396391
108,87,152788,N,N,N,S,0.63532174,False,0.01040905,0.63532174,0.31412855,0.032875795,0.0072648656
108,87,153143,N,N,N,S,0.6290951,False,0.011310618,0.6290951,0.31986076,0.032222085,0.007511549
108,87,153537,N,N,N,S,0.8086232,False,0.01046751,0.8086232,0.14921711,0.025604371,0.006087858
108,87,153921,N,N,N,S,0.86063397,False,0.010585019,0.86063397,0.101355396,0.022048684,0.0053769387
108,87,154306,N,N,N,S,0.7829444,False,0.011327455,0.7829444,0.16954052,0.030176265,0.0060113897
108,87,154673,N,N,N,S,0.8128471,False,0.010342507,0.8128471,0.14334115,0.02775951,0.005709815
108,87,155043,N,N,N,S,0.6871327,False,0.011832365,0.6871327,0.25633624,0.037728336,0.0069703413
108,87,155415,N,N,N,S,0.5698781,False,0.010717883,0.5698781,0.36992234,0.041912176,0.007569494
108,87,155798,N,N,N,S,0.8434582,False,0.009792407,0.8434582,0.11638218,0.02532677,0.005040586
108,87,156213,N,N,N,S,0.51243144,False,0.016829558,0.51243144,0.39848748,0.045981918,0.026269667
108,87,156583,N,N,N,V,0.5674526,False,0.011939145,0.37922946,0.5674526,0.03139767,0.009981081
108,87,156945,N,N,N,V,0.6485755,False,0.010820183,0.30558726,0.6485755,0.02693078,0.008086299
108,87,157319,N,N,N,S,0.7370228,False,0.013617551,0.7370228,0.2192967,0.022469278,0.007593524
108,87,157701,N,N,N,S,0.83873576,False,0.012289209,0.83873576,0.12097294,0.022040406,0.005961695
108,87,158079,N,N,N,S,0.81173843,False,0.0118967,0.81173843,0.14394796,0.026682418,0.0057345047
108,87,158473,N,N,N,S,0.8432672,False,0.011203706,0.8432672,0.11592332,0.024692936,0.004912731
108,87,158842,N,N,N,S,0.7500327,False,0.012657797,0.7500327,0.20035608,0.030636154,0.0063172425
108,87,159200,N,N,N,S,0.8655043,False,0.010326368,0.8655043,0.0960571,0.023587536,0.004524729
108,87,159558,N,N,N,S,0.858832,False,0.010811914,0.858832,0.101045586,0.024617666,0.004692796
108,87,159958,N,N,N,S,0.8036377,False,0.011416603,0.8036377,0.1495334,0.030000862,0.0054114633
108,87,160448,N,N,N,S,0.5993332,False,0.017574422,0.5993332,0.31653613,0.044244315,0.022311788
108,87,160892,N,N,N,S,0.73127335,False,0.013704188,0.73127335,0.22032967,0.026735509,0.007957281
108,87,161290,N,N,N,S,0.6255704,False,0.013133377,0.6255704,0.31976318,0.033043798,0.008489254
108,87,161684,N,N,N,V,0.52644306,False,0.010197217,0.41786283,0.52644306,0.03687004,0.008626789
108,87,162064,N,N,N,V,0.63219446,False,0.010117002,0.31647235,0.63219446,0.033568677,0.0076474957
108,87,162463,N,N,N,V,0.8062509,False,0.018239101,0.14402506,0.8062509,0.014256561,0.017228419
108,87,162838,N,N,N,V,0.90390545,False,0.0056825676,0.07218833,0.90390545,0.011305786,0.006917963
108,87,163229,N,N,N,V,0.92664677,False,0.004193451,0.05271037,0.92664677,0.009338691,0.007110761
108,87,163582,N,N,N,V,0.88208926,False,0.005181575,0.09185701,0.88208926,0.01205208,0.008820189
108,87,163942,N,N,N,V,0.6599616,False,0.014384481,0.28290856,0.6599616,0.018913351,0.023832055
108,87,164329,N,N,N,V,0.7401278,False,0.010112464,0.21538348,0.7401278,0.016653094,0.017723141
108,87,164722,N,N,N,V,0.70504344,False,0.009628882,0.24485229,0.70504344,0.021220017,0.019255303
108,87,165111,N,N,N,S,0.53264374,False,0.017452486,0.53264374,0.4123564,0.02101661,0.016530719
108,87,165493,N,N,N,V,0.47647256,False,0.013718061,0.47129294,0.47647256,0.023517571,0.014998894
108,87,165870,N,N,N,S,0.4847488,False,0.012750896,0.4847488,0.46505636,0.023612842,0.01383112
108,87,166247,N,N,N,V,0.6531038,False,0.010157182,0.30292606,0.6531038,0.022783224,0.011029665
108,87,166630,N,N,N,V,0.53072184,False,0.013274248,0.4215164,0.53072184,0.021790795,0.012696744
108,87,167033,N,N,N,V,0.62299347,False,0.01279615,0.32350627,0.62299347,0.021033589,0.019670585
108,87,167420,N,N,N,V,0.67880356,False,0.010910105,0.27860618,0.67880356,0.01868207,0.012998089
108,87,167784,N,N,N,V,0.6497921,False,0.010803521,0.2953858,0.6497921,0.02324244,0.020776164
108,87,168145,N,N,N,V,0.5379749,False,0.010935576,0.41144028,0.5379749,0.027360523,0.01228868
108,87,168523,N,N,N,V,0.7125921,False,0.006061077,0.24169186,0.7125921,0.030515678,0.009139381
108,87,168905,N,N,N,V,0.76936436,False,0.004734413,0.18629275,0.76936436,0.032239735,0.007368748
108,87,169304,N,N,N,V,0.84532005,False,0.0039149667,0.12040772,0.84532005,0.023705693,0.0066515477
108,87,169686,N,N,N,V,0.79117966,False,0.0044937357,0.16928402,0.79117966,0.026868936,0.008173721
108,87,170047,N,N,N,V,0.8724473,False,0.0032489423,0.09290962,0.8724473,0.024139475,0.0072546233
108,87,170425,N,N,N,V,0.8883021,False,0.0031242776,0.08170997,0.8883021,0.020525808,0.0063378885
108,87,170801,N,N,N,V,0.8529025,False,0.003754276,0.11463241,0.8529025,0.022026183,0.006684661
108,87,171188,N,N,N,V,0.87035304,False,0.003542898,0.09964824,0.87035304,0.020000996,0.006454832
108,87,171581,N,N,N,V,0.8906162,False,0.0032006945,0.08080652,0.8906162,0.019188171,0.006188404
108,87,171955,N,N,N,V,0.8652653,False,0.0037015458,0.104263276,0.8652653,0.020088783,0.006681019
108,87,172326,N,N,N,V,0.90010685,False,0.0032646358,0.07317712,0.90010685,0.017283566,0.0061678784
108,87,172683,N,N,N,V,0.73644316,False,0.0048165703,0.22041997,0.73644316,0.029952493,0.008367786
108,87,173070,N,N,N,V,0.80645216,False,0.004411336,0.1561408,0.80645216,0.025680661,0.0073150503
108,87,173452,N,N,N,V,0.8633174,False,0.0037419358,0.1041656,0.8633174,0.022425327,0.0063496446
108,87,173824,N,N,N,V,0.8276744,False,0.0053378926,0.138225,0.8276744,0.02161208,0.0071506733
108,87,174185,N,N,N,V,0.8652706,False,0.0049169874,0.1023983,0.8652706,0.020470165,0.0069438973
108,87,174536,N,N,N,V,0.83708584,False,0.0051725553,0.12781228,0.83708584,0.022512253,0.0074170674
108,87,174874,N,N,N,V,0.6629781,False,0.009130039,0.29084992,0.6629781,0.026190907,0.010851018
108,87,175254,N,N,N,V,0.74269146,False,0.007008206,0.21648207,0.74269146,0.025468191,0.008350065
108,87,175679,N,N,N,V,0.6095326,False,0.008180756,0.3442793,0.6095326,0.028845392,0.009161955
108,87,176132,N,N,N,V,0.5466866,False,0.0084949285,0.4024532,0.5466866,0.03301012,0.00935518
108,87,176528,N,N,N,V,0.7529909,False,0.006214764,0.2014797,0.7529909,0.031104116,0.008210482
108,87,176909,N,N,N,V,0.80033,False,0.0051045804,0.15413499,0.80033,0.032188367,0.008242112
108,87,177286,N,N,N,V,0.79690117,False,0.0050995033,0.16407782,0.79690117,0.026407134,0.0075143185
108,87,177682,N,N,N,S,0.50072783,False,0.00932541,0.50072783,0.44848722,0.03277036,0.008689159
108,87,178074,N,N,N,S,0.58549386,False,0.010238585,0.58549386,0.36173317,0.033285785,0.009248542
108,87,178437,N,N,N,V,0.6232854,False,0.00696181,0.31830385,0.6232854,0.041655097,0.009793796
108,87,178786,N,N,N,V,0.63471687,False,0.0058979676,0.31322682,0.63471687,0.037715875,0.008442452
108,87,179155,N,N,N,V,0.85404366,False,0.0038894871,0.11131024,0.85404366,0.024294566,0.006461992
108,87,179500,N,N,N,V,0.8512745,False,0.0036267012,0.11459291,0.8512745,0.023894267,0.0066116173
108,87,179844,N,N,N,V,0.84469765,False,0.0038981633,0.12131302,0.84469765,0.023618553,0.0064726654
108,87,180041,V,V,V,V,0.93633085,True,0.0045075244,0.04269758,0.93633085,0.009878064,0.0065858555
108,87,180621,F,F,F,V,0.90275323,False,0.003830157,0.049583144,0.90275323,0.0356084,0.008225021
108,87,181027,N,N,N,V,0.83108723,False,0.0041475906,0.13155456,0.83108723,0.024902027,0.008308684
108,87,181400,N,N,N,V,0.83193016,False,0.0041571623,0.13320321,0.83193016,0.023598079,0.007111347
108,87,181790,N,N,N,V,0.85683066,False,0.0036987804,0.11097173,0.85683066,0.021873968,0.0066248127
108,87,182158,N,N,N,V,0.7808527,False,0.00441823,0.17980936,0.7808527,0.027371924,0.00754791
108,87,182556,N,N,N,V,0.82279396,False,0.004400452,0.14279069,0.82279396,0.0230182,0.0069966433
108,87,182920,N,N,N,V,0.89589995,False,0.0031583968,0.074117474,0.89589995,0.020157142,0.006666928
108,87,183273,N,N,N,V,0.85534215,False,0.003501744,0.110414244,0.85534215,0.023632266,0.0071095782
108,87,183648,N,N,N,V,0.81345105,False,0.004352572,0.1505403,0.81345105,0.024503844,0.007152183
108,87,184038,N,N,N,V,0.85649043,False,0.0036594714,0.110990785,0.85649043,0.02230447,0.006554726
108,87,184418,N,N,N,V,0.8517972,False,0.0037549448,0.115564056,0.8517972,0.022101972,0.0067817736
108,87,184796,N,N,N,V,0.81433064,False,0.004210238,0.14915867,0.81433064,0.025111593,0.007188875
108,87,185164,N,N,N,V,0.8334855,False,0.0038432616,0.13150662,0.8334855,0.024231665,0.0069330055
108,87,185508,N,N,N,V,0.8643076,False,0.0036117358,0.10414097,0.8643076,0.021328982,0.0066107605
108,87,185873,N,N,N,V,0.84757113,False,0.00363152,0.117885716,0.84757113,0.024041375,0.0068703
108,87,186356,N,N,N,V,0.8318339,False,0.004019203,0.13358755,0.8318339,0.023756292,0.006803022
108,87,186808,N,N,N,V,0.8901316,False,0.0033908954,0.08202363,0.8901316,0.018201247,0.006252614
108,87,187213,N,N,N,V,0.7702149,False,0.005272197,0.19194938,0.7702149,0.02487209,0.0076913806
108,87,187601,N,N,N,V,0.80875635,False,0.0045063957,0.15468903,0.80875635,0.024713868,0.0073342654
108,87,187978,N,N,N,V,0.8692497,False,0.003502931,0.0985649,0.8692497,0.022231763,0.006450739
108,87,188368,N,N,N,V,0.7738322,False,0.0047417795,0.18640418,0.7738322,0.027658992,0.007362855
108,87,188775,N,N,N,V,0.7203107,False,0.0056747533,0.23784767,0.7203107,0.028379908,0.0077869776
108,87,189148,N,N,N,V,0.86445296,False,0.003798708,0.10403965,0.86445296,0.021109998,0.006598751
108,87,189502,N,N,N,V,0.8288452,False,0.0038756344,0.13432147,0.8288452,0.026073594,0.0068841516
108,87,189876,N,N,N,V,0.76904017,False,0.004833843,0.18965904,0.76904017,0.02850567,0.007961171
108,87,190235,N,N,N,V,0.499729,False,0.0079597905,0.44286597,0.499729,0.039283786,0.010161537
108,87,190619,N,N,N,V,0.563024,False,0.009139012,0.3861937,0.563024,0.032544907,0.0090984395
108,87,191003,N,N,N,V,0.6471982,False,0.00813758,0.30496854,0.6471982,0.031592097,0.00810359
108,87,191362,N,N,N,V,0.54571503,False,0.008230053,0.40404394,0.54571503,0.03352753,0.008483403
108,87,191697,N,N,N,S,0.493693,False,0.010348016,0.493693,0.4516355,0.03416568,0.01015779
108,87,192059,N,N,N,S,0.7523195,False,0.010230675,0.7523195,0.20127839,0.02883535,0.007335994
108,87,192429,N,N,N,S,0.7208853,False,0.0107399495,0.7208853,0.2285124,0.032651477,0.0072108842
108,87,192881,N,N,N,S,0.62005794,False,0.010220775,0.62005794,0.32347634,0.03827473,0.007970313
108,87,193342,N,N,N,V,0.4986332,False,0.008795597,0.44539952,0.4986332,0.03899908,0.0081726555
108,87,193553,V,V,V,S,0.7563433,False,0.009478906,0.7563433,0.18985634,0.038216982,0.006104376
108,87,194133,N,N,N,V,0.58090895,False,0.007938183,0.33725986,0.58090895,0.06284349,0.011049528
108,87,194553,N,N,N,V,0.4720841,False,0.0077650305,0.46930727,0.4720841,0.04294469,0.007898875
108,87,194944,N,N,N,V,0.5962461,False,0.0075085447,0.34864172,0.5962461,0.039883543,0.007720105
108,87,195319,N,N,N,V,0.58109313,False,0.0072045815,0.36735833,0.58109313,0.035662193,0.008681826
108,87,195696,N,N,N,V,0.6862053,False,0.006352568,0.26447013,0.6862053,0.034585968,0.008386049
108,87,196072,N,N,N,V,0.81080484,False,0.004665572,0.15007113,0.81080484,0.027441647,0.0070168297
108,87,196433,N,N,N,V,0.6587185,False,0.0060402486,0.29338744,0.6587185,0.03278279,0.009071025
108,87,196803,N,N,N,V,0.7461794,False,0.013625798,0.16670066,0.7461794,0.0324334,0.04106073
108,87,197180,N,N,N,V,0.5879483,False,0.013110355,0.36310357,0.5879483,0.02341386,0.012423894
108,87,197550,N,N,N,V,0.76851,False,0.0069637704,0.19176799,0.76851,0.024084538,0.008673663
108,87,197906,N,N,N,V,0.63354546,False,0.00797424,0.32102433,0.63354546,0.028842043,0.008613858
108,87,198371,N,N,N,V,0.5828969,False,0.0091375355,0.3647798,0.5828969,0.033832412,0.009353325
108,87,198826,N,N,N,V,0.73887515,False,0.006155872,0.21777661,0.73887515,0.02911731,0.00807499
108,87,199241,N,N,N,V,0.6595249,False,0.0063813888,0.292557,0.6595249,0.03354852,0.0079882005
108,87,199660,N,N,N,V,0.68906575,False,0.006695401,0.26591107,0.68906575,0.030136459,0.008191326
108,87,200045,N,N,N,V,0.75403297,False,0.0057027796,0.20329417,0.75403297,0.029479302,0.0074907886
108,87,200415,N,N,N,V,0.83590764,False,0.0046074972,0.12765095,0.83590764,0.024714042,0.007119859
108,87,200792,N,N,N,V,0.7630393,False,0.0061041014,0.19610612,0.7630393,0.027255308,0.007495202
108,87,201187,N,N,N,V,0.76231724,False,0.005745923,0.19804867,0.76231724,0.02674937,0.0071388497
108,87,201574,N,N,N,V,0.7243965,False,0.005898202,0.23420571,0.7243965,0.027678644,0.007820954
108,87,201971,N,N,N,V,0.63151586,False,0.0072578485,0.32040656,0.63151586,0.032351352,0.00846846
108,87,202342,N,N,N,V,0.67860556,False,0.008217755,0.26767343,0.67860556,0.035199966,0.01030328
108,87,202704,N,N,N,V,0.79019773,False,0.0052432623,0.16957447,0.79019773,0.027289648,0.0076949154
108,87,203074,N,N,N,V,0.68744063,False,0.0066692443,0.269293,0.68744063,0.028659692,0.007937363
108,87,203467,N,N,N,V,0.77200705,False,0.0053717922,0.18852454,0.77200705,0.0267022,0.0073944395
108,87,203835,N,N,N,V,0.7418956,False,0.0051912973,0.21578792,0.7418956,0.029410422,0.0077148136
108,87,204214,N,N,N,V,0.71449214,False,0.0052883714,0.23944026,0.71449214,0.03292544,0.007853839
108,87,204608,N,N,N,V,0.71884894,False,0.005082146,0.2358969,0.71884894,0.032401454,0.007770527
108,87,205063,N,N,N,V,0.8619739,False,0.0035153541,0.103310674,0.8619739,0.024602681,0.00659743
108,87,205495,N,N,N,V,0.73727417,False,0.0050962693,0.21842651,0.73727417,0.031719506,0.0074835513
108,87,205731,V,V,V,V,0.92792827,True,0.0039059245,0.05012429,0.92792827,0.011700655,0.006340812
108,87,206305,N,N,N,V,0.9077207,False,0.0035573402,0.06772945,0.9077207,0.015087262,0.0059052845
108,87,206704,N,N,N,V,0.87446207,False,0.003693523,0.096427746,0.87446207,0.018887948,0.006528701
108,87,207065,N,N,N,V,0.83549327,False,0.0042073145,0.12968223,0.83549327,0.02332647,0.007290704
108,87,207434,N,N,N,V,0.87423986,False,0.0035015626,0.09465434,0.87423986,0.021102572,0.0065015894
108,87,207811,N,N,N,V,0.7875212,False,0.004794381,0.1744276,0.7875212,0.025919994,0.007336795
108,87,208205,N,N,N,V,0.7849222,False,0.005181052,0.17783497,0.7849222,0.024933025,0.007128745
108,87,208574,N,N,N,V,0.8765281,False,0.0036777745,0.09331636,0.8765281,0.020016419,0.0064614085
108,87,208929,N,N,N,V,0.769871,False,0.004754516,0.19085637,0.769871,0.026815163,0.0077030133
108,87,209293,N,N,N,V,0.84384865,False,0.0036695825,0.120382525,0.84384865,0.025054907,0.0070444383
108,87,209649,N,N,N,V,0.83959013,False,0.0035193553,0.123764,0.83959013,0.026241953,0.0068844864
108,87,210016,N,N,N,V,0.81412596,False,0.0039808047,0.14872856,0.81412596,0.026228983,0.0069356454
108,87,210460,N,N,N,V,0.90347904,False,0.0031779432,0.069682814,0.90347904,0.017838981,0.005821256
108,87,210887,N,N,N,V,0.85593003,False,0.0043932325,0.11077651,0.85593003,0.021091357,0.007808921
108,87,211265,N,N,N,V,0.5641368,False,0.010465258,0.3849849,0.5641368,0.029796494,0.010616539
108,87,211640,N,N,N,V,0.72466433,False,0.0065999813,0.23131107,0.72466433,0.028410735,0.009013825
108,87,212015,N,N,N,V,0.61354905,False,0.0067506973,0.3381479,0.61354905,0.032623433,0.008928861
108,87,212404,N,N,N,V,0.57145756,False,0.0077970624,0.37955505,0.57145756,0.032737456,0.008452871
108,87,212809,N,N,N,V,0.7482168,False,0.0060857097,0.20969063,0.7482168,0.028324014,0.007682881
108,87,213190,N,N,N,V,0.8316529,False,0.0046580546,0.13336003,0.8316529,0.023609214,0.006719904
108,87,213547,N,N,N,V,0.80083346,False,0.0047701593,0.16129898,0.80083346,0.026044285,0.00705312
108,87,213941,N,N,N,V,0.79901946,False,0.0051543796,0.16407529,0.79901946,0.024704494,0.0070464076
108,87,214332,N,N,N,V,0.84294426,False,0.0043511344,0.124635056,0.84294426,0.0212855,0.0067839813
108,87,214710,N,N,N,V,0.7716356,False,0.005005563,0.18904062,0.7716356,0.026864305,0.007453912
108,87,215094,N,N,N,V,0.7665243,False,0.0055093644,0.19479997,0.7665243,0.025443213,0.0077231303
108,87,215469,N,N,N,V,0.8363422,False,0.004339451,0.12843147,0.8363422,0.023877073,0.007009686
108,87,215837,N,N,N,V,0.8323721,False,0.0044198916,0.13331403,0.8323721,0.022865519,0.007028373
108,87,216215,N,N,N,V,0.6898138,False,0.006330808,0.26640275,0.6898138,0.029386414,0.0080662705
108,87,216619,N,N,N,V,0.73919386,False,0.0057476256,0.21930096,0.73919386,0.028084414,0.007673106
108,87,216994,N,N,N,V,0.72819114,False,0.005623607,0.22972244,0.72819114,0.028501147,0.007961649
108,87,217354,N,N,N,V,0.76521766,False,0.004945632,0.19272316,0.76521766,0.029319994,0.007793519
108,87,217728,N,N,N,V,0.8319633,False,0.0041032233,0.13229881,0.8319633,0.02475187,0.006882719
108,87,218073,N,N,N,V,0.67727244,False,0.006090065,0.27803037,0.67727244,0.03020332,0.008403878
108,87,218440,N,N,N,V,0.71471393,False,0.006032708,0.24160032,0.71471393,0.029940696,0.007712446
108,87,218906,N,N,N,V,0.7347137,False,0.006143515,0.22354466,0.7347137,0.027881565,0.00771664
108,87,219385,N,N,N,V,0.72959936,False,0.00564605,0.22532314,0.72959936,0.030612394,0.008818967
108,87,219806,N,N,N,V,0.82024086,False,0.0045889495,0.14248107,0.82024086,0.02533057,0.007358557
108,87,220207,N,N,N,V,0.719259,False,0.0064020855,0.23872316,0.719259,0.027177019,0.0084387865
108,87,220597,N,N,N,V,0.8558292,False,0.004528478,0.11265847,0.8558292,0.020225402,0.006758522
108,87,220989,N,N,N,V,0.7738676,False,0.005736306,0.18804532,0.7738676,0.025144475,0.0072062598
108,87,221206,V,V,V,S,0.55694336,False,0.0076999916,0.55694336,0.37058452,0.054542582,0.010229621
108,87,221738,N,N,N,V,0.67465603,False,0.005764099,0.27062914,0.67465603,0.03961938,0.0093313055
108,87,222085,N,N,N,V,0.77397066,False,0.005261572,0.179844,0.77397066,0.032600503,0.008323333
108,87,222447,N,N,N,V,0.5349114,False,0.008236715,0.41424456,0.5349114,0.033946283,0.008661069
108,87,222805,N,N,N,V,0.66293126,False,0.0075709987,0.2897166,0.66293126,0.031358317,0.008422805
108,87,223215,N,N,N,V,0.77004045,False,0.005936963,0.19108684,0.77004045,0.025567919,0.0073678456
108,87,223664,N,N,N,V,0.71743315,False,0.0062051397,0.23806798,0.71743315,0.030239563,0.0080541875
108,87,224051,N,N,N,V,0.81703144,False,0.0041511413,0.14361618,0.81703144,0.028039953,0.007161234
108,87,224436,N,N,N,V,0.87543243,False,0.0036453537,0.09441348,0.87543243,0.020045241,0.0064634914
108,87,224821,N,N,N,V,0.70253533,False,0.0063315006,0.25477585,0.70253533,0.028083134,0.008274156
108,87,225226,N,N,N,V,0.6741706,False,0.0065941033,0.28077063,0.6741706,0.03008758,0.008377088
108,87,225611,N,N,N,V,0.707424,False,0.006338592,0.24935044,0.707424,0.028809475,0.00807754
108,87,225999,N,N,N,V,0.4781526,False,0.009608871,0.47272766,0.4781526,0.03014039,0.009370443
108,87,226369,N,N,N,V,0.6518046,False,0.008188234,0.29805222,0.6518046,0.03317418,0.008780756
108,87,226742,N,N,N,S,0.57649964,False,0.009626465,0.57649964,0.3727595,0.032897286,0.008217113
108,87,227128,N,N,N,S,0.6890171,False,0.009791843,0.6890171,0.26002222,0.0337412,0.007427555
108,87,227530,N,N,N,S,0.7036548,False,0.009282027,0.7036548,0.24336132,0.0364124,0.007289355
108,87,227899,N,N,N,S,0.6141652,False,0.009766662,0.6141652,0.32933006,0.038486842,0.0082512135
108,87,228274,N,N,N,V,0.5020027,False,0.008453883,0.44127545,0.5020027,0.03999487,0.008273066
108,87,228634,N,N,N,V,0.53948784,False,0.0080476375,0.40576965,0.53948784,0.03803764,0.0086572915
108,87,229005,N,N,N,V,0.6991961,False,0.006402275,0.2553063,0.6991961,0.031506695,0.0075885574
108,87,229380,N,N,N,S,0.5893896,False,0.009322808,0.5893896,0.36094713,0.031492308,0.008848123
108,87,229755,N,N,N,V,0.50485414,False,0.008257965,0.44094443,0.50485414,0.03740832,0.008535186
108,87,230134,N,N,N,V,0.6779644,False,0.0060388427,0.27387938,0.6779644,0.033814553,0.008302851
108,87,230481,N,N,N,V,0.5386829,False,0.008068196,0.40988055,0.5386829,0.033806656,0.009561831
108,87,230948,N,N,N,V,0.738473,False,0.005846043,0.21708894,0.738473,0.030619292,0.007972705
108,87,231371,N,N,N,V,0.6398707,False,0.0058213095,0.3084874,0.6398707,0.037997555,0.007822965
108,87,231783,N,N,N,V,0.6261356,False,0.0062840185,0.32540023,0.6261356,0.033665277,0.008515017
108,87,232181,N,N,N,V,0.80374604,False,0.0046823197,0.15781353,0.80374604,0.02653236,0.0072258296
108,87,232586,N,N,N,V,0.7905122,False,0.005283391,0.17288025,0.7905122,0.024036093,0.0072880625
108,87,232964,N,N,N,V,0.75787115,False,0.0064474386,0.20299162,0.75787115,0.02498112,0.007708748
108,87,233372,N,N,N,V,0.8798655,False,0.004076094,0.090750895,0.8798655,0.019316148,0.0059914724
108,87,233748,N,N,N,V,0.77790695,False,0.0055169435,0.18475544,0.77790695,0.024230774,0.007589886
108,87,234137,N,N,N,V,0.7242395,False,0.006014446,0.2339283,0.7242395,0.028193543,0.0076241815
108,87,234516,N,N,N,V,0.7153702,False,0.005593156,0.24155186,0.7153702,0.029527092,0.007957708
108,87,234868,N,N,N,V,0.7503722,False,0.0051798495,0.20767173,0.7503722,0.028592292,0.008183902
108,87,235230,N,N,N,V,0.8840807,False,0.003644863,0.08447473,0.8840807,0.02155154,0.006248034
108,87,235593,N,N,N,V,0.8369586,False,0.004422769,0.1296843,0.8369586,0.02217186,0.006762472
108,87,236000,N,N,N,V,0.8993893,False,0.00342335,0.07457984,0.8993893,0.016736984,0.0058705322
108,87,236380,N,N,N,V,0.8335894,False,0.0048449,0.1343119,0.8335894,0.020190079,0.007063747
108,87,236750,N,N,N,V,0.74137986,False,0.008098886,0.21551883,0.74137986,0.025387768,0.009614612
108,87,237124,N,N,N,V,0.5982592,False,0.010170478,0.35480562,0.5982592,0.027421154,0.009343504
108,87,237487,N,N,N,V,0.78803504,False,0.0055927043,0.1734526,0.78803504,0.02546786,0.007451735
108,87,237839,N,N,N,V,0.7734496,False,0.0054382654,0.18763764,0.7734496,0.026286313,0.0071880533
108,87,238302,N,N,N,V,0.8387884,False,0.0041928976,0.12752321,0.8387884,0.02289031,0.006605101
108,87,238802,N,N,N,V,0.88772935,False,0.0033838362,0.083723284,0.88772935,0.019028215,0.0061353967
108,87,239205,N,N,N,V,0.87809515,False,0.003550052,0.09148127,0.87809515,0.020564355,0.0063091964
108,87,239640,N,N,N,V,0.90655077,False,0.0031675964,0.06786442,0.90655077,0.01662756,0.005789662
108,87,240024,N,N,N,V,0.85811174,False,0.004028464,0.11151534,0.85811174,0.019701544,0.0066428157
108,87,240446,N,N,N,V,0.8636371,False,0.0038074576,0.10581942,0.8636371,0.02028988,0.0064461054
108,87,240857,N,N,N,V,0.7272378,False,0.005666062,0.23248957,0.7272378,0.026316047,0.0082905255
108,87,241220,N,N,N,V,0.68884844,False,0.007023252,0.26732194,0.68884844,0.028272737,0.008533573
108,87,241587,N,N,N,V,0.7562127,False,0.00585268,0.20086928,0.7562127,0.029022543,0.008042813
108,87,241986,N,N,N,V,0.71103626,False,0.005927006,0.24404435,0.71103626,0.031408515,0.0075839376
108,87,242385,N,N,N,V,0.74974555,False,0.0058054617,0.20891319,0.74974555,0.027941952,0.007593863
108,87,242786,N,N,N,V,0.8227962,False,0.0054186005,0.14203428,0.8227962,0.023026066,0.00672493
108,87,243162,N,N,N,V,0.49075776,False,0.010233587,0.4582511,0.49075776,0.031140437,0.009617146
108,87,243519,N,N,N,V,0.48461196,False,0.0108208805,0.45973143,0.48461196,0.035166737,0.009669045
108,87,243881,N,N,N,S,0.51395595,False,0.011756731,0.51395595,0.43242154,0.031257458,0.01060829
108,87,244254,N,N,N,V,0.5754448,False,0.008299787,0.37294167,0.5754448,0.034699492,0.008614242
108,87,244655,N,N,N,V,0.7833678,False,0.005205714,0.17599458,0.7833678,0.02825166,0.007180242
108,87,245037,N,N,N,V,0.8147834,False,0.0043823463,0.14802404,0.8147834,0.026007082,0.006803168
108,87,245427,N,N,N,V,0.9062184,False,0.0031620567,0.0663629,0.9062184,0.018449085,0.0058075874
108,87,245782,N,N,N,V,0.834486,False,0.0045265583,0.12637521,0.834486,0.026304308,0.008307983
108,87,246151,N,N,N,V,0.89882356,False,0.0032904684,0.07267247,0.89882356,0.018777618,0.006435838
108,87,246542,N,N,N,V,0.83903533,False,0.0043544187,0.12764208,0.83903533,0.022123631,0.006844598
108,87,246948,N,N,N,V,0.8553823,False,0.0037419917,0.112287864,0.8553823,0.022051817,0.0065359157
108,87,247341,N,N,N,V,0.8866442,False,0.0032646896,0.08375838,0.8866442,0.019950073,0.006382699
108,87,247732,N,N,N,V,0.8659583,False,0.0038420488,0.10404663,0.8659583,0.019762933,0.0063901953
108,87,248114,N,N,N,V,0.8688368,False,0.0038428854,0.09991885,0.8688368,0.02073023,0.0066712787
108,87,248503,N,N,N,V,0.8526592,False,0.003917314,0.114403434,0.8526592,0.022448424,0.006571695
108,87,248908,N,N,N,V,0.90792,False,0.0030470018,0.06638846,0.90792,0.016858023,0.005786392
108,87,249312,N,N,N,V,0.9383266,False,0.0028227137,0.039211877,0.9383266,0.013774787,0.0058640153
108,87,249688,N,N,N,V,0.80125606,False,0.006464452,0.1620229,0.80125606,0.019446922,0.0108096395
108,87,250054,N,N,N,V,0.7329816,False,0.005811997,0.22497645,0.7329816,0.027402421,0.008827535
108,87,250435,N,N,N,V,0.69422466,False,0.0061015873,0.2621326,0.69422466,0.028860275,0.008680871
108,87,250822,N,N,N,V,0.76259905,False,0.0056223287,0.19719984,0.76259905,0.02689138,0.0076873554
108,87,251220,N,N,N,V,0.5717795,False,0.0069670114,0.37740472,0.5717795,0.035640623,0.00820812
108,87,251606,N,N,N,V,0.55857694,False,0.0077055683,0.39147595,0.55857694,0.032686364,0.0095552085
108,87,251973,N,N,N,V,0.58068186,False,0.0071408735,0.36709094,0.58068186,0.03592909,0.009157249
108,87,252321,N,N,N,V,0.5236743,False,0.007311305,0.4196219,0.5236743,0.04039149,0.009000996
108,87,252678,N,N,N,V,0.78307796,False,0.0054504657,0.1752233,0.78307796,0.028836826,0.007411562
108,87,253029,N,N,N,V,0.77543145,False,0.0066769267,0.18648204,0.77543145,0.024206785,0.0072027957
108,87,253419,N,N,N,S,0.7414599,False,0.010088134,0.7414599,0.21176897,0.027962154,0.008720887
108,87,253873,N,N,N,S,0.4747546,False,0.0089576235,0.4747546,0.45896813,0.04767943,0.009640356
108,87,254259,N,N,N,S,0.50976866,False,0.008029245,0.50976866,0.4253171,0.044581126,0.012303885
108,87,254623,N,N,N,V,0.6205394,False,0.0077945576,0.32471642,0.6205394,0.0374898,0.009459723
108,87,255022,N,N,N,V,0.79721177,False,0.006160592,0.16149211,0.79721177,0.027734058,0.00740149
108,87,255412,N,N,N,V,0.5872913,False,0.014865442,0.36050457,0.5872913,0.027412573,0.009926177
108,87,255797,N,N,N,V,0.7203068,False,0.009903959,0.23710082,0.7203068,0.024866741,0.007821724
108,87,256157,N,N,N,S,0.52751285,False,0.013701908,0.52751285,0.42202145,0.02754281,0.009220998
108,87,256506,N,N,N,V,0.7502916,False,0.006320951,0.20540336,0.7502916,0.028451232,0.009532834
108,87,256842,N,N,N,V,0.5586921,False,0.006422462,0.38552675,0.5586921,0.038209908,0.011148721
108,87,257187,N,N,N,V,0.80640566,False,0.0043889424,0.15350449,0.80640566,0.02784827,0.007852691
108,87,257615,N,N,N,V,0.87630695,False,0.0036096796,0.09209504,0.87630695,0.02166081,0.0063275257
108,87,257956,N,N,N,V,0.6894474,False,0.0061616693,0.26713735,0.6894474,0.028861586,0.008392034
108,87,258301,N,N,N,V,0.8628667,False,0.0043845833,0.10435959,0.8628667,0.02165355,0.006735642
108,87,258629,N,N,N,V,0.74519145,False,0.0062087146,0.20986114,0.74519145,0.028045785,0.010692938
108,87,259090,N,N,N,V,0.85381633,False,0.004076983,0.11164458,0.85381633,0.023189625,0.007272441
108,87,259490,N,N,N,V,0.8582307,False,0.0044626785,0.11057575,0.8582307,0.019922368,0.00680845
108,87,259930,N,N,N,V,0.84127736,False,0.0060707116,0.10684896,0.84127736,0.029895663,0.0159073
108,87,260310,N,N,N,V,0.8693926,False,0.007275951,0.09343027,0.8693926,0.01730444,0.012596751
108,87,260665,N,N,N,V,0.7992931,False,0.007753566,0.16353853,0.7992931,0.020181434,0.009233423
108,87,261018,N,N,N,V,0.8559149,False,0.0073679877,0.108502194,0.8559149,0.018947076,0.009267775
108,87,261386,N,N,N,V,0.89855796,False,0.004336416,0.07473675,0.89855796,0.016056249,0.0063127126
108,87,261745,N,N,N,V,0.78669065,False,0.006128786,0.17645779,0.78669065,0.02298683,0.0077359867
108,87,262114,N,N,N,V,0.7780295,False,0.0056591216,0.18398082,0.7780295,0.02502763,0.00730296
108,87,262474,N,N,N,V,0.82327855,False,0.004742507,0.14276074,0.82327855,0.022220608,0.006997696
108,87,262958,N,N,N,V,0.88344955,False,0.003076558,0.081969485,0.88344955,0.024701038,0.006803322
108,87,263192,A,S,S,V,0.4783738,False,0.010676009,0.4734833,0.4783738,0.027219614,0.010247362
108,87,263670,N,N,N,V,0.75420463,False,0.0059571154,0.20220837,0.75420463,0.02990205,0.007727788
108,87,264186,N,N,N,V,0.90316975,False,0.0032653196,0.06899541,0.90316975,0.018538684,0.0060308347
108,87,264555,N,N,N,V,0.8373275,False,0.0043448657,0.12944052,0.8373275,0.022294212,0.006592965
108,87,264949,N,N,N,V,0.8802485,False,0.0040564667,0.09162686,0.8802485,0.017852848,0.0062153083
108,87,265315,N,N,N,V,0.8991135,False,0.0032019492,0.07293972,0.8991135,0.018615007,0.00612981
108,87,265681,N,N,N,V,0.6806177,False,0.0059336904,0.27484787,0.6806177,0.029364543,0.009236211
108,87,266082,N,N,N,V,0.6792148,False,0.0062777507,0.27500394,0.6792148,0.030981245,0.0085223
108,87,266473,N,N,N,V,0.60523814,False,0.0074507,0.34672093,0.60523814,0.03209766,0.0084925005
108,87,266848,N,N,N,V,0.7253106,False,0.0057049827,0.22921152,0.7253106,0.031697817,0.008075093
108,87,267211,N,N,N,V,0.7774399,False,0.00433628,0.17523417,0.7774399,0.03467117,0.008318588
108,87,267557,N,N,N,V,0.8462407,False,0.0033011115,0.11059428,0.8462407,0.03182321,0.008040684
108,87,267931,N,N,N,V,0.72127867,False,0.004815316,0.23062426,0.72127867,0.035284597,0.007997131
108,87,268510,N,N,N,V,0.8199046,False,0.003629263,0.12995644,0.8199046,0.03919641,0.0073133386
108,87,268697,V,V,V,V,0.93938833,True,0.0024725955,0.0339742,0.93938833,0.01721262,0.0069523356
108,87,268976,N,N,N,V,0.6440323,False,0.0052561047,0.21267447,0.6440323,0.12118198,0.016855182
108,87,269368,N,N,N,V,0.85344106,False,0.0036795114,0.10760249,0.85344106,0.028024701,0.0072523355
108,87,269782,N,N,N,V,0.7719815,False,0.004558141,0.18620427,0.7719815,0.029822629,0.0074334494
108,87,270176,N,N,N,V,0.7527109,False,0.0049947584,0.20558938,0.7527109,0.028990697,0.0077142995
108,87,270574,N,N,N,V,0.8084264,False,0.004343973,0.15362917,0.8084264,0.026514946,0.007085572
108,87,270988,N,N,N,V,0.79268587,False,0.004528494,0.16884005,0.79268587,0.026938083,0.0070073726
108,87,271373,N,N,N,V,0.81499237,False,0.004381953,0.1491051,0.81499237,0.024447946,0.0070726303
108,87,271749,N,N,N,V,0.8501341,False,0.0040147034,0.11702172,0.8501341,0.022182709,0.0066467887
108,87,272129,N,N,N,V,0.8194969,False,0.0046671224,0.14577149,0.8194969,0.022966975,0.007097486
108,87,272520,N,N,N,V,0.8624778,False,0.004123016,0.10735818,0.8624778,0.019661227,0.0063798376
108,87,272906,N,N,N,V,0.8473734,False,0.004363308,0.12116831,0.8473734,0.020288948,0.0068061226
108,87,273277,N,N,N,V,0.8388062,False,0.004238003,0.12792926,0.8388062,0.022175701,0.006850858
108,87,273633,N,N,N,V,0.8451184,False,0.0038558566,0.121058315,0.8451184,0.02309022,0.006877362
108,87,273989,N,N,N,V,0.8779752,False,0.0034288745,0.09139544,0.8779752,0.02077709,0.006423376
108,87,274451,N,N,N,V,0.8472972,False,0.0040396135,0.11972442,0.8472972,0.022135915,0.006802905
108,87,274894,N,N,N,V,0.84925646,False,0.004045568,0.11824916,0.84925646,0.02179818,0.006650581
108,87,275301,N,N,N,V,0.86834943,False,0.0039747553,0.10158962,0.86834943,0.019576244,0.006509947
108,87,275687,N,N,N,V,0.870406,False,0.0036285822,0.09857792,0.870406,0.020956127,0.0064314473
108,87,276052,N,N,N,V,0.87172616,False,0.0037549618,0.09858045,0.87172616,0.019538727,0.0063996543
108,87,276430,N,N,N,V,0.7819778,False,0.011402573,0.14702803,0.7819778,0.023857476,0.03573424
108,87,276816,N,N,N,V,0.8762375,False,0.0064820675,0.09433976,0.8762375,0.011669586,0.011271028
108,87,277186,N,N,N,V,0.8724775,False,0.008253639,0.09518022,0.8724775,0.015330384,0.008758337
108,87,277565,N,N,N,V,0.8720683,False,0.0048775934,0.09794418,0.8720683,0.01838089,0.006729005
108,87,277905,N,N,N,V,0.8896656,False,0.004190516,0.08289537,0.8896656,0.016937278,0.006311204
108,87,278289,N,N,N,V,0.9074268,False,0.00374177,0.06572632,0.9074268,0.016625633,0.00647951
108,87,278657,N,N,N,V,0.7820948,False,0.0059190355,0.18035638,0.7820948,0.023351306,0.008278405
108,87,279048,N,N,N,V,0.85855246,False,0.0041678064,0.1102041,0.85855246,0.020246739,0.0068287933
108,87,279432,N,N,N,V,0.6376414,False,0.00709758,0.31759936,0.6376414,0.02865037,0.0090113925
108,87,279793,N,N,N,V,0.8326749,False,0.004499138,0.13168046,0.8326749,0.023663558,0.007481791
108,87,280145,N,N,N,V,0.80258334,False,0.004665916,0.15805629,0.80258334,0.025542289,0.00915225
108,87,280500,N,N,N,V,0.6916149,False,0.006706002,0.26340675,0.6916149,0.029612884,0.008659424
108,87,280944,N,N,N,V,0.6977535,False,0.005854552,0.25635514,0.6977535,0.03177149,0.0082653025
108,87,281419,N,N,N,V,0.69957566,False,0.0057487157,0.25407192,0.69957566,0.0326401,0.007963655
108,87,281865,N,N,N,V,0.7959146,False,0.005009469,0.16516298,0.7959146,0.02647632,0.007436643
108,87,282251,N,N,N,V,0.88421047,False,0.003465176,0.08207193,0.88421047,0.023369761,0.006882709
108,87,282633,N,N,N,V,0.7967487,False,0.0049433988,0.1648721,0.7967487,0.025907481,0.007528325
108,87,283030,N,N,N,V,0.7082939,False,0.0068307305,0.24958165,0.7082939,0.026786312,0.008507397
108,87,283437,N,N,N,V,0.81154126,False,0.0049543674,0.15209849,0.81154126,0.02412874,0.0072771935
108,87,283831,N,N,N,V,0.7531591,False,0.005859386,0.20750867,0.7531591,0.025894597,0.0075782677
108,87,284221,N,N,N,V,0.8058901,False,0.005249916,0.15744564,0.8058901,0.024080895,0.007333501
108,87,284593,N,N,N,V,0.8750983,False,0.0038878997,0.09435774,0.8750983,0.020145517,0.0065105497
108,87,284955,N,N,N,V,0.829243,False,0.004199554,0.13462745,0.829243,0.024841627,0.007088408
108,87,285350,N,N,N,V,0.8346844,False,0.0042917114,0.13139254,0.8346844,0.022938311,0.0066929827
108,87,285740,N,N,N,V,0.85675055,False,0.0041823788,0.11165824,0.85675055,0.02077533,0.0066335434
108,87,286128,N,N,N,V,0.8133704,False,0.004467517,0.1499055,0.8133704,0.025209982,0.007046586
108,87,286496,N,N,N,V,0.74359083,False,0.0056401603,0.21245642,0.74359083,0.029662265,0.008650386
108,87,286861,N,N,N,V,0.7268379,False,0.0060060876,0.22937657,0.7268379,0.02942666,0.00835281
108,87,287229,N,N,N,V,0.6994321,False,0.0063201133,0.2556937,0.6994321,0.02974723,0.008806906
108,87,287614,N,N,N,V,0.8270316,False,0.004509234,0.13716538,0.8270316,0.02433171,0.0069621196
108,87,287995,N,N,N,V,0.47668234,False,0.009180639,0.47153234,0.47668234,0.032562137,0.0100424765
108,87,288349,N,N,N,S,0.4841886,False,0.009217163,0.4841886,0.4643403,0.031877488,0.010376392
108,87,288741,N,N,N,S,0.77090317,False,0.010194795,0.77090317,0.18463475,0.026455855,0.0078115007
108,87,289160,N,N,N,S,0.689304,False,0.01902383,0.689304,0.24523847,0.036626153,0.009807558
108,87,289564,N,N,N,S,0.76450914,False,0.013810486,0.76450914,0.18725702,0.027640484,0.0067829033
108,87,289944,N,N,N,S,0.60688657,False,0.014132551,0.60688657,0.3352928,0.03579522,0.007892875
108,87,290324,N,N,N,V,0.47645062,False,0.011328756,0.462251,0.47645062,0.04081464,0.00915494
108,87,290678,N,N,N,V,0.823561,False,0.005034385,0.13223371,0.823561,0.031762507,0.0074084094
108,87,291025,N,N,N,V,0.6707204,False,0.006196155,0.28078276,0.6707204,0.034301806,0.007998875
108,87,291381,N,N,N,V,0.80890906,False,0.004410382,0.15179802,0.80890906,0.027577365,0.007305076
108,87,291731,N,N,N,V,0.6335686,False,0.0070388718,0.3191228,0.6335686,0.031451575,0.00881815
108,87,292106,N,N,N,V,0.71679205,False,0.0062809014,0.23749988,0.71679205,0.031015111,0.008412133
108,87,292485,N,N,N,V,0.75404125,False,0.0049276385,0.20293622,0.75404125,0.030937314,0.007157529
108,87,292846,N,N,N,V,0.8223497,False,0.0043717334,0.14115657,0.8223497,0.025135297,0.006986666
108,87,293198,N,N,N,V,0.6977017,False,0.0058846124,0.2519601,0.6977017,0.033818007,0.010635535
108,87,293555,N,N,N,S,0.5262466,False,0.011184905,0.5262466,0.42138088,0.03122658,0.009961032
108,87,293939,N,N,N,V,0.5419041,False,0.015868003,0.38806134,0.5419041,0.02898439,0.025182094
108,87,294300,N,N,N,V,0.6025768,False,0.017942369,0.3453749,0.6025768,0.01938946,0.014716499
108,87,294671,N,N,N,V,0.58941704,False,0.016947562,0.36343342,0.58941704,0.018355094,0.011846917
108,87,295039,N,N,N,V,0.55542165,False,0.016896872,0.39615327,0.55542165,0.019896958,0.011631259
108,87,295391,N,N,N,S,0.5339761,False,0.01723441,0.5339761,0.41688707,0.021386221,0.010516262
108,87,295739,N,N,N,V,0.5378653,False,0.018607778,0.41042727,0.5378653,0.022968497,0.010131138
108,87,296125,N,N,N,V,0.70786864,False,0.010986867,0.25170732,0.70786864,0.02149232,0.007944838
108,87,296514,N,N,N,V,0.81809664,False,0.008466456,0.15088116,0.81809664,0.014703406,0.007852439
108,87,296901,N,N,N,V,0.83976513,False,0.00762189,0.13015172,0.83976513,0.013997627,0.008463631
108,87,297264,N,N,N,V,0.7893913,False,0.010297567,0.17537856,0.7893913,0.014910289,0.010022272
108,87,297628,N,N,N,V,0.7852637,False,0.011036112,0.1791607,0.7852637,0.014905879,0.009633619
108,87,297982,N,N,N,V,0.78179455,False,0.011150126,0.1824913,0.78179455,0.0151035525,0.009460422
108,87,298355,N,N,N,V,0.8681829,False,0.0070779393,0.104347825,0.8681829,0.012596323,0.0077949907
108,87,298742,N,N,N,V,0.8880915,False,0.005849548,0.086122185,0.8880915,0.011581206,0.008355634
108,87,299164,N,N,N,V,0.8772588,False,0.0066532935,0.096309096,0.8772588,0.011715588,0.008063263
108,87,299591,N,N,N,V,0.8714287,False,0.007193107,0.10125328,0.8714287,0.01184983,0.008275098
108,87,299992,N,N,N,V,0.87511855,False,0.006921173,0.09820031,0.87511855,0.011774182,0.0079857735
108,87,300380,N,N,N,V,0.8461993,False,0.009136472,0.122653104,0.8461993,0.01259319,0.009417887
108,87,300782,N,N,N,V,0.8567418,False,0.007866802,0.11254384,0.8567418,0.012502634,0.010344903
108,87,301187,N,N,N,V,0.89566463,False,0.0051624263,0.07957603,0.89566463,0.01177513,0.007821776
108,87,301551,N,N,N,V,0.93133044,False,0.0038347028,0.046493813,0.93133044,0.011867957,0.0064730705
108,87,301897,N,N,N,V,0.7638578,False,0.0057233,0.19556004,0.7638578,0.02512089,0.009738025
108,87,302305,N,N,N,V,0.81021076,False,0.004970555,0.15444069,0.81021076,0.022819558,0.007558464
108,87,302716,N,N,N,V,0.8708826,False,0.0042319666,0.10013067,0.8708826,0.018340535,0.0064142477
108,87,303115,N,N,N,V,0.8789152,False,0.0039498936,0.09303286,0.8789152,0.018001335,0.006100752
108,87,303510,N,N,N,V,0.8815642,False,0.0038182833,0.09023563,0.8815642,0.018109227,0.0062726107
108,87,303886,N,N,N,V,0.85416365,False,0.0044777854,0.11503585,0.85416365,0.01945874,0.0068639833
108,87,304251,N,N,N,V,0.89797926,False,0.004172243,0.073367275,0.89797926,0.017519856,0.006961359
108,87,304631,N,N,N,V,0.8519716,False,0.004754153,0.11563322,0.8519716,0.020821905,0.006819036
108,87,305012,N,N,N,V,0.8405368,False,0.004576114,0.12682183,0.8405368,0.021093803,0.0069715576
108,87,305372,N,N,N,V,0.7282144,False,0.0054984754,0.22896875,0.7282144,0.02926758,0.008050722
108,87,305751,N,N,N,V,0.5656654,False,0.007669384,0.38551208,0.5656654,0.031993657,0.009159486
108,87,306122,N,N,N,V,0.781408,False,0.0051029064,0.17487536,0.781408,0.03008974,0.008523955
108,87,306677,N,N,N,V,0.9013274,False,0.0032458305,0.06594755,0.9013274,0.023107428,0.00637185
108,87,306962,N,N,N,V,0.81301695,False,0.004772186,0.14980619,0.81301695,0.025104,0.0073007443
108,87,307380,N,N,N,V,0.84839284,False,0.0044817934,0.119710624,0.84839284,0.020557757,0.0068569705
108,87,307779,N,N,N,V,0.7604286,False,0.0057111196,0.20075938,0.7604286,0.025291681,0.007809236
108,87,308180,N,N,N,V,0.8617994,False,0.0041358103,0.10640762,0.8617994,0.020901501,0.006755612
108,87,308549,N,N,N,V,0.82676864,False,0.0054747052,0.13276082,0.82676864,0.02561504,0.009380773
108,87,308930,N,N,N,V,0.8014399,False,0.00530243,0.16069221,0.8014399,0.02475901,0.0078063677
108,87,309325,N,N,N,V,0.9237164,False,0.003041884,0.051642254,0.9237164,0.01585,0.005749305
108,87,309713,N,N,N,V,0.62844783,False,0.008693202,0.3259268,0.62844783,0.027457686,0.009474471
108,87,310078,N,N,N,V,0.66136426,False,0.009071178,0.2909778,0.66136426,0.028790213,0.009796526
108,87,310445,N,N,N,V,0.6796531,False,0.007751178,0.27491727,0.6796531,0.029255528,0.008422948
108,87,310806,N,N,N,V,0.84426814,False,0.005007237,0.122754134,0.84426814,0.021433728,0.0065366216
108,87,311164,N,N,N,V,0.67397094,False,0.007193748,0.28251988,0.67397094,0.027921442,0.008394069
108,87,311535,N,N,N,S,0.5706654,False,0.009855128,0.5706654,0.37806877,0.031960882,0.009449817
108,87,311987,N,N,N,S,0.72784615,False,0.009545047,0.72784615,0.22401056,0.031256564,0.00734173
108,87,312423,N,N,N,S,0.7157692,False,0.008614098,0.7157692,0.16684116,0.10208994,0.00668558
108,87,312838,N,N,N,S,0.72164327,False,0.011154613,0.72164327,0.21488786,0.045510776,0.006803434
108,87,313238,N,N,N,S,0.68700707,False,0.013300646,0.68700707,0.22614895,0.06620203,0.0073412564
108,87,313650,N,N,N,S,0.76060075,False,0.018350132,0.76060075,0.15779674,0.042231362,0.021021096
108,87,314055,N,N,N,S,0.681166,False,0.025367841,0.681166,0.20745954,0.04315565,0.04285099
108,87,314443,N,N,N,S,0.64401263,False,0.02209606,0.64401263,0.2711766,0.03265909,0.030055564
108,87,314817,N,N,N,S,0.5824573,False,0.022117296,0.5824573,0.3332897,0.027443286,0.034692317
108,87,315182,N,N,N,S,0.70574564,False,0.025902797,0.70574564,0.23425213,0.024005832,0.010093622
108,87,315605,N,N,N,S,0.6344878,False,0.028999146,0.6344878,0.2615962,0.03819481,0.036722
108,87,315997,N,N,N,S,0.51746935,False,0.03901002,0.51746935,0.34136868,0.031842697,0.070309244
108,87,316385,N,N,N,S,0.4224784,False,0.04155776,0.4224784,0.40888554,0.025729196,0.101348944
108,87,316774,N,N,N,V,0.46315184,False,0.037788447,0.3841552,0.46315184,0.023559336,0.09134512
108,87,317138,N,N,N,S,0.47063553,False,0.029648153,0.47063553,0.4232736,0.023232142,0.05321053
108,87,317530,N,N,N,V,0.44602954,False,0.031032255,0.4010284,0.44602954,0.030155255,0.09175457
108,87,317931,N,N,N,V,0.48911113,False,0.0324322,0.3139947,0.48911113,0.03157761,0.13288437
108,87,318323,N,N,N,V,0.46751305,False,0.049009245,0.1952613,0.46751305,0.023506653,0.2647097
108,87,318688,N,N,N,V,0.4816766,False,0.060314476,0.38309044,0.4816766,0.03366948,0.04124893
108,87,319095,N,N,N,V,0.47805968,False,0.03793917,0.3855584,0.47805968,0.03192786,0.06651491
108,87,319467,N,N,N,V,0.4784121,False,0.038986877,0.3830335,0.4784121,0.025622576,0.07394499
108,87,319864,N,N,N,V,0.52933407,False,0.037824694,0.3039527,0.52933407,0.022901855,0.10598671
108,87,320262,N,N,N,S,0.49059296,False,0.03390364,0.49059296,0.43865135,0.018171625,0.018680401
108,87,320664,N,N,N,S,0.47993374,False,0.032554265,0.47993374,0.41325012,0.026975697,0.04728618
108,87,321043,N,N,N,S,0.58132833,False,0.02765555,0.58132833,0.35018986,0.021571454,0.019254755
108,87,321411,N,N,N,S,0.6222102,False,0.028107787,0.6222102,0.29544252,0.025326941,0.028912537
108,87,321790,N,N,N,S,0.506593,False,0.029643169,0.506593,0.39940292,0.023057064,0.041303918
108,87,322177,N,N,N,S,0.46178088,False,0.0281902,0.46178088,0.42392907,0.02788649,0.058213335
108,87,322578,N,N,N,S,0.469501,False,0.021331318,0.469501,0.43390763,0.02694077,0.048319258
108,87,322953,N,N,N,S,0.60047054,False,0.0226825,0.60047054,0.33636838,0.022916565,0.017561968
108,87,323326,N,N,N,S,0.523234,False,0.028175231,0.523234,0.38887012,0.023392448,0.036328193
108,87,323695,N,N,N,S,0.64204717,False,0.023627136,0.64204717,0.2869102,0.02347185,0.023943646
108,87,324077,N,N,N,S,0.65515375,False,0.024937565,0.65515375,0.26861843,0.023823787,0.027466407
108,87,324454,N,N,N,S,0.81416804,False,0.013884667,0.81416804,0.14081943,0.024482526,0.00664528
108,87,324874,N,N,N,S,0.692343,False,0.014416778,0.692343,0.23059757,0.040059038,0.022583595
108,87,325255,N,N,N,S,0.7390984,False,0.014698986,0.7390984,0.2055992,0.027497295,0.01310613
108,87,325603,N,N,N,S,0.79719704,False,0.016485007,0.79719704,0.12280008,0.057065997,0.0064518023
108,87,326005,N,N,N,S,0.749571,False,0.018329654,0.749571,0.1716854,0.040419385,0.019994551
108,87,326392,N,N,N,S,0.7057442,False,0.020861415,0.7057442,0.19786642,0.042858753,0.032669242
108,87,326580,V,V,V,S,0.7991787,False,0.012434404,0.7991787,0.13515323,0.04571632,0.0075173434
108,87,327161,N,N,N,S,0.7591511,False,0.016175693,0.7591511,0.17832266,0.030340163,0.016010396
108,87,327543,N,N,N,S,0.7052483,False,0.018731415,0.7052483,0.22810233,0.026350738,0.021567171
108,87,327900,N,N,N,S,0.6801225,False,0.017912526,0.6801225,0.25702864,0.027570637,0.017365793
108,87,328267,N,N,N,S,0.71739036,False,0.019369494,0.71739036,0.22145447,0.025088461,0.016697276
108,87,328648,N,N,N,S,0.64651173,False,0.023767585,0.64651173,0.27306455,0.02621065,0.030445423
108,87,329035,N,N,N,S,0.67088,False,0.019589704,0.67088,0.2529755,0.028375292,0.028179547
108,87,329401,N,N,N,S,0.7273175,False,0.017744016,0.7273175,0.2166521,0.024343835,0.013942565
108,87,329755,N,N,N,S,0.61222476,False,0.01856672,0.61222476,0.32537943,0.024198893,0.019630283
108,87,330116,N,N,N,S,0.69442856,False,0.0186577,0.69442856,0.25038946,0.023510525,0.0130137075
108,87,330489,N,N,N,S,0.7266011,False,0.019118913,0.7266011,0.21275261,0.02467171,0.016855631
108,87,331001,N,N,N,S,0.7071565,False,0.017687296,0.7071565,0.22538961,0.028499955,0.021266632
108,87,331464,N,N,N,S,0.69469965,False,0.022387544,0.69469965,0.23232582,0.024878813,0.025708124
108,87,331868,N,N,N,S,0.7301454,False,0.020365639,0.7301454,0.20840998,0.02375452,0.01732443
108,87,332264,N,N,N,S,0.78488064,False,0.017658748,0.78488064,0.16465679,0.02218685,0.010617013
108,87,332642,N,N,N,S,0.7882094,False,0.01681377,0.7882094,0.16087618,0.023604479,0.010496341
108,87,333040,N,N,N,S,0.76568353,False,0.02015612,0.76568353,0.16060853,0.03207111,0.021480627
108,87,333441,N,N,N,S,0.765412,False,0.018620342,0.765412,0.17414948,0.024913624,0.016904758
108,87,333831,N,N,N,S,0.7462617,False,0.019868188,0.7462617,0.19885215,0.023510102,0.011507875
108,87,334190,N,N,N,S,0.7463445,False,0.018037051,0.7463445,0.19918407,0.024704652,0.011729682
108,87,334573,N,N,N,V,0.5847013,False,0.012950529,0.36706772,0.5847013,0.024344806,0.010935671
108,87,334953,N,N,N,S,0.76688004,False,0.007543353,0.76688004,0.13112599,0.08193967,0.012510886
108,87,335334,N,N,N,S,0.52581155,False,0.021256141,0.52581155,0.40143356,0.04047943,0.0110192485
108,87,335722,N,N,N,V,0.55985415,False,0.0329827,0.36596805,0.55985415,0.028621253,0.012573911
108,87,336094,N,N,N,V,0.68573624,False,0.025858296,0.25623572,0.68573624,0.02252546,0.009644242
108,87,336431,N,N,N,V,0.8285609,False,0.008072404,0.136106,0.8285609,0.02087757,0.0063831583
108,87,336780,N,N,N,V,0.7511891,False,0.0070705446,0.21026805,0.7511891,0.023882907,0.007589367
108,87,337156,N,N,N,V,0.59471685,False,0.007952724,0.35721502,0.59471685,0.030704373,0.0094109615
108,87,337630,N,N,N,S,0.6213102,False,0.008316324,0.6213102,0.32529077,0.035942834,0.0091399085
108,87,338069,N,N,N,V,0.5577804,False,0.006602766,0.37930846,0.5577804,0.04433092,0.011977362
108,87,338488,N,N,N,S,0.6587425,False,0.007284684,0.6587425,0.28554454,0.03881729,0.009611021
108,87,338890,N,N,N,V,0.5307507,False,0.007420601,0.4075582,0.5307507,0.043593355,0.010677042
108,87,339290,N,N,N,S,0.47974423,False,0.0072447984,0.47974423,0.46080476,0.043857463,0.008348714
108,87,339706,N,N,N,V,0.60598975,False,0.006773214,0.33782506,0.60598975,0.040545136,0.008866828
108,87,340099,N,N,N,V,0.7167889,False,0.0050891917,0.2344438,0.7167889,0.035699666,0.0079784645
108,87,340481,N,N,N,V,0.8061355,False,0.0039480356,0.15240908,0.8061355,0.029756086,0.007751294
108,87,340850,N,N,N,V,0.8218952,False,0.004268334,0.14179574,0.8218952,0.024827784,0.007213049
108,87,341234,N,N,N,V,0.8577801,False,0.004044816,0.110774875,0.8577801,0.020751968,0.006648213
108,87,341610,N,N,N,V,0.83308125,False,0.0042979354,0.13319016,0.83308125,0.022507243,0.006923444
108,87,342015,N,N,N,V,0.86681104,False,0.0039602397,0.10334475,0.86681104,0.019436784,0.006447191
108,87,342382,N,N,N,V,0.7973592,False,0.0044251834,0.16440724,0.7973592,0.026092835,0.0077155377
108,87,342755,N,N,N,V,0.86209035,False,0.0038950655,0.10687273,0.86209035,0.02046625,0.0066755596
108,87,343112,N,N,N,V,0.84742147,False,0.0039246147,0.11925855,0.84742147,0.02255054,0.0068448856
108,87,343489,N,N,N,V,0.87722206,False,0.0036612684,0.09344822,0.87722206,0.01936221,0.0063062054
108,87,343871,N,N,N,V,0.8713142,False,0.0038390965,0.09916212,0.8713142,0.019255228,0.0064293845
108,87,344251,N,N,N,V,0.7657262,False,0.0051395134,0.1938223,0.7657262,0.027704725,0.0076072426
108,87,344641,N,N,N,V,0.8780765,False,0.0036484567,0.09220135,0.8780765,0.019604534,0.0064691417
108,87,345179,N,N,N,V,0.89191866,False,0.0034255814,0.07909867,0.89191866,0.019281046,0.0062760143
108,87,345623,N,N,N,V,0.9139989,False,0.0033028235,0.06169607,0.9139989,0.015272939,0.005729133
108,87,346052,N,N,N,V,0.70690954,False,0.006429892,0.2514075,0.70690954,0.026749464,0.008503536
108,87,346447,N,N,N,V,0.48630723,False,0.008244323,0.4622675,0.48630723,0.03366403,0.009516837
108,87,346853,N,N,N,V,0.57444173,False,0.008337382,0.3706512,0.57444173,0.034937378,0.011632223
108,87,347216,N,N,N,V,0.56078476,False,0.008327888,0.3866755,0.56078476,0.034742076,0.0094696935
108,87,347585,N,N,N,V,0.63269424,False,0.01058976,0.31138623,0.63269424,0.031345047,0.0139847975
108,87,347976,N,N,N,V,0.5057376,False,0.008595735,0.44013423,0.5057376,0.036059055,0.0094734
108,87,348367,N,N,N,V,0.8012347,False,0.0052999174,0.15890014,0.8012347,0.027130466,0.0074348073
108,87,348752,N,N,N,V,0.79640555,False,0.005060253,0.16553858,0.79640555,0.025881832,0.0071137496
108,87,349129,N,N,N,V,0.8775385,False,0.0040111593,0.09286145,0.8775385,0.019261237,0.0063276505
108,87,349491,N,N,N,V,0.92713,False,0.0033329665,0.048174452,0.92713,0.015151842,0.006210649
108,87,349855,N,N,N,V,0.8240974,False,0.005253645,0.14185089,0.8240974,0.021391325,0.0074067437
108,87,350240,N,N,N,V,0.8255374,False,0.0050440314,0.14137682,0.8255374,0.020799624,0.0072420775
108,87,350636,N,N,N,V,0.68186885,False,0.007021758,0.27557948,0.68186885,0.026656969,0.008872957
108,87,351009,N,N,N,V,0.81976116,False,0.0047036596,0.14334762,0.81976116,0.024626782,0.0075607304
108,87,351399,N,N,N,V,0.82401925,False,0.0047467146,0.1411949,0.82401925,0.023058718,0.006980457
108,87,351764,N,N,N,V,0.93354744,False,0.00309854,0.043984696,0.93354744,0.013808743,0.005560624
108,87,352138,N,N,N,V,0.69649297,False,0.009133543,0.25923282,0.69649297,0.025700452,0.009440239
108,87,352531,N,N,N,V,0.8474949,False,0.005167807,0.120467484,0.8474949,0.019944783,0.0069249026
108,87,352921,N,N,N,V,0.8075014,False,0.0053684893,0.15810208,0.8075014,0.021752983,0.0072749904
108,87,353295,N,N,N,V,0.8075687,False,0.0052211136,0.15678914,0.8075687,0.023074627,0.0073464713
108,87,353659,N,N,N,V,0.80405,False,0.0051120105,0.16027609,0.80405,0.023368225,0.0071937297
108,87,354039,N,N,N,V,0.87188196,False,0.0041210363,0.09821875,0.87188196,0.019283518,0.006494749
108,87,354426,N,N,N,V,0.7186736,False,0.006365474,0.23989567,0.7186736,0.027050974,0.008014302
108,87,354821,N,N,N,V,0.8167546,False,0.005025131,0.14778,0.8167546,0.023140082,0.0073002046
108,87,355230,N,N,N,V,0.8528566,False,0.004168956,0.115349784,0.8528566,0.021094598,0.0065300358
108,87,355604,N,N,N,V,0.74987364,False,0.005384263,0.20925131,0.74987364,0.027155884,0.0083348015
108,87,355977,N,N,N,V,0.85807246,False,0.0040546544,0.109269306,0.85807246,0.021714475,0.0068890937
108,87,356363,N,N,N,V,0.708505,False,0.006170565,0.24872848,0.708505,0.028288137,0.008307826
108,87,356757,N,N,N,V,0.68778884,False,0.00633508,0.2669043,0.68778884,0.030790249,0.0081814695
108,87,357152,N,N,N,S,0.61822724,False,0.012083454,0.61822724,0.33213803,0.028696505,0.008854818
108,87,357525,N,N,N,S,0.7092501,False,0.011666644,0.7092501,0.24076562,0.029288335,0.009029322
108,87,357899,N,N,N,S,0.5288625,False,0.010697053,0.5288625,0.41369498,0.03714128,0.009604247
108,87,358288,N,N,N,V,0.61630875,False,0.008224769,0.32789242,0.61630875,0.039076738,0.008497346
108,87,358684,N,N,N,V,0.6122828,False,0.007541103,0.33714607,0.6122828,0.035112992,0.007917024
108,87,359087,N,N,N,V,0.7265079,False,0.006375217,0.2287862,0.7265079,0.030664092,0.007666642
108,87,359501,N,N,N,S,0.6195247,False,0.009612114,0.6195247,0.33097368,0.03152562,0.00836383
108,87,359875,N,N,N,S,0.6990224,False,0.01245156,0.6990224,0.24993469,0.029903645,0.008687713
108,87,360260,N,N,N,V,0.60371274,False,0.0090656495,0.34132752,0.60371274,0.03610501,0.009789155
108,87,360660,N,N,N,V,0.8706814,False,0.004532976,0.09716011,0.8706814,0.021313922,0.0063115875
108,87,361050,N,N,N,V,0.73636746,False,0.0064727054,0.22236286,0.73636746,0.02745595,0.007341026
108,87,361452,N,N,N,V,0.81326556,False,0.004838557,0.15066238,0.81326556,0.024153596,0.0070798504
108,87,361854,N,N,N,V,0.496287,False,0.0089272335,0.45465782,0.496287,0.030590286,0.009537587
108,87,362235,N,N,N,V,0.5910333,False,0.007867666,0.35737368,0.5910333,0.03452624,0.009199172
108,87,362628,N,N,N,V,0.7735174,False,0.005677672,0.18483286,0.7735174,0.028111115,0.0078610545
108,87,363000,N,N,N,V,0.68784267,False,0.00698491,0.26845685,0.68784267,0.028363075,0.0083524715
108,87,363407,N,N,N,S,0.47815713,False,0.009572695,0.47815713,0.47225913,0.031608514,0.008402457
108,87,363808,N,N,N,S,0.7314623,False,0.009448949,0.7314623,0.22206879,0.02971605,0.0073038805
108,87,364183,N,N,N,S,0.5873748,False,0.011419012,0.5873748,0.35304156,0.03856905,0.009595559
108,87,364555,N,N,N,S,0.49410254,False,0.009881076,0.49410254,0.446723,0.040810168,0.008483087
108,87,364931,N,N,N,S,0.6865844,False,0.010403017,0.6865844,0.26399636,0.031723928,0.007292277
108,87,365314,N,N,N,S,0.5082874,False,0.00986773,0.5082874,0.43375963,0.03947565,0.008609684
108,87,365698,N,N,N,S,0.7903307,False,0.0096327495,0.7903307,0.16422689,0.02952396,0.0062857247
108,87,366090,N,N,N,V,0.5050626,False,0.010529656,0.43371502,0.5050626,0.0414923,0.009200426
108,87,366453,N,N,N,V,0.4750427,False,0.010853167,0.46922,0.4750427,0.03641425,0.008469819
108,87,366810,N,N,N,S,0.7667813,False,0.014475967,0.7667813,0.18753886,0.023484549,0.0077193636
108,87,367185,N,N,N,S,0.57378477,False,0.028597495,0.57378477,0.32279536,0.040549085,0.034273267
108,87,367562,N,N,N,V,0.4908225,False,0.03598242,0.43086678,0.4908225,0.024052408,0.018275866
108,87,367908,N,N,N,S,0.6649767,False,0.021653166,0.6649767,0.2833165,0.021301094,0.008752615
108,87,368299,N,N,N,V,0.45761463,False,0.019837316,0.44215092,0.45761463,0.04735975,0.03303745
108,87,368645,N,N,N,S,0.6616533,False,0.015608518,0.6616533,0.28763002,0.02458276,0.010525517
108,87,369003,N,N,N,S,0.77712375,False,0.016344618,0.77712375,0.17580172,0.023493057,0.0072368435
108,87,369466,N,N,N,S,0.81272715,False,0.012066161,0.81272715,0.14441282,0.025270421,0.005523401
108,87,369906,N,N,N,S,0.8523813,False,0.013790106,0.8523813,0.10846016,0.020479295,0.004889094
108,87,370311,N,N,N,S,0.66291255,False,0.011825985,0.66291255,0.28170362,0.031093199,0.012464592
108,87,370665,N,N,N,S,0.8316977,False,0.014087894,0.8316977,0.12146046,0.02760345,0.00515047
108,87,371059,N,N,N,S,0.82077,False,0.012521061,0.82077,0.13068986,0.027658751,0.008360284
108,87,371429,N,N,N,S,0.7980876,False,0.015054671,0.7980876,0.14758632,0.029764477,0.009506881
108,87,371823,N,N,N,S,0.68546146,False,0.01318833,0.68546146,0.25788346,0.032277074,0.011189712
108,87,372227,N,N,N,S,0.57864755,False,0.013037437,0.57864755,0.34450662,0.040268715,0.023539715
108,87,372616,N,N,N,S,0.5019039,False,0.017176189,0.5019039,0.43109062,0.030656317,0.019172993
108,87,372977,N,N,N,V,0.5941014,False,0.013851359,0.3583183,0.5941014,0.020060908,0.013668108
108,87,373352,N,N,N,V,0.71064377,False,0.0070489496,0.24173392,0.71064377,0.031529017,0.009044344
108,87,373714,N,N,N,V,0.8454793,False,0.005351648,0.12244661,0.8454793,0.016844066,0.009878472
108,87,374101,N,N,N,V,0.732436,False,0.009934289,0.21958867,0.732436,0.018401697,0.019639393
108,87,374484,N,N,N,V,0.7107832,False,0.012310143,0.23272134,0.7107832,0.01847595,0.025709407
108,87,374852,N,N,N,V,0.5149741,False,0.019887716,0.42650592,0.5149741,0.01899073,0.019641576
108,87,375199,N,N,N,V,0.47561648,False,0.018398568,0.46831632,0.47561648,0.021576952,0.016091716
108,87,375554,N,N,N,S,0.6079881,False,0.015284127,0.6079881,0.33237964,0.02458001,0.019768102
108,87,375937,N,N,N,S,0.65815675,False,0.014894378,0.65815675,0.28276554,0.026463255,0.017720064
108,87,376355,N,N,N,S,0.60447526,False,0.013620062,0.60447526,0.34330925,0.02468908,0.013906306
108,87,376741,N,N,N,S,0.5929993,False,0.009812728,0.5929993,0.34401086,0.039690606,0.013486504
108,87,377108,N,N,N,S,0.6909324,False,0.011965277,0.6909324,0.25882953,0.027640747,0.0106321955
108,87,377449,N,N,N,S,0.76953083,False,0.0143384505,0.76953083,0.18215102,0.02512755,0.008852111
108,87,377789,N,N,N,S,0.6650218,False,0.013339432,0.6650218,0.2842689,0.026837297,0.010532549
108,87,378143,N,N,N,S,0.64744437,False,0.013027438,0.64744437,0.29977602,0.02777279,0.01197932
108,87,378494,N,N,N,S,0.5355202,False,0.012551865,0.5355202,0.41294837,0.02688978,0.012089764
108,87,378844,N,N,N,V,0.47514918,False,0.010493492,0.47445753,0.47514918,0.024642799,0.015257031
108,87,379185,N,N,N,S,0.62167114,False,0.0138461,0.62167114,0.3280123,0.024653647,0.011816803
108,87,379526,N,N,N,S,0.75875145,False,0.014634901,0.75875145,0.19525516,0.023170577,0.008187941
108,87,379858,N,N,N,S,0.63899773,False,0.015468473,0.63899773,0.30597317,0.031126013,0.008434565
108,87,380203,N,N,N,S,0.62794596,False,0.010029884,0.62794596,0.3124729,0.034392204,0.015159093
108,87,380554,N,N,N,S,0.595792,False,0.011727077,0.595792,0.33960083,0.034775015,0.018105166
108,87,380896,N,N,N,V,0.56485534,False,0.011631335,0.38342044,0.56485534,0.029105848,0.01098701
108,87,381233,N,N,N,V,0.7269108,False,0.009153782,0.23087531,0.7269108,0.020754054,0.012306066
108,87,381562,N,N,N,V,0.5640844,False,0.011056882,0.38161135,0.5640844,0.024580922,0.018666402
108,87,381886,N,N,N,V,0.6393711,False,0.012722993,0.31017402,0.6393711,0.023200985,0.014530821
108,87,382209,N,N,N,V,0.757979,False,0.010445958,0.20075567,0.757979,0.017236607,0.013582681
108,87,382550,N,N,N,V,0.72575545,False,0.009705074,0.21988973,0.72575545,0.026043734,0.018606009
108,87,382911,N,N,N,V,0.8279078,False,0.0068794154,0.13519785,0.8279078,0.016824596,0.0131903
108,87,383257,N,N,N,V,0.7951368,False,0.009977416,0.16630392,0.7951368,0.01575424,0.012827601
108,87,383599,N,N,N,V,0.77277684,False,0.011490674,0.17817347,0.77277684,0.018632226,0.018926697
108,87,383933,N,N,N,V,0.7564002,False,0.012032908,0.1932318,0.7564002,0.01789015,0.02044483
108,87,384275,N,N,N,V,0.702192,False,0.02280513,0.22878385,0.702192,0.018758157,0.02746088
108,87,384616,N,N,N,V,0.65895694,False,0.025875334,0.25782445,0.65895694,0.018803393,0.038539793
108,87,384968,N,N,N,V,0.6879825,False,0.026865073,0.21544352,0.6879825,0.019177135,0.050531693
108,87,385318,N,N,N,V,0.8046642,False,0.01180106,0.15257011,0.8046642,0.012899956,0.018064683
108,87,385646,N,N,N,V,0.77627105,False,0.015037753,0.17185293,0.77627105,0.014637799,0.022200482
108,87,385971,N,N,N,V,0.8333338,False,0.0078117703,0.124254905,0.8333338,0.016185962,0.018413542
108,87,386291,N,N,N,V,0.8834172,False,0.0048886877,0.08581115,0.8834172,0.012619086,0.013263889
108,87,386630,N,N,N,V,0.75030667,False,0.010425354,0.17926696,0.75030667,0.024378212,0.035622742
108,87,386965,N,N,N,V,0.74493104,False,0.017763201,0.16538092,0.74493104,0.023766391,0.048158508
108,87,387305,N,N,N,V,0.8588174,False,0.016269913,0.08907582,0.8588174,0.012203951,0.023632895
108,87,387644,N,N,N,V,0.77903455,False,0.03293992,0.14600907,0.77903455,0.012606598,0.02940996
108,87,387948,N,N,N,V,0.5038938,False,0.013504703,0.42425025,0.5038938,0.04571693,0.012634353
108,87,388268,N,N,N,V,0.6690094,False,0.01909906,0.25719056,0.6690094,0.025620468,0.029080514
108,87,388580,N,N,N,V,0.69740105,False,0.024747731,0.22876081,0.69740105,0.019387022,0.029703394
108,87,388908,N,N,N,V,0.78935105,False,0.017063122,0.15573156,0.78935105,0.017576508,0.020277828
108,87,389232,N,N,N,V,0.7658203,False,0.013463246,0.19031203,0.7658203,0.013950208,0.01645424
108,87,389553,N,N,N,V,0.6750419,False,0.02916046,0.24252686,0.6750419,0.019764628,0.03350616
108,87,389883,N,N,N,V,0.52085,False,0.028193776,0.3779475,0.52085,0.024296066,0.048712563
108,87,390201,N,N,N,V,0.56507343,False,0.024542224,0.3491571,0.56507343,0.02466198,0.036565296
108,87,390502,N,N,N,V,0.9164094,False,0.0069684573,0.057145406,0.9164094,0.010667887,0.008808955
108,87,390845,N,N,N,V,0.7989923,False,0.013043371,0.14482,0.7989923,0.022153659,0.020990657
108,87,391194,N,N,N,V,0.8294035,False,0.012752941,0.11785571,0.8294035,0.019425996,0.020561805
108,87,391554,N,N,N,V,0.78659517,False,0.015669726,0.15331064,0.78659517,0.01885159,0.025572939
108,87,391892,N,N,N,V,0.7539001,False,0.019283012,0.17619646,0.7539001,0.019095512,0.031524893
108,87,392230,N,N,N,V,0.838741,False,0.013573293,0.10945921,0.838741,0.014480823,0.02374559
108,87,392555,N,N,N,V,0.8036246,False,0.019204212,0.13050975,0.8036246,0.014134373,0.032527085
108,87,392847,F,F,F,V,0.93312716,False,0.006831463,0.04129708,0.93312716,0.0086166505,0.010127646
108,87,393056,V,V,V,V,0.9389901,True,0.0060019675,0.040662672,0.9389901,0.0073374766,0.007007825
108,87,393521,N,N,N,V,0.8016991,False,0.026194857,0.117345646,0.8016991,0.02007311,0.03468732
108,87,393850,N,N,N,V,0.8313818,False,0.023201384,0.08343016,0.8313818,0.016689733,0.045296907
108,87,394158,N,N,N,V,0.760136,False,0.03375264,0.115722604,0.760136,0.018362945,0.07202582
108,87,394440,N,N,N,V,0.8429109,False,0.0162061,0.11262803,0.8429109,0.012347934,0.015907062
108,87,394752,N,N,N,V,0.7336086,False,0.012671341,0.2249806,0.7336086,0.017399205,0.011340289
108,87,395065,N,N,N,V,0.7116867,False,0.017973196,0.21612017,0.7116867,0.025643047,0.028576963
108,87,395368,N,N,N,V,0.8489389,False,0.010946073,0.10692171,0.8489389,0.01679963,0.016393755
108,87,395687,N,N,N,V,0.77108866,False,0.016962826,0.14834116,0.77108866,0.026119694,0.037487652
108,87,396004,N,N,N,V,0.77046293,False,0.018111741,0.14048375,0.77046293,0.026426803,0.044514842
108,87,396313,N,N,N,V,0.6678907,False,0.017144116,0.27930126,0.6678907,0.019628031,0.016035883
108,87,396618,N,N,N,V,0.7204752,False,0.009522825,0.23569286,0.7204752,0.023709124,0.0105999485
108,87,396918,N,N,N,V,0.54804426,False,0.011239327,0.4045716,0.54804426,0.026961433,0.009183381
108,87,397234,N,N,N,V,0.68348193,False,0.00904718,0.274769,0.68348193,0.024259862,0.008441968
108,87,397559,N,N,N,S,0.587414,False,0.014761214,0.587414,0.36336574,0.025435068,0.009023944
108,87,397913,N,N,N,S,0.53338194,False,0.016977431,0.53338194,0.39173478,0.036034137,0.021871697
108,87,398258,N,N,N,S,0.7102009,False,0.017135128,0.7102009,0.21354197,0.035435423,0.023686595
108,87,398590,N,N,N,S,0.8576099,False,0.011092836,0.8576099,0.10322788,0.022170413,0.005898962
108,87,398917,N,N,N,S,0.6699992,False,0.014173335,0.6699992,0.2718075,0.03607126,0.007948689
108,87,399231,N,N,N,S,0.6089474,False,0.013085681,0.6089474,0.3319982,0.03842506,0.0075436514
108,87,399581,N,N,N,V,0.46093622,False,0.015573575,0.45298573,0.46093622,0.04841026,0.022094257
108,87,399924,N,N,N,V,0.58772254,False,0.024161782,0.30352187,0.58772254,0.043173186,0.041420564
108,87,400246,N,N,N,V,0.8292741,False,0.011037349,0.107575946,0.8292741,0.027500613,0.024611948
108,87,400584,N,N,N,V,0.88580275,False,0.0064531676,0.085004464,0.88580275,0.015133464,0.0076060873
108,87,400933,N,N,N,V,0.6387315,False,0.011916462,0.31650594,0.6387315,0.02131183,0.011534221
108,87,457258,V,V,V,V,0.8741476,True,0.0054114996,0.09736103,0.8741476,0.014584758,0.008495074
108,87,490797,V,V,V,V,0.90210754,True,0.004458241,0.07413867,0.90210754,0.012198572,0.007096924
108,87,509803,V,V,V,V,0.9365599,True,0.003941994,0.043109875,0.9365599,0.0096060755,0.00678214
108,87,526417,V,V,V,V,0.8428012,True,0.009194089,0.11779758,0.8428012,0.018676579,0.011530459
108,87,528246,A,S,S,V,0.6483868,False,0.006879015,0.24352443,0.6483868,0.0822353,0.018974429
108,87,528960,A,S,S,S,0.6650414,True,0.0120449625,0.6650414,0.28433993,0.028453233,0.0101205455
108,87,580794,V,V,V,V,0.74327517,True,0.0067061065,0.2074916,0.74327517,0.032994352,0.009532794
108,87,619235,V,V,V,V,0.81765294,True,0.0051449356,0.14459331,0.81765294,0.025135435,0.007473382
108,87,631433,A,S,S,V,0.66640043,False,0.0059821056,0.27221423,0.66640043,0.040457938,0.014945278
109,64,6259,F,F,F,V,0.5754146,False,0.0137820365,0.3756771,0.5754146,0.021742573,0.013383722
109,64,11310,F,F,F,S,0.69608057,False,0.015837152,0.69608057,0.2534224,0.024740184,0.009919696
109,64,13924,V,V,V,V,0.4909266,True,0.010130573,0.4354298,0.4909266,0.05222044,0.01129264
109,64,27656,V,V,V,V,0.7059528,True,0.007117044,0.2392782,0.7059528,0.03795977,0.009692162
109,64,33243,V,V,V,V,0.8591387,True,0.004628577,0.10229463,0.8591387,0.026958808,0.0069793114
109,64,45777,V,V,V,V,0.56796426,True,0.010593668,0.3860332,0.56796426,0.026364923,0.009043905
109,64,84823,V,V,V,V,0.9431892,True,0.0035781248,0.036637846,0.9431892,0.010644218,0.00595056
109,64,104538,V,V,V,S,0.5854526,False,0.014868633,0.5854526,0.3668939,0.021826042,0.010958775
109,64,153073,V,V,V,V,0.80289793,True,0.0065865694,0.1546868,0.80289793,0.025717061,0.010111568
109,64,154320,V,V,V,V,0.8835908,True,0.004514522,0.08730685,0.8835908,0.01719234,0.007395502
109,64,176053,V,V,V,V,0.7736041,True,0.007938824,0.18997258,0.7736041,0.019682944,0.008801567
109,64,183625,V,V,V,V,0.9062508,True,0.0040584323,0.067564,0.9062508,0.015324663,0.0068021524
109,64,190399,V,V,V,V,0.8936113,True,0.0041142176,0.078819886,0.8936113,0.016297035,0.007157601
109,64,216588,V,V,V,V,0.92512876,True,0.0033518262,0.050700996,0.92512876,0.014580498,0.0062378873
109,64,219757,V,V,V,V,0.9495713,True,0.005337214,0.028389271,0.9495713,0.008656898,0.008045357
109,64,234817,V,V,V,V,0.92667234,True,0.0041442793,0.045737315,0.92667234,0.016317809,0.007128244
109,64,245497,V,V,V,V,0.91076547,True,0.0040612677,0.06354842,0.91076547,0.014620751,0.0070041567
109,64,304544,V,V,V,V,0.9594295,True,0.0028901254,0.023367826,0.9594295,0.0076771625,0.006635381
109,64,330238,V,V,V,V,0.9130236,True,0.004516578,0.052871063,0.9130236,0.02132577,0.008263007
109,64,335577,V,V,V,V,0.9259224,True,0.0033860304,0.048974868,0.9259224,0.015344999,0.006371626
109,64,370975,V,V,V,V,0.8124802,True,0.005231313,0.1444911,0.8124802,0.0287147,0.009082722
109,64,374076,V,V,V,S,0.5083512,False,0.015010848,0.5083512,0.44324857,0.0231524,0.010236976
109,64,381279,V,V,V,V,0.70852876,True,0.008600328,0.24069831,0.70852876,0.03171702,0.01045551
109,64,391914,V,V,V,V,0.62387896,True,0.006738647,0.3079832,0.62387896,0.05193644,0.009462645
109,64,394504,V,V,V,V,0.83497447,True,0.0046716547,0.11999207,0.83497447,0.032464642,0.007897136
109,64,398397,V,V,V,V,0.70419616,True,0.0053669014,0.2278939,0.70419616,0.053283338,0.009259653
109,64,407958,V,V,V,V,0.8472,True,0.004354335,0.11434822,0.8472,0.026416004,0.007681462
109,64,411350,V,V,V,V,0.9273256,True,0.007237701,0.04564215,0.9273256,0.011331217,0.008463425
109,64,420372,V,V,V,V,0.9543859,True,0.006028324,0.024009056,0.9543859,0.0070361528,0.008540552
109,64,474074,V,V,V,V,0.8884989,True,0.0063795573,0.07957396,0.8884989,0.017071465,0.008476103
109,64,511144,V,V,V,V,0.7894026,True,0.00831295,0.1755138,0.7894026,0.017618101,0.009152585
109,64,524267,V,V,V,V,0.85141164,True,0.004510223,0.10757249,0.85141164,0.02837837,0.008127271
109,64,545162,V,V,V,V,0.7886912,True,0.0046047247,0.1587956,0.7886912,0.03919251,0.00871599
109,64,580349,V,V,V,V,0.9070947,True,0.0028400936,0.06376717,0.9070947,0.018592596,0.0077054156
109,64,583668,V,V,V,V,0.93956447,True,0.0028056419,0.037732154,0.93956447,0.012747305,0.007150553
109,64,596173,V,V,V,V,0.9413406,True,0.0026344147,0.03448728,0.9413406,0.013579694,0.007958005
109,64,603548,V,V,V,V,0.95268893,True,0.00259904,0.026026703,0.95268893,0.011180444,0.007504907
109,64,608075,V,V,V,V,0.9343459,True,0.009920123,0.03092974,0.9343459,0.009119618,0.01568467
109,64,631628,V,V,V,V,0.95556945,True,0.0039456952,0.023591392,0.95556945,0.009423027,0.007470532
109,64,648784,V,V,V,V,0.9583262,True,0.0031831928,0.0219396,0.9583262,0.008883996,0.0076670144
119,51,503,V,V,V,V,0.870492,True,0.0048251734,0.09275876,0.870492,0.017205264,0.014718859
119,51,2488,V,V,V,V,0.78228474,True,0.0045542875,0.173035,0.78228474,0.026550576,0.013575396
119,51,4448,V,V,V,V,0.6411847,True,0.005283325,0.30880317,0.6411847,0.03260576,0.012123074
119,51,7709,V,V,V,V,0.6396652,True,0.004792205,0.30556738,0.6396652,0.03786038,0.012114868
119,51,8377,V,V,V,V,0.67112845,True,0.0048464243,0.26357278,0.67112845,0.03517139,0.025280967
119,51,9052,V,V,V,V,0.6556471,True,0.004242127,0.28284878,0.6556471,0.038826007,0.018436031
119,51,9736,V,V,V,V,0.6702437,True,0.0037594968,0.25461644,0.6702437,0.05215418,0.019226156
119,51,10421,V,V,V,V,0.8742674,True,0.0028475216,0.07999201,0.8742674,0.030785615,0.012107524
119,51,11065,V,V,V,V,0.8217192,True,0.004458705,0.114285365,0.8217192,0.026076404,0.03346034
119,51,12999,V,V,V,V,0.68823355,True,0.005817691,0.24016877,0.68823355,0.032091167,0.033688866
119,51,13657,V,V,V,V,0.73003715,True,0.004307028,0.21376611,0.73003715,0.032576516,0.019313207
119,51,14325,V,V,V,V,0.69148177,True,0.004821988,0.23836574,0.69148177,0.036700502,0.028629966
119,51,14981,V,V,V,V,0.7471821,True,0.0035657585,0.19764714,0.7471821,0.035763722,0.01584131
119,51,16908,V,V,V,V,0.6512267,True,0.0050066793,0.2854249,0.6512267,0.03436083,0.02398095
119,51,17913,V,V,V,V,0.69224405,True,0.003941142,0.2506099,0.69224405,0.04227938,0.010925459
119,51,18921,V,V,V,V,0.6541489,True,0.004760525,0.28519502,0.6541489,0.036585685,0.019309836
119,51,19616,V,V,V,V,0.69228375,True,0.00339363,0.21284331,0.69228375,0.06380707,0.02767217
119,51,20628,V,V,V,V,0.6761672,True,0.003935116,0.25755116,0.6761672,0.04207516,0.020271396
119,51,21296,V,V,V,V,0.684396,True,0.004259911,0.2484802,0.684396,0.037503406,0.025360463
119,51,21970,V,V,V,V,0.5812764,True,0.00483149,0.34521893,0.5812764,0.04415293,0.024520202
119,51,25263,V,V,V,V,0.50651336,True,0.007187584,0.41240877,0.50651336,0.034258258,0.03963203
119,51,27883,V,V,V,S,0.48364812,False,0.0074360427,0.48364812,0.44802856,0.032932315,0.02795499
119,51,29910,V,V,V,S,0.49955472,False,0.0049363393,0.49955472,0.40987867,0.06472479,0.020905435
119,51,30575,V,V,V,V,0.5309432,True,0.006003633,0.38827315,0.5309432,0.038908336,0.035871662
119,51,31262,V,V,V,V,0.4712266,True,0.0055591986,0.46819365,0.4712266,0.040194005,0.0148265045
119,51,42126,V,V,V,S,0.500713,False,0.0058353636,0.500713,0.43953592,0.03772018,0.016195646
119,51,45029,V,V,V,S,0.5643715,False,0.0063272924,0.5643715,0.37560746,0.038150758,0.015542976
119,51,47325,V,V,V,S,0.5371512,False,0.006936515,0.5371512,0.39779064,0.035514835,0.022606807
119,51,47991,V,V,V,V,0.49019948,True,0.0058166785,0.44311276,0.49019948,0.040696952,0.020174183
119,51,48699,V,V,V,V,0.5046789,True,0.0045952233,0.37229422,0.5046789,0.07052459,0.04790706
119,51,50003,V,V,V,V,0.5024523,True,0.005537604,0.42402494,0.5024523,0.0437132,0.024272006
119,51,50985,V,V,V,V,0.50307584,True,0.006415651,0.41907305,0.50307584,0.0369114,0.034524098
119,51,52941,V,V,V,S,0.5216156,False,0.0061881687,0.5216156,0.41097727,0.04111417,0.020104723
119,51,57173,V,V,V,S,0.47866413,False,0.0062727365,0.47866413,0.4569958,0.03723267,0.0208347
119,51,58156,V,V,V,S,0.513267,False,0.009013752,0.513267,0.39813453,0.033130247,0.046454445
119,51,59136,V,V,V,S,0.4928854,False,0.010764313,0.4928854,0.40868592,0.030854404,0.056809917
119,51,59790,V,V,V,V,0.5210678,True,0.00864743,0.38848057,0.5210678,0.033169605,0.048634592
119,51,60753,V,V,V,S,0.561279,False,0.008964906,0.561279,0.36740407,0.030904971,0.0314471
119,51,62688,V,V,V,S,0.5376816,False,0.008711409,0.5376816,0.39045012,0.031976502,0.03118035
119,51,63716,V,V,V,S,0.5483893,False,0.00789957,0.5483893,0.3868367,0.032880075,0.023994332
119,51,64761,V,V,V,S,0.5260771,False,0.008217873,0.5260771,0.4042159,0.032358497,0.029130626
119,51,65776,V,V,V,S,0.5302801,False,0.0076929145,0.5302801,0.4022024,0.033640634,0.02618389
119,51,66782,V,V,V,S,0.56589323,False,0.007351037,0.56589323,0.3662787,0.03719295,0.023284072
119,51,67458,V,V,V,V,0.46845827,True,0.00804228,0.44145298,0.46845827,0.034903415,0.047143143
119,51,68455,V,V,V,S,0.58152384,False,0.00812643,0.58152384,0.34733084,0.034560475,0.02845844
119,51,69119,V,V,V,S,0.4694146,False,0.0058568586,0.4694146,0.45226976,0.048924748,0.023534093
119,51,69787,V,V,V,S,0.48739102,False,0.006163718,0.48739102,0.41513297,0.051813688,0.0394986
119,51,70478,V,V,V,V,0.44999152,True,0.009148008,0.36948434,0.44999152,0.049718093,0.12165803
119,51,71122,V,V,V,V,0.47089714,True,0.01036448,0.38310298,0.47089714,0.03652842,0.0991069
119,51,71799,V,V,V,V,0.53348124,True,0.007588388,0.3734765,0.53348124,0.036613006,0.048840903
119,51,74110,V,V,V,V,0.5800971,True,0.0059995656,0.35915408,0.5800971,0.03540349,0.019345812
119,51,74799,V,V,V,V,0.57263786,True,0.0050246194,0.34741154,0.57263786,0.047739066,0.027186876
119,51,76131,V,V,V,V,0.5362745,True,0.0068767196,0.37739962,0.5362745,0.035949245,0.043499887
119,51,76807,V,V,V,V,0.6244319,True,0.0052464223,0.3038049,0.6244319,0.03706308,0.02945367
119,51,77484,V,V,V,V,0.5760785,True,0.005057958,0.35263819,0.5760785,0.04035979,0.025865523
119,51,81823,V,V,V,V,0.5114953,True,0.0059235096,0.4213347,0.5114953,0.0370305,0.024215985
119,51,83153,V,V,V,V,0.47154477,True,0.0070135207,0.45631957,0.47154477,0.03455655,0.030565608
119,51,83825,V,V,V,V,0.47723866,True,0.005749637,0.45546544,0.47723866,0.041784447,0.01976182
119,51,85137,V,V,V,S,0.5387841,False,0.006537124,0.5387841,0.39639938,0.03755676,0.02072259
119,51,85798,V,V,V,V,0.48914132,True,0.006687382,0.43153375,0.48914132,0.037475966,0.03516166
119,51,86783,V,V,V,S,0.46757522,False,0.0088076955,0.46757522,0.440736,0.03302609,0.049855024
119,51,87769,V,V,V,S,0.5405088,False,0.0089643095,0.5405088,0.37987787,0.03279735,0.037851594
119,51,88767,V,V,V,S,0.49330413,False,0.0076458263,0.49330413,0.435926,0.034485858,0.028638259
119,51,89502,V,V,V,V,0.4661065,True,0.006447396,0.41126528,0.4661065,0.053400654,0.0627803
119,51,90458,V,V,V,V,0.51334834,True,0.006553598,0.40544882,0.51334834,0.038691103,0.035958096
119,51,92450,V,V,V,V,0.4797298,True,0.0062476853,0.45454365,0.4797298,0.037595868,0.021882942
119,51,94430,V,V,V,V,0.49742684,True,0.0059686834,0.44072023,0.49742684,0.037107877,0.018776339
119,51,96400,V,V,V,V,0.51584905,True,0.0060559283,0.41924804,0.51584905,0.03708674,0.021760307
119,51,98063,V,V,V,S,0.4962325,False,0.0068851705,0.4962325,0.43895382,0.03484394,0.023084583
119,51,98724,V,V,V,S,0.48014998,False,0.0067598117,0.48014998,0.44586986,0.037131414,0.030088931
119,51,100037,V,V,V,S,0.5066252,False,0.0071343975,0.5066252,0.42668945,0.034890525,0.02466047
119,51,101343,V,V,V,S,0.6448856,False,0.007260621,0.6448856,0.29718035,0.03461816,0.01605527
119,51,102010,V,V,V,S,0.55155796,False,0.006387789,0.55155796,0.3871951,0.042030673,0.012828472
119,51,102684,V,V,V,V,0.50475824,True,0.0038007698,0.37929633,0.50475824,0.09899446,0.013150288
119,51,103659,V,V,V,S,0.4637719,False,0.005590802,0.4637719,0.45836836,0.045853887,0.026415
119,51,104621,V,V,V,S,0.5723817,False,0.0072432696,0.5723817,0.3591875,0.036322363,0.024865163
119,51,105595,V,V,V,V,0.46213928,True,0.0044989814,0.44065183,0.46213928,0.071015075,0.021694887
119,51,106221,V,V,V,V,0.55588037,True,0.005056815,0.36896676,0.55588037,0.04266948,0.027426688
119,51,106894,V,V,V,V,0.5730399,True,0.004357134,0.35555872,0.5730399,0.048343234,0.018700978
119,51,107575,V,V,V,V,0.67774194,True,0.003053504,0.22872496,0.67774194,0.07776475,0.01271485
119,51,108554,V,V,V,V,0.6398869,True,0.0041616773,0.29409373,0.6398869,0.04284804,0.0190096
119,51,109531,V,V,V,V,0.49105337,True,0.005446211,0.4442016,0.49105337,0.041417133,0.017881697
119,51,110506,V,V,V,S,0.51377964,False,0.0066584405,0.51377964,0.4239204,0.035850573,0.019790929
119,51,111488,V,V,V,S,0.5055391,False,0.006643228,0.5055391,0.43507597,0.03618279,0.016558908
119,51,112471,V,V,V,S,0.5734675,False,0.007832273,0.5734675,0.3591985,0.033533394,0.02596834
119,51,113127,V,V,V,S,0.4784092,False,0.0076820836,0.4784092,0.4407705,0.034438677,0.038699478
119,51,115976,V,V,V,S,0.5660231,False,0.008290544,0.5660231,0.3649844,0.032670736,0.028031252
119,51,116654,V,V,V,S,0.59291583,False,0.00783909,0.59291583,0.34017247,0.03399646,0.025076127
119,51,117946,V,V,V,S,0.5771943,False,0.008376626,0.5771943,0.35041595,0.033145946,0.030867232
119,51,118930,V,V,V,S,0.57315856,False,0.009241682,0.57315856,0.35009244,0.031357218,0.036150124
119,51,119899,V,V,V,S,0.59956664,False,0.0098053785,0.59956664,0.3275594,0.030079702,0.032988824
119,51,120867,V,V,V,S,0.654296,False,0.009509175,0.654296,0.28274766,0.029444687,0.024002569
119,51,121825,V,V,V,S,0.6558684,False,0.009360757,0.6558684,0.28105903,0.029783951,0.023927879
119,51,122773,V,V,V,S,0.6623482,False,0.009443336,0.6623482,0.27317306,0.029616155,0.02541939
119,51,124382,V,V,V,S,0.68031687,False,0.008089732,0.68031687,0.2634376,0.032617453,0.015538295
119,51,125033,V,V,V,S,0.6561758,False,0.0075330106,0.6561758,0.28617352,0.03262875,0.017488869
119,51,130106,V,V,V,S,0.6122829,False,0.007198788,0.6122829,0.32894564,0.034734465,0.016838212
119,51,130763,V,V,V,S,0.5948068,False,0.0070004305,0.5948068,0.33675972,0.037591707,0.023841314
119,51,132068,V,V,V,S,0.6095435,False,0.008021996,0.6095435,0.31230804,0.03916806,0.030958375
119,51,132722,V,V,V,V,0.49144998,True,0.0068756966,0.42890617,0.49144998,0.037420455,0.035347734
119,51,133688,V,V,V,S,0.55186623,False,0.009632495,0.55186623,0.36101344,0.03189237,0.04559549
119,51,134647,V,V,V,S,0.5335295,False,0.010140008,0.5335295,0.3798186,0.030712392,0.045799434
119,51,135610,V,V,V,S,0.58839786,False,0.009593988,0.58839786,0.33759144,0.030872032,0.03354465
119,51,136583,V,V,V,S,0.59415156,False,0.007971702,0.59415156,0.33846873,0.035111956,0.024295945
119,51,137560,V,V,V,S,0.5819918,False,0.007850657,0.5819918,0.35075265,0.033647865,0.025757086
119,51,138521,V,V,V,S,0.6346319,False,0.008440919,0.6346319,0.30269498,0.031025853,0.023206308
119,51,142095,V,V,V,S,0.6028852,False,0.007092973,0.6028852,0.3402025,0.03768215,0.012137284
119,51,151738,V,V,V,S,0.6322196,False,0.006585737,0.6322196,0.3079791,0.036718003,0.016497467
119,51,153689,V,V,V,S,0.6463078,False,0.0070037693,0.6463078,0.29629117,0.035136722,0.015260466
119,51,156944,V,V,V,S,0.57264626,False,0.007565428,0.57264626,0.35958254,0.034709588,0.02549619
119,51,157948,V,V,V,S,0.52114516,False,0.00820863,0.52114516,0.3980845,0.034904163,0.037657525
119,51,158948,V,V,V,S,0.4628315,False,0.009091569,0.4628315,0.44425893,0.03250224,0.05131588
119,51,159936,V,V,V,S,0.54485667,False,0.0075569386,0.54485667,0.3852816,0.036739647,0.025565153
119,51,160904,V,V,V,S,0.58110964,False,0.0076146233,0.58110964,0.35385928,0.034056585,0.023359837
119,51,161556,V,V,V,S,0.57972896,False,0.00796889,0.57972896,0.34958932,0.03442119,0.028291682
119,51,162828,V,V,V,S,0.6200528,False,0.008148827,0.6200528,0.31415677,0.032145806,0.025495777
119,51,165774,V,V,V,S,0.5645673,False,0.008046507,0.5645673,0.36748186,0.033107087,0.026797248
119,51,166450,V,V,V,V,0.47925335,True,0.0058810213,0.4572203,0.47925335,0.043473843,0.014171459
119,51,167774,V,V,V,V,0.46642044,True,0.0053202333,0.46364453,0.46642044,0.04639557,0.018219218
119,51,168441,V,V,V,V,0.6439818,True,0.0044531273,0.2896203,0.6439818,0.041751187,0.020193597
119,51,169111,V,V,V,V,0.6462261,True,0.0038872955,0.28758213,0.6462261,0.046160523,0.016143935
119,51,171052,V,V,V,V,0.60392207,True,0.0047958903,0.3261886,0.60392207,0.040083755,0.02500971
119,51,173035,V,V,V,V,0.54198414,True,0.004900282,0.3941613,0.54198414,0.03901389,0.019940302
119,51,196309,V,V,V,V,0.50122005,True,0.004886546,0.43413565,0.50122005,0.041985225,0.017772565
119,51,198278,V,V,V,V,0.53068966,True,0.005733594,0.39996183,0.53068966,0.03710294,0.026511984
119,51,200273,V,V,V,V,0.53066057,True,0.0060620564,0.3981172,0.53066057,0.03650569,0.028654449
119,51,202268,V,V,V,V,0.52142644,True,0.0074786004,0.39407963,0.52142644,0.03283025,0.0441851
119,51,204559,V,V,V,V,0.4625526,True,0.008063764,0.45548573,0.4625526,0.03315561,0.040742278
119,51,205551,V,V,V,S,0.48257205,False,0.008093986,0.48257205,0.4399464,0.033064242,0.036323298
119,51,206562,V,V,V,S,0.47838226,False,0.0072369054,0.47838226,0.45237455,0.034753248,0.02725304
119,51,207571,V,V,V,V,0.47414434,True,0.0073534776,0.45103565,0.47414434,0.034291636,0.033174977
119,51,208572,V,V,V,V,0.48863277,True,0.007149234,0.43659475,0.48863277,0.03473216,0.032891005
119,51,209570,V,V,V,V,0.48316008,True,0.007710706,0.4347946,0.48316008,0.03351311,0.040821474
119,51,210242,V,V,V,V,0.59024644,True,0.0078775175,0.30713332,0.59024644,0.031430304,0.06331246
119,51,211236,V,V,V,S,0.44605365,False,0.010688628,0.44605365,0.43881243,0.03205078,0.07239458
119,51,212224,V,V,V,V,0.48599422,True,0.009382168,0.4192572,0.48599422,0.03215151,0.053214952
119,51,213190,V,V,V,S,0.45222226,False,0.010224283,0.45222226,0.44434536,0.030588748,0.0626193
119,51,213845,V,V,V,V,0.5795392,True,0.008948249,0.304398,0.5795392,0.031153379,0.075961225
119,51,214821,V,V,V,V,0.47759378,True,0.009698325,0.42960593,0.47759378,0.030724233,0.052377783
119,51,215773,V,V,V,V,0.514441,True,0.007718624,0.41214833,0.514441,0.032414675,0.033277433
119,51,216780,V,V,V,S,0.46084765,False,0.008435002,0.46084765,0.45953026,0.030990545,0.040196422
119,51,219734,V,V,V,S,0.55158556,False,0.0074187075,0.55158556,0.37205264,0.04024398,0.028699126
119,51,220726,V,V,V,S,0.47893113,False,0.0066074086,0.47893113,0.45313194,0.038416035,0.022913327
119,51,221387,V,V,V,V,0.5827777,True,0.00624545,0.33660635,0.5827777,0.035066526,0.039304037
119,51,223959,V,V,V,S,0.47873402,False,0.0072306497,0.47873402,0.45142815,0.034362227,0.028244989
119,51,225930,V,V,V,S,0.47700262,False,0.007917097,0.47700262,0.4476348,0.032706793,0.034738712
119,51,227927,V,V,V,S,0.49488437,False,0.006717499,0.49488437,0.43994367,0.035701506,0.02275298
119,51,234120,V,V,V,S,0.4903507,False,0.0066375546,0.4903507,0.44115856,0.035999916,0.025853172
119,51,235110,V,V,V,S,0.49502528,False,0.008193128,0.49502528,0.41867512,0.033462774,0.044643804
119,51,240969,V,V,V,S,0.47164214,False,0.0077036466,0.47164214,0.44883096,0.035278827,0.03654444
119,51,241981,V,V,V,S,0.4820814,False,0.0071523134,0.4820814,0.4410457,0.03742303,0.03229741
119,51,242968,V,V,V,V,0.48446575,True,0.007912824,0.42494002,0.48446575,0.0342916,0.048389733
119,51,244915,V,V,V,S,0.48449582,False,0.009106348,0.48449582,0.42497975,0.032688446,0.04872964
119,51,245912,V,V,V,S,0.4628318,False,0.00872918,0.4628318,0.45066252,0.0323747,0.045401823
119,51,247853,V,V,V,S,0.5386133,False,0.008024721,0.5386133,0.3885301,0.03447921,0.030352568
119,51,248842,V,V,V,S,0.5474171,False,0.008275271,0.5474171,0.37907973,0.032070342,0.033157513
119,51,254965,V,V,V,S,0.58249944,False,0.007673715,0.58249944,0.35141894,0.03303643,0.025371427
119,51,256934,V,V,V,S,0.54686195,False,0.007860716,0.54686195,0.38118616,0.033716056,0.030375076
119,51,258889,V,V,V,S,0.63306147,False,0.0066126026,0.63306147,0.30460465,0.040424768,0.015296405
119,51,260842,V,V,V,S,0.5569545,False,0.007190222,0.5569545,0.3740694,0.03521595,0.026569951
119,51,263177,V,V,V,S,0.5373683,False,0.006995332,0.5373683,0.39234403,0.03743944,0.02585288
119,51,264172,V,V,V,S,0.51116776,False,0.0077651525,0.51116776,0.40935367,0.034888398,0.036825053
119,51,265173,V,V,V,S,0.5241935,False,0.0068790806,0.5241935,0.40447965,0.038439713,0.026008029
119,51,265852,V,V,V,V,0.5191137,True,0.0075039575,0.3876416,0.5191137,0.03481385,0.050926857
119,51,267843,V,V,V,V,0.4697214,True,0.008688607,0.43234968,0.4697214,0.033279024,0.055961292
119,51,268520,V,V,V,V,0.51780677,True,0.0069869617,0.40084457,0.51780677,0.036480114,0.03788151
119,51,269831,V,V,V,S,0.48544776,False,0.008686206,0.48544776,0.4253383,0.033097226,0.047430582
119,51,270497,V,V,V,V,0.51334846,True,0.005908018,0.41755545,0.51334846,0.041634645,0.021553533
119,51,272792,V,V,V,S,0.47204486,False,0.0062334673,0.47204486,0.45838782,0.038402274,0.024931569
119,51,273789,V,V,V,V,0.47596085,True,0.007514197,0.43731838,0.47596085,0.03524779,0.043958753
119,51,274774,V,V,V,S,0.49892977,False,0.007930726,0.49892977,0.42155403,0.034743715,0.036841717
119,51,275765,V,V,V,V,0.49559376,True,0.007870381,0.41708857,0.49559376,0.033942927,0.045504387
119,51,276441,V,V,V,V,0.6137147,True,0.0065591345,0.2923913,0.6137147,0.035915457,0.05141945
119,51,277111,V,V,V,V,0.6591404,True,0.004250745,0.27695018,0.6591404,0.044397477,0.015261227
119,51,278407,V,V,V,V,0.56769204,True,0.0066143833,0.3441639,0.56769204,0.036084805,0.04544491
119,51,279398,V,V,V,V,0.4749768,True,0.008631194,0.42459217,0.4749768,0.03324229,0.058557533
119,51,280396,V,V,V,V,0.45487845,True,0.009355034,0.44536024,0.45487845,0.032593846,0.057812404
119,51,281395,V,V,V,S,0.48458698,False,0.009976247,0.48458698,0.41700104,0.031542443,0.056893285
119,51,282377,V,V,V,S,0.51164937,False,0.009294082,0.51164937,0.40110317,0.0328894,0.04506389
119,51,283035,V,V,V,V,0.53334075,True,0.0058959313,0.38929135,0.53334075,0.04433074,0.027141303
119,51,283696,V,V,V,V,0.5130325,True,0.0046095224,0.41401047,0.5130325,0.0520323,0.01631519
119,51,284403,V,V,V,V,0.5464067,True,0.0048578694,0.32099134,0.5464067,0.066287175,0.061456878
119,51,286350,V,V,V,V,0.59253585,True,0.0044989535,0.3320987,0.59253585,0.045073483,0.025792973
119,51,294140,V,V,V,V,0.5567555,True,0.0053056306,0.37386435,0.5567555,0.03832905,0.02574542
119,51,296433,V,V,V,V,0.5202655,True,0.006753851,0.40095833,0.5202655,0.035075363,0.036946937
119,51,297112,V,V,V,V,0.6140289,True,0.005275246,0.31265423,0.6140289,0.03782093,0.030220762
119,51,298437,V,V,V,V,0.5781054,True,0.0055791307,0.3554668,0.5781054,0.036067516,0.02478122
119,51,299123,V,V,V,V,0.6513643,True,0.0040959795,0.2811419,0.6513643,0.045768175,0.017629623
119,51,300445,V,V,V,V,0.6041495,True,0.0053814785,0.3219058,0.6041495,0.03718867,0.031374488
119,51,301452,V,V,V,V,0.5376223,True,0.006730447,0.37874874,0.5376223,0.03495691,0.04194161
119,51,302131,V,V,V,V,0.6684967,True,0.004236162,0.2705286,0.6684967,0.03911692,0.01762161
119,51,308013,V,V,V,V,0.5840268,True,0.0056161666,0.34434408,0.5840268,0.03588499,0.030127952
119,51,312852,V,V,V,V,0.4970272,True,0.006548394,0.43051937,0.4970272,0.03580432,0.030100768
119,51,313846,V,V,V,V,0.47427827,True,0.007062986,0.45071226,0.47427827,0.034408115,0.033538423
119,51,318401,V,V,V,S,0.4736091,False,0.0075067845,0.4736091,0.45096305,0.033738226,0.03418291
119,51,320401,V,V,V,S,0.47955576,False,0.006909545,0.47955576,0.45178726,0.03531328,0.026434151
119,51,323683,V,V,V,S,0.46474922,False,0.007901094,0.46474922,0.4558086,0.033129487,0.038411576
119,51,324372,V,V,V,V,0.61794263,True,0.0048863334,0.31572983,0.61794263,0.0421011,0.019340053
119,51,325692,V,V,V,V,0.5480368,True,0.006024333,0.37688708,0.5480368,0.0371669,0.031884838
119,51,327016,V,V,V,S,0.4976236,False,0.0068197907,0.4976236,0.43312812,0.036997475,0.025431018
119,51,328655,V,V,V,S,0.4681811,False,0.008555439,0.4681811,0.43986705,0.035475884,0.04792043
119,51,331940,V,V,V,V,0.4413606,True,0.011334218,0.4348442,0.4413606,0.031272717,0.081188366
119,51,334501,V,V,V,S,0.5276466,False,0.011013209,0.5276466,0.37819785,0.029927459,0.053214896
119,51,340786,V,V,V,S,0.4818875,False,0.009358793,0.4818875,0.43026078,0.031637058,0.046855804
119,51,341794,V,V,V,S,0.4774109,False,0.0084816525,0.4774109,0.42664772,0.037501834,0.049957912
119,51,342784,V,V,V,S,0.48016346,False,0.0084500825,0.48016346,0.43211362,0.03392809,0.04534479
119,51,343766,V,V,V,S,0.5189032,False,0.007399717,0.5189032,0.39726844,0.040406816,0.03602187
119,51,344762,V,V,V,S,0.5178694,False,0.006436153,0.5178694,0.40640622,0.042907547,0.026380595
119,51,345753,V,V,V,S,0.5173897,False,0.0062913047,0.5173897,0.41569963,0.038933985,0.021685397
119,51,346716,V,V,V,S,0.5535702,False,0.0070503503,0.5535702,0.374717,0.03706285,0.027599605
119,51,347687,V,V,V,S,0.586329,False,0.009603623,0.586329,0.33178034,0.031406295,0.04088076
119,51,348354,V,V,V,S,0.5577287,False,0.0076659,0.5577287,0.35788596,0.04332476,0.033394706
119,51,349012,V,V,V,S,0.49670526,False,0.006443353,0.49670526,0.43245396,0.03962313,0.024774356
119,51,350938,V,V,V,S,0.5567919,False,0.0077163354,0.5567919,0.37099314,0.035155058,0.029343627
119,51,352558,V,V,V,S,0.6504029,False,0.0069581345,0.6504029,0.2861395,0.039790526,0.016708922
119,51,353236,V,V,V,S,0.50020677,False,0.0052422164,0.50020677,0.42014354,0.06309391,0.011313647
119,51,354544,V,V,V,S,0.47374582,False,0.0064006113,0.47374582,0.44844797,0.041430313,0.029975219
119,51,355209,V,V,V,S,0.49118316,False,0.0061920825,0.49118316,0.43727154,0.04045856,0.024894632
119,51,358119,V,V,V,S,0.49988273,False,0.0063126106,0.49988273,0.4363804,0.038416885,0.01900736
119,51,358817,V,V,V,S,0.45737022,False,0.0071160337,0.45737022,0.44655704,0.04320228,0.045754407
119,51,366576,V,V,V,V,0.49121597,True,0.005766201,0.43604344,0.49121597,0.04245239,0.024522092
119,51,368200,V,V,V,S,0.5132773,False,0.007769393,0.5132773,0.4093658,0.034440458,0.035147037
119,51,368862,V,V,V,V,0.48911482,True,0.0053144884,0.44351006,0.48911482,0.04757023,0.014490366
119,51,376077,V,V,V,V,0.49606946,True,0.0058891336,0.43401673,0.49606946,0.038582057,0.02544261
119,51,376752,V,V,V,V,0.60811615,True,0.004776774,0.3249492,0.60811615,0.037918612,0.024239287
119,51,382920,V,V,V,V,0.55744606,True,0.0053008352,0.37514922,0.55744606,0.039090008,0.023013787
119,51,383608,V,V,V,V,0.6268426,True,0.0053568897,0.29209435,0.6268426,0.03843049,0.037275594
119,51,384310,V,V,V,V,0.7083729,True,0.0042775567,0.22568522,0.7083729,0.035440598,0.026223673
119,51,387743,V,V,V,V,0.6324278,True,0.0058433805,0.284944,0.6324278,0.0351695,0.041615278
119,51,388778,V,V,V,V,0.64456284,True,0.0052878293,0.28420436,0.64456284,0.035131793,0.030813135
119,51,389476,V,V,V,V,0.6286132,True,0.0073063206,0.25672963,0.6286132,0.03167748,0.07567339
119,51,390156,V,V,V,V,0.7128212,True,0.0046504233,0.21628961,0.7128212,0.036901083,0.02933768
119,51,391507,V,V,V,V,0.6196842,True,0.005155094,0.31319708,0.6196842,0.036413804,0.025549788
119,51,393879,V,V,V,V,0.5715578,True,0.0056420225,0.35630074,0.5715578,0.03793757,0.028561773
119,51,394560,V,V,V,V,0.6960521,True,0.004123126,0.24013098,0.6960521,0.03942107,0.02027272
119,51,395251,V,V,V,V,0.67976105,True,0.0037969276,0.2541083,0.67976105,0.041533854,0.020799873
119,51,398247,V,V,V,V,0.5753952,True,0.005935068,0.3457693,0.5753952,0.036383424,0.036516987
119,51,398919,V,V,V,V,0.69981265,True,0.003654044,0.23765114,0.69981265,0.04324295,0.015639294
119,51,399592,V,V,V,V,0.67103404,True,0.0035299396,0.26224595,0.67103404,0.047757648,0.015432394
119,51,400599,V,V,V,V,0.5563897,True,0.004594014,0.37440482,0.5563897,0.04586323,0.01874829
119,51,402159,V,V,V,V,0.572182,True,0.0057553127,0.35641384,0.572182,0.037041545,0.028607305
119,51,402709,V,V,V,S,0.5647712,False,0.008512303,0.5647712,0.36341307,0.03249636,0.030807085
119,51,403229,V,V,V,S,0.4650287,False,0.007678947,0.4650287,0.46210712,0.034238867,0.030946296
119,51,404236,V,V,V,S,0.61438626,False,0.0076609226,0.61438626,0.32666853,0.03362456,0.017659679
119,51,406083,V,V,V,S,0.6268218,False,0.007968856,0.6268218,0.31238723,0.032134634,0.020687439
119,51,407692,V,V,V,S,0.61609256,False,0.0069303606,0.61609256,0.32394052,0.03815466,0.014881857
119,51,408360,V,V,V,S,0.49666688,False,0.0064839437,0.49666688,0.43269765,0.0388992,0.025252283
119,51,409038,V,V,V,S,0.5255417,False,0.0074273273,0.5255417,0.38886216,0.041789684,0.036379054
119,51,409692,V,V,V,V,0.51988435,True,0.0068078903,0.39908662,0.51988435,0.036481444,0.037739772
119,51,410350,V,V,V,V,0.48306304,True,0.0074558207,0.44161496,0.48306304,0.033525553,0.034340758
119,51,412215,V,V,V,S,0.5050842,False,0.0065074405,0.5050842,0.42617053,0.04200743,0.020230427
119,51,412856,V,V,V,V,0.4764934,True,0.0062637306,0.4554108,0.4764934,0.038205277,0.023626773
119,51,413514,V,V,V,V,0.54007894,True,0.005867759,0.39537114,0.54007894,0.037288602,0.02139351
119,51,415042,V,V,V,S,0.46788186,False,0.006284143,0.46788186,0.45712307,0.04061004,0.028100854
119,51,415645,V,V,V,V,0.49602118,True,0.0060192016,0.44318065,0.49602118,0.037759304,0.017019602
119,51,416283,V,V,V,V,0.7246115,True,0.0030474903,0.18441704,0.7246115,0.07268855,0.015235414
119,51,416860,V,V,V,V,0.6648607,True,0.0049257413,0.25428218,0.6648607,0.038568396,0.037363008
119,51,417487,V,V,V,V,0.7298844,True,0.0032895547,0.17978705,0.7298844,0.05776259,0.02927641
119,51,419163,V,V,V,V,0.67969215,True,0.0044546057,0.2590481,0.67969215,0.036938753,0.0198664
119,51,421066,V,V,V,V,0.57130927,True,0.0061952104,0.3628731,0.57130927,0.0342099,0.025412548
119,51,422031,V,V,V,S,0.50982434,False,0.0080516245,0.50982434,0.420741,0.03213701,0.029245961
119,51,422978,V,V,V,S,0.6781998,False,0.010143996,0.6781998,0.25789255,0.027267823,0.026495857
119,51,423917,V,V,V,S,0.65671605,False,0.009173104,0.65671605,0.28242096,0.029586019,0.022103848
119,51,424842,V,V,V,S,0.6345818,False,0.008602312,0.6345818,0.30289125,0.031761136,0.022163553
119,51,425470,V,V,V,S,0.5809517,False,0.0069750575,0.5809517,0.35134712,0.039859474,0.02086671
119,51,426098,V,V,V,S,0.5438866,False,0.0061512166,0.5438866,0.37271842,0.048544124,0.028699696
119,51,426721,V,V,V,S,0.4760621,False,0.0068093506,0.4760621,0.45067632,0.036688212,0.029764103
119,51,427330,V,V,V,S,0.4583918,False,0.008842474,0.4583918,0.45443466,0.031324107,0.04700697
119,51,428817,V,V,V,S,0.54989076,False,0.009128222,0.54989076,0.37932566,0.030517979,0.031137392
119,51,429444,V,V,V,S,0.51397175,False,0.0078013316,0.51397175,0.4164855,0.03487205,0.026869291
119,51,430949,V,V,V,S,0.63371193,False,0.007933684,0.63371193,0.30689272,0.032278817,0.019182894
119,51,432457,V,V,V,S,0.63863873,False,0.008994585,0.63863873,0.29877204,0.029890712,0.02370393
119,51,433065,V,V,V,S,0.54339004,False,0.0075128153,0.54339004,0.39835733,0.035277057,0.015462814
119,51,433950,V,V,V,S,0.49519807,False,0.0070595364,0.49519807,0.4455192,0.035178844,0.017044274
119,51,435079,V,V,V,V,0.50447685,True,0.0063634487,0.4223116,0.50447685,0.04105739,0.02579077
119,51,436205,V,V,V,V,0.5576807,True,0.0040226346,0.31594023,0.5576807,0.08283244,0.03952401
119,51,437019,V,V,V,V,0.62748384,True,0.0028546357,0.25092378,0.62748384,0.09185547,0.02688233
119,51,437597,V,V,V,V,0.728875,True,0.0020463483,0.13340262,0.728875,0.114916354,0.020759685
119,51,438586,V,V,V,V,0.686815,True,0.0038899197,0.23408735,0.686815,0.045919806,0.029287962
119,51,439472,V,V,V,V,0.545827,True,0.006615447,0.3734091,0.545827,0.03710676,0.037041705
119,51,440442,V,V,V,V,0.46374154,True,0.007726129,0.46305224,0.46374154,0.032843526,0.032636575
119,51,441485,V,V,V,S,0.5069068,False,0.007263182,0.5069068,0.43509516,0.033507545,0.017227283
119,51,443564,V,V,V,V,0.48088032,True,0.0059908787,0.45877072,0.48088032,0.042328063,0.012030064
119,51,444256,V,V,V,V,0.6733732,True,0.004529812,0.2595572,0.6733732,0.042143773,0.020396031
119,51,444937,V,V,V,V,0.644421,True,0.004522093,0.2790673,0.644421,0.043704838,0.028284904
119,51,445617,V,V,V,V,0.6197601,True,0.004708424,0.29780897,0.6197601,0.04363455,0.034087844
119,51,447561,V,V,V,V,0.5055662,True,0.0054624453,0.40439278,0.5055662,0.049881484,0.03469711
119,51,448552,V,V,V,V,0.5271075,True,0.0062350244,0.3929407,0.5271075,0.038139727,0.03557708
119,51,449221,V,V,V,V,0.6537908,True,0.0050438084,0.2697675,0.6537908,0.03808957,0.033308245
119,51,450193,V,V,V,V,0.5346007,True,0.0059186383,0.3923237,0.5346007,0.038653504,0.02850338
119,51,451501,V,V,V,S,0.48903316,False,0.0062955474,0.48903316,0.44350412,0.039142393,0.022024773
119,51,452153,V,V,V,V,0.52686536,True,0.0063898433,0.3935826,0.52686536,0.03648845,0.03667366
119,51,452814,V,V,V,V,0.6426574,True,0.0049195224,0.29120007,0.6426574,0.037502546,0.023720348
119,51,454160,V,V,V,V,0.69763714,True,0.0039708484,0.24284226,0.69763714,0.041515484,0.014034311
119,51,455498,V,V,V,V,0.7067813,True,0.004495305,0.23026605,0.7067813,0.034896914,0.023560403
119,51,456180,V,V,V,V,0.76049376,True,0.0042542215,0.17543474,0.76049376,0.030631142,0.029186161
119,51,457186,V,V,V,V,0.691289,True,0.0044003734,0.24692632,0.691289,0.03659976,0.020784605
119,51,457857,V,V,V,V,0.7487419,True,0.0042728353,0.18167973,0.7487419,0.033573072,0.031732462
119,51,458867,V,V,V,V,0.6971564,True,0.0049951836,0.23681648,0.6971564,0.031915467,0.029116495
119,51,459886,V,V,V,V,0.67908454,True,0.0042851507,0.25989595,0.67908454,0.039073575,0.01766077
119,51,460878,V,V,V,V,0.60711396,True,0.004537686,0.32851803,0.60711396,0.04260014,0.017230185
119,51,461872,V,V,V,V,0.48829702,True,0.0066227503,0.4362878,0.48829702,0.037107818,0.03168454
119,51,462540,V,V,V,V,0.5376156,True,0.005333621,0.3877795,0.5376156,0.04557597,0.023695314
119,51,463169,V,V,V,V,0.60354275,True,0.005479005,0.32236955,0.60354275,0.036480524,0.032128114
119,51,465103,V,V,V,V,0.5770952,True,0.0057287184,0.35763967,0.5770952,0.035926983,0.023609476
119,51,465823,V,V,V,V,0.66440344,True,0.005414455,0.26155606,0.66440344,0.035595577,0.03303047
119,51,466573,V,V,V,V,0.7259016,True,0.0031462847,0.17098574,0.7259016,0.07091774,0.029048638
119,51,467261,V,V,V,V,0.7482906,True,0.0032869396,0.1856427,0.7482906,0.042009197,0.020770492
119,51,467963,V,V,V,V,0.80019003,True,0.002696354,0.14608042,0.80019003,0.037943155,0.013090085
119,51,468638,V,V,V,V,0.8134924,True,0.0025973048,0.13356693,0.8134924,0.040252514,0.0100908205
119,51,469309,V,V,V,V,0.804492,True,0.002643456,0.13744442,0.804492,0.04240957,0.013010485
119,51,470626,V,V,V,V,0.78226364,True,0.0031363782,0.16503942,0.78226364,0.03872988,0.010830731
119,51,471296,V,V,V,V,0.7892364,True,0.003872298,0.15512945,0.7892364,0.028751114,0.023010682
119,51,473324,V,V,V,V,0.63546723,True,0.0046865665,0.2946531,0.63546723,0.043308824,0.021884207
119,51,474354,V,V,V,V,0.5514915,True,0.0068228752,0.37507257,0.5514915,0.03315456,0.03345847
119,51,475723,V,V,V,S,0.49020937,False,0.0063884673,0.49020937,0.44921508,0.03787842,0.016308755
119,51,476389,V,V,V,V,0.6086742,True,0.0046147094,0.32906067,0.6086742,0.045237303,0.0124130165
119,51,477075,V,V,V,V,0.7311188,True,0.0035316902,0.21069975,0.7311188,0.040740844,0.013908853
119,51,478432,V,V,V,V,0.66584796,True,0.0041545886,0.27643463,0.66584796,0.039859805,0.013703129
119,51,479106,V,V,V,V,0.7493806,True,0.003588452,0.19503744,0.7493806,0.036242317,0.015751222
119,51,479797,V,V,V,V,0.7597919,True,0.0033280996,0.18320012,0.7597919,0.037109382,0.016570441
119,51,480467,V,V,V,V,0.72104454,True,0.005190379,0.19348557,0.72104454,0.031961724,0.048317652
119,51,481152,V,V,V,V,0.7705007,True,0.0032923182,0.17112334,0.7705007,0.03921466,0.015868876
119,51,481818,V,V,V,V,0.7772266,True,0.003000227,0.16879135,0.7772266,0.036759507,0.014222246
119,51,482492,V,V,V,V,0.795145,True,0.0030563935,0.15062575,0.795145,0.033694975,0.01747779
119,51,483142,V,V,V,V,0.6748724,True,0.0054023215,0.23898517,0.6748724,0.033435747,0.047304355
119,51,489197,V,V,V,V,0.7018243,True,0.0046291235,0.2432052,0.7018243,0.033909567,0.016431764
119,51,489907,V,V,V,V,0.75940114,True,0.0038308408,0.18791638,0.75940114,0.033977818,0.014873776
119,51,490588,V,V,V,V,0.7589372,True,0.0035046893,0.18609188,0.7589372,0.034730542,0.016735682
119,51,491266,V,V,V,V,0.7283399,True,0.0042094425,0.19893315,0.7283399,0.037910502,0.030606953
119,51,492226,V,V,V,V,0.6294026,True,0.004832373,0.31099436,0.6294026,0.03709022,0.017680433
119,51,493169,V,V,V,V,0.641405,True,0.004947501,0.30611804,0.641405,0.0353396,0.012189881
119,51,493795,V,V,V,V,0.6241245,True,0.006186967,0.29845473,0.6241245,0.03312135,0.038112402
119,51,496008,V,V,V,V,0.49752873,True,0.006450961,0.43516248,0.49752873,0.03672886,0.024128977
119,51,496675,V,V,V,V,0.5910189,True,0.0053834645,0.3436634,0.5910189,0.03724754,0.022686614
119,51,497349,V,V,V,V,0.6331227,True,0.0047134114,0.300761,0.6331227,0.03996775,0.021435142
119,51,498016,V,V,V,V,0.6946394,True,0.0047613187,0.23570599,0.6946394,0.033791695,0.031101692
119,51,498692,V,V,V,V,0.7399593,True,0.0034241432,0.20219117,0.7399593,0.04179419,0.012631238
119,51,499677,V,V,V,V,0.66917986,True,0.004684919,0.27775636,0.66917986,0.03411906,0.014259813
119,51,500317,V,V,V,V,0.61353815,True,0.0053755124,0.31513488,0.61353815,0.03876737,0.027184196
119,51,501534,V,V,V,S,0.48775277,False,0.008335975,0.48775277,0.44080162,0.031188175,0.03192149
119,51,502162,V,V,V,S,0.5422172,False,0.008013442,0.5422172,0.3942979,0.03200992,0.023461591
119,51,503082,V,V,V,S,0.6287216,False,0.007844661,0.6287216,0.31521937,0.03221444,0.015999816
119,51,504050,V,V,V,S,0.58559906,False,0.0070542376,0.58559906,0.35785824,0.03924725,0.010241186
119,51,504716,V,V,V,S,0.5352847,False,0.0059392327,0.5352847,0.39710346,0.043837283,0.01783531
119,51,505383,V,V,V,V,0.47926834,True,0.00551711,0.454624,0.47926834,0.042151567,0.018438933
119,51,506090,V,V,V,V,0.53331965,True,0.005314608,0.39859018,0.53331965,0.040885046,0.021890515
119,51,507146,V,V,V,V,0.534737,True,0.0054175123,0.40462142,0.534737,0.039443944,0.015780078
119,51,508181,V,V,V,V,0.5094668,True,0.00633692,0.42586288,0.5094668,0.03534118,0.022992196
119,51,508879,V,V,V,V,0.5286818,True,0.006469895,0.3950174,0.5286818,0.037029333,0.03280161
119,51,509904,V,V,V,V,0.47910103,True,0.006679957,0.45591328,0.47910103,0.03525076,0.023054887
119,51,511251,V,V,V,S,0.55049306,False,0.00771506,0.55049306,0.38416922,0.032859866,0.02476281
119,51,511933,V,V,V,V,0.48240104,True,0.0061823516,0.44863012,0.48240104,0.04065178,0.022134636
119,51,513286,V,V,V,S,0.49297068,False,0.005895873,0.49297068,0.44259742,0.044098653,0.014437288
119,51,513965,V,V,V,V,0.46663418,True,0.0071234684,0.45554724,0.46663418,0.03656684,0.034128204
119,51,514987,V,V,V,S,0.54008675,False,0.008832651,0.54008675,0.38023964,0.03218886,0.03865223
119,51,516668,V,V,V,S,0.5659029,False,0.008984395,0.5659029,0.36455226,0.030485002,0.030075418
119,51,518722,V,V,V,S,0.5670278,False,0.008355832,0.5670278,0.36094472,0.034362067,0.029309496
119,51,519407,V,V,V,V,0.46220443,True,0.0073603713,0.4606316,0.46220443,0.03813513,0.031668384
119,51,520423,V,V,V,S,0.5168619,False,0.007666829,0.5168619,0.41338432,0.03419186,0.027895097
119,51,521725,V,V,V,S,0.6813995,False,0.008106255,0.6813995,0.26264018,0.030843832,0.017010214
119,51,522380,V,V,V,S,0.59507865,False,0.0076221293,0.59507865,0.34242818,0.033779636,0.021091463
119,51,523326,V,V,V,S,0.63885564,False,0.008382619,0.63885564,0.2960134,0.03272299,0.024025418
119,51,523958,V,V,V,S,0.592252,False,0.0070756846,0.592252,0.3387095,0.040544074,0.02141872
119,51,525237,V,V,V,S,0.5522519,False,0.0066673206,0.5522519,0.3868701,0.03938743,0.014823319
119,51,525931,V,V,V,S,0.4939954,False,0.006196858,0.4939954,0.4365616,0.041043986,0.022202143
119,51,526615,V,V,V,V,0.50251263,True,0.006528429,0.4158924,0.50251263,0.03979587,0.035270754
119,51,527606,V,V,V,S,0.53575224,False,0.007257432,0.53575224,0.39828357,0.035415087,0.023291655
119,51,528570,V,V,V,S,0.586013,False,0.008005808,0.586013,0.3513234,0.032315686,0.02234211
119,51,529526,V,V,V,S,0.6268734,False,0.0079165315,0.6268734,0.31232205,0.032156523,0.020731593
119,51,530512,V,V,V,S,0.6359613,False,0.00792139,0.6359613,0.3025566,0.032880038,0.020680692
119,51,531492,V,V,V,S,0.60253376,False,0.0071801874,0.60253376,0.3388265,0.03644383,0.015015676
119,51,532129,V,V,V,S,0.5205432,False,0.0077729537,0.5205432,0.40309176,0.03501579,0.033576246
119,51,532789,V,V,V,V,0.46938276,True,0.0058644256,0.46273252,0.46938276,0.042788204,0.019232055
119,51,534706,V,V,V,V,0.4885368,True,0.0062031364,0.45204055,0.4885368,0.037572507,0.015646935
119,51,535400,V,V,V,V,0.5268523,True,0.0071389717,0.39531848,0.5268523,0.034597214,0.03609305
119,51,536087,V,V,V,V,0.5279252,True,0.0070945513,0.39630032,0.5279252,0.033700917,0.034979027
119,51,536781,V,V,V,V,0.60537684,True,0.004127929,0.3051573,0.60537684,0.068586275,0.016751649
119,51,537464,V,V,V,V,0.7439331,True,0.0035892283,0.17115423,0.7439331,0.049064793,0.032258622
119,51,538109,V,V,V,V,0.7472121,True,0.0031255705,0.19225204,0.7472121,0.04494495,0.0124654
119,51,538766,V,V,V,V,0.7291587,True,0.0043311077,0.20724845,0.7291587,0.03183552,0.027426127
119,51,546159,V,V,V,V,0.66946524,True,0.004765972,0.2767169,0.66946524,0.034187965,0.014863904
119,51,546869,V,V,V,V,0.74011266,True,0.0038257514,0.2064128,0.74011266,0.03514712,0.014501651
119,51,547564,V,V,V,V,0.7159731,True,0.0041943807,0.2050504,0.7159731,0.04360212,0.031179937
119,51,548251,V,V,V,V,0.69158083,True,0.003248253,0.21697244,0.69158083,0.066418454,0.021780007
119,51,548927,V,V,V,V,0.6745589,True,0.0029041911,0.2313906,0.6745589,0.07413297,0.017013326
119,51,549902,V,V,V,V,0.67848605,True,0.0039055736,0.25861552,0.67848605,0.04145506,0.017537754
119,51,551191,V,V,V,V,0.5665129,True,0.006059987,0.36398083,0.5665129,0.03600331,0.02744292
119,51,551830,V,V,V,V,0.5765161,True,0.0060299844,0.35994196,0.5765161,0.034243986,0.023267899
119,51,552445,V,V,V,V,0.5877449,True,0.0058659045,0.3497634,0.5877449,0.033419292,0.023206448
119,51,553291,V,V,V,V,0.76347697,True,0.004337505,0.19064546,0.76347697,0.02948959,0.012050462
119,51,555142,V,V,V,S,0.57510936,False,0.008394396,0.57510936,0.33013573,0.044791967,0.04156849
119,51,555951,V,V,V,V,0.60523695,True,0.0052023986,0.32670322,0.60523695,0.046872478,0.015984941
119,51,556520,V,V,V,V,0.6318925,True,0.005139165,0.3025974,0.6318925,0.037250347,0.023120638
119,51,557635,V,V,V,V,0.6632841,True,0.0046284203,0.27172923,0.6632841,0.040769596,0.019588642
119,51,558231,V,V,V,V,0.7870348,True,0.0027691089,0.1347009,0.7870348,0.054406222,0.02108892
119,51,559400,V,V,V,V,0.7136319,True,0.0038169906,0.22849408,0.7136319,0.039461486,0.014595551
119,51,560661,V,V,V,V,0.80898863,True,0.0033188018,0.14591026,0.80898863,0.03339458,0.008387726
119,51,562361,V,V,V,V,0.7118994,True,0.0047625042,0.23493049,0.7118994,0.031069536,0.017338162
119,51,563753,V,V,V,V,0.6935532,True,0.0051128967,0.247777,0.6935532,0.03094222,0.022614624
119,51,566726,V,V,V,S,0.50542736,False,0.008752933,0.50542736,0.4215246,0.03011307,0.034182068
119,51,567327,V,V,V,S,0.47314504,False,0.009758128,0.47314504,0.4304355,0.03151196,0.05514933
119,51,568599,V,V,V,V,0.46836975,True,0.0043611415,0.35909697,0.46836975,0.13103974,0.03713242
119,51,569225,V,V,V,V,0.5142305,True,0.005965878,0.3799723,0.5142305,0.047267217,0.05256404
119,51,570507,V,V,V,S,0.59665436,False,0.0085759945,0.59665436,0.3264338,0.034394804,0.03394101
119,51,571153,V,V,V,S,0.6394705,False,0.0074527613,0.6394705,0.30026382,0.03508259,0.01773037
119,51,572333,V,V,V,S,0.57866347,False,0.008451501,0.57866347,0.3547606,0.032156616,0.025967874
119,51,573790,V,V,V,V,0.529574,True,0.0068362076,0.41053537,0.529574,0.03550418,0.017550264
119,51,574388,V,V,V,S,0.50429404,False,0.0051814355,0.50429404,0.31394324,0.12711419,0.0494671
119,51,575566,V,V,V,S,0.53446245,False,0.004547308,0.53446245,0.31711727,0.100866444,0.043006547
119,51,577364,V,V,V,S,0.56372905,False,0.006718595,0.56372905,0.36039546,0.042538054,0.026618898
119,51,578045,V,V,V,S,0.550919,False,0.0065655634,0.550919,0.3809353,0.03990749,0.021672703
119,51,579062,V,V,V,S,0.5311685,False,0.0070132934,0.5311685,0.40364945,0.036284283,0.021884566
119,51,580061,V,V,V,S,0.52310646,False,0.00703472,0.52310646,0.41549477,0.035044637,0.019319367
119,51,581130,V,V,V,V,0.46813205,True,0.0073603517,0.46250454,0.46813205,0.034124285,0.027878724
119,51,581847,V,V,V,V,0.6645306,True,0.004036155,0.2567751,0.6645306,0.05890638,0.015751854
119,51,582911,V,V,V,V,0.6378216,True,0.0049269265,0.29464024,0.6378216,0.038526174,0.02408505
119,51,583617,V,V,V,V,0.6521601,True,0.0047884285,0.27470157,0.6521601,0.03752623,0.030823648
119,51,586014,V,V,V,V,0.53611606,True,0.0065532825,0.38765332,0.53611606,0.035735384,0.033941977
119,51,586717,V,V,V,V,0.6876049,True,0.0045883404,0.2527031,0.6876049,0.03505548,0.020048235
119,51,588365,V,V,V,V,0.49544305,True,0.0056474623,0.44233024,0.49544305,0.039774116,0.016805155
119,51,589011,V,V,V,S,0.52728444,False,0.0054663345,0.52728444,0.40700576,0.04566266,0.014580761
119,51,590905,V,V,V,S,0.48726,False,0.006045925,0.48726,0.4505294,0.038055383,0.018109309
119,51,595936,V,V,V,V,0.4669811,True,0.005242404,0.44509,0.4669811,0.053752452,0.028933967
119,51,596951,V,V,V,V,0.46718112,True,0.00718145,0.45294482,0.46718112,0.035760697,0.036931884
119,51,599286,V,V,V,S,0.5147099,False,0.00568196,0.5147099,0.39597473,0.055616092,0.028017396
119,51,601384,V,V,V,S,0.49453837,False,0.00648583,0.49453837,0.4432352,0.0382027,0.017537884
119,51,602113,V,V,V,V,0.5294653,True,0.0071362536,0.38836446,0.5294653,0.036325004,0.038708884
119,51,603163,V,V,V,S,0.52746356,False,0.008070003,0.52746356,0.40418562,0.032093972,0.028186815
119,51,605214,V,V,V,S,0.4947971,False,0.007532701,0.4947971,0.41097593,0.044034984,0.042659253
119,51,606211,V,V,V,S,0.5393831,False,0.0077782795,0.5393831,0.39330807,0.033262238,0.026268262
119,51,610445,V,V,V,S,0.54492784,False,0.007367798,0.54492784,0.39444816,0.034092598,0.019163609
119,51,611113,V,V,V,S,0.46671402,False,0.006956376,0.46671402,0.46244696,0.035662804,0.028219933
119,51,612760,V,V,V,S,0.64468884,False,0.007808603,0.64468884,0.29731712,0.032182314,0.018003106
119,51,613432,V,V,V,S,0.47990137,False,0.0067528076,0.47990137,0.4573668,0.03783116,0.018147867
119,51,614098,V,V,V,S,0.5109974,False,0.0050366097,0.5109974,0.35723484,0.08957185,0.037159182
119,51,615427,V,V,V,V,0.46030337,True,0.0047995113,0.41322184,0.46030337,0.07717984,0.044495475
119,51,616468,V,V,V,S,0.47004363,False,0.0072602923,0.47004363,0.44208014,0.03916183,0.041454166
119,51,617516,V,V,V,S,0.4977333,False,0.0075070523,0.4977333,0.43406,0.03277164,0.02792789
119,51,633123,V,V,V,S,0.5060902,False,0.0077246265,0.5060902,0.4245007,0.032540973,0.029143533
119,51,633803,V,V,V,V,0.596756,True,0.005297068,0.34524348,0.596756,0.03827077,0.014432725
119,51,638625,V,V,V,V,0.49540278,True,0.0064275907,0.4394111,0.49540278,0.035303075,0.023455396
119,51,640952,V,V,V,V,0.5163387,True,0.007253957,0.40585914,0.5163387,0.03309731,0.03745085
119,51,645749,V,V,V,S,0.4723936,False,0.008249847,0.4723936,0.45117012,0.031202784,0.036983676
124,77,103413,J,S,S,V,0.7778667,False,0.0049989205,0.13684547,0.7778667,0.065532655,0.014756214
124,77,103766,J,S,S,V,0.7671662,False,0.0036965932,0.15064776,0.7671662,0.06617335,0.012316091
124,77,104126,J,S,S,V,0.8193882,False,0.0055590076,0.13257867,0.8193882,0.0348068,0.007667254
124,77,104474,J,S,S,V,0.32677582,False,0.014888837,0.24541803,0.32677582,0.31160855,0.10130871
124,77,104828,J,S,S,F,0.37536857,False,0.04029899,0.16047119,0.14471033,0.37536857,0.27915096
124,77,105165,J,S,S,F,0.42812318,False,0.028851425,0.07020669,0.091894865,0.42812318,0.38092378
124,77,105502,J,S,S,F,0.3401553,False,0.01692642,0.23573422,0.27606437,0.3401553,0.13111971
124,77,105837,J,S,S,V,0.5689315,False,0.0063023553,0.18260281,0.5689315,0.21138734,0.030776009
124,77,106175,J,S,S,S,0.4772942,True,0.006753196,0.4772942,0.37783498,0.120435394,0.01768222
124,77,106507,J,S,S,V,0.55112773,False,0.0057335217,0.32122716,0.55112773,0.11002566,0.0118859755
124,77,106851,J,S,S,S,0.43024614,True,0.0047257124,0.43024614,0.27649745,0.26242724,0.026103526
124,77,107184,J,S,S,S,0.37739184,True,0.015364849,0.37739184,0.13905965,0.3227067,0.14547691
124,77,107529,J,S,S,S,0.5334197,True,0.009390887,0.5334197,0.19870625,0.21028635,0.048196774
124,77,107874,J,S,S,S,0.4923752,True,0.0063453387,0.4923752,0.30659622,0.17397317,0.020710101
124,77,108189,V,V,V,V,0.76063937,True,0.0062929266,0.1761561,0.76063937,0.04618668,0.010724928
124,77,108572,J,S,S,S,0.5550341,True,0.007554015,0.5550341,0.32332188,0.09431679,0.019773234
124,77,108933,J,S,S,V,0.4754964,False,0.0072398204,0.4303502,0.4754964,0.075332835,0.011580686
124,77,109279,J,S,S,V,0.57156926,False,0.0050166496,0.31359488,0.57156926,0.097589195,0.012230071
124,77,109492,V,V,V,V,0.8549487,True,0.005043413,0.10845762,0.8549487,0.023526162,0.008024073
124,77,109884,J,S,S,V,0.47947073,False,0.009121488,0.40060407,0.47947073,0.083091676,0.027712109
124,77,110246,J,S,S,S,0.47283316,True,0.0064395145,0.47283316,0.37271976,0.11764478,0.03036285
124,77,110593,J,S,S,S,0.4558765,True,0.005033308,0.4558765,0.27358818,0.2266106,0.03889131
124,77,110956,J,S,S,S,0.5531831,True,0.0070943185,0.5531831,0.25511062,0.14457041,0.04004163
124,77,111314,J,S,S,S,0.54707456,True,0.0056062997,0.54707456,0.2365216,0.17656,0.03423748
124,77,111682,J,S,S,S,0.43332762,True,0.005774773,0.43332762,0.27953693,0.2302467,0.051113937
124,77,112071,F,F,F,S,0.41894358,False,0.030938044,0.41894358,0.18883161,0.12862301,0.23266372
124,77,112445,V,V,V,V,0.85179454,True,0.009129701,0.08550313,0.85179454,0.028628567,0.024944039
124,77,112820,V,V,V,V,0.9224902,True,0.004892244,0.04937145,0.9224902,0.014134438,0.00911163
124,77,113180,V,V,V,V,0.9339182,True,0.004576031,0.043066148,0.9339182,0.011534016,0.0069056614
124,77,113547,V,V,V,V,0.9442323,True,0.0040141237,0.035769254,0.9442323,0.009492129,0.006492114
124,77,113913,V,V,V,V,0.9429157,True,0.0040434813,0.03672675,0.9429157,0.009825232,0.0064887987
124,77,114287,V,V,V,V,0.9338461,True,0.004347565,0.044224083,0.9338461,0.011349098,0.006233173
124,77,114655,V,V,V,V,0.9438491,True,0.0038799152,0.036506377,0.9438491,0.009488277,0.006276235
124,77,115037,V,V,V,V,0.94346833,True,0.0040392526,0.036563944,0.94346833,0.0095026065,0.006425868
124,77,115412,V,V,V,V,0.9432186,True,0.0041762367,0.036751147,0.9432186,0.009400204,0.006453694
124,77,115783,V,V,V,V,0.9435701,True,0.00412181,0.03643716,0.9435701,0.009412651,0.0064582885
124,77,116173,V,V,V,V,0.94219923,True,0.004068405,0.037685145,0.94219923,0.009640895,0.0064063426
124,77,116550,V,V,V,V,0.936697,True,0.0041519958,0.041862447,0.936697,0.011068932,0.0062196036
124,77,116937,V,V,V,V,0.943173,True,0.003973766,0.03687651,0.943173,0.009613934,0.0063627423
124,77,117319,V,V,V,V,0.94259244,True,0.0040322617,0.03727202,0.94259244,0.009733346,0.006369888
124,77,117705,V,V,V,V,0.9375185,True,0.004561113,0.04117256,0.9375185,0.010333693,0.006414133
124,77,118105,V,V,V,V,0.940202,True,0.004158827,0.03909104,0.940202,0.01027363,0.006274463
124,77,118495,V,V,V,V,0.9316148,True,0.004340674,0.046127282,0.9316148,0.011742363,0.006174886
124,77,118918,V,V,V,V,0.93297905,True,0.005083684,0.045266934,0.93297905,0.0100946985,0.006575567
124,77,119315,F,F,F,V,0.93539715,False,0.0034033696,0.042408377,0.93539715,0.012778773,0.0060123163
124,77,119705,J,S,S,V,0.6421511,False,0.0073829666,0.28632957,0.6421511,0.04551634,0.018620048
124,77,120091,J,S,S,V,0.55411875,False,0.010345441,0.2870767,0.55411875,0.09175222,0.05670682
124,77,120464,J,S,S,V,0.58247715,False,0.011404707,0.23876187,0.58247715,0.09778827,0.06956801
124,77,120854,J,S,S,V,0.45548084,False,0.009325034,0.30249333,0.45548084,0.16680238,0.065898485
124,77,121231,J,S,S,V,0.45347363,False,0.0063728113,0.34361696,0.45347363,0.16181238,0.03472421
124,77,121618,J,S,S,S,0.6497053,True,0.008008059,0.6497053,0.2687704,0.05856235,0.014954013
124,77,160347,A,S,S,S,0.58314615,True,0.0064291805,0.58314615,0.33066022,0.06098938,0.018774966
124,77,219980,V,V,V,V,0.7549213,True,0.0051463977,0.19936848,0.7549213,0.029766424,0.01079744
124,77,221538,V,V,V,V,0.91674006,True,0.003968025,0.058535185,0.91674006,0.013939876,0.006816955
124,77,226731,F,F,F,S,0.72348887,False,0.0067207045,0.72348887,0.18564317,0.07551847,0.00862884
124,77,227138,F,F,F,V,0.7116225,False,0.0048764944,0.21529976,0.7116225,0.060413122,0.0077881655
124,77,227537,V,V,V,V,0.8578298,True,0.0066015157,0.10513568,0.8578298,0.02163532,0.008797615
124,77,227934,V,V,V,V,0.92091274,True,0.0071674427,0.052613582,0.92091274,0.011053861,0.008252331
124,77,228327,V,V,V,V,0.9395112,True,0.0065023005,0.037265096,0.9395112,0.009224326,0.0074970108
124,77,228740,V,V,V,V,0.93915176,True,0.008913343,0.034013916,0.93915176,0.008174766,0.00974622
124,77,229152,V,V,V,V,0.9322074,True,0.009907377,0.038116828,0.9322074,0.009315795,0.010452545
124,77,229552,F,F,F,S,0.5342351,False,0.012187456,0.5342351,0.36429334,0.07662047,0.012663579
124,77,296152,V,V,V,V,0.8735175,True,0.0034590813,0.078878544,0.8735175,0.035875224,0.008269646
124,77,359214,V,V,V,V,0.87389857,True,0.0034152668,0.096431114,0.87389857,0.019166477,0.0070886333
124,77,375925,V,V,V,V,0.9189916,True,0.0030771974,0.04924403,0.9189916,0.021538256,0.007148965
124,77,377163,V,V,V,V,0.9397096,True,0.0030800092,0.03428902,0.9397096,0.015783912,0.0071375123
124,77,378427,V,V,V,V,0.93342245,True,0.0035930998,0.03561745,0.93342245,0.018885124,0.008481871
124,77,379617,V,V,V,V,0.92071676,True,0.0040235007,0.03384049,0.92071676,0.02946051,0.011958747
124,77,381798,V,V,V,V,0.9374354,True,0.0031753944,0.031280972,0.9374354,0.020226866,0.007881303
124,77,382151,V,V,V,V,0.9272633,True,0.003462492,0.04320429,0.9272633,0.01798398,0.00808601
124,77,382513,V,V,V,V,0.8495076,True,0.004161559,0.09530809,0.8495076,0.042041454,0.0089812605
124,77,382859,V,V,V,V,0.5970089,True,0.00516181,0.291711,0.5970089,0.093894586,0.0122237215
124,77,383220,V,V,V,V,0.74987435,True,0.0041067237,0.17264387,0.74987435,0.06436311,0.009011949
124,77,383576,V,V,V,V,0.7851566,True,0.0040519843,0.15261964,0.7851566,0.04995616,0.008215565
124,77,384475,V,V,V,V,0.7071398,True,0.0074170893,0.24672449,0.7071398,0.029952355,0.008766212
124,77,439004,A,S,S,V,0.6409047,False,0.018465722,0.24584435,0.6409047,0.024156928,0.07062837
124,77,505550,V,V,V,V,0.9108884,True,0.0041858964,0.057725362,0.9108884,0.016398031,0.010802247
124,77,506651,V,V,V,V,0.94049954,True,0.0033887443,0.034774516,0.94049954,0.013841003,0.0074962135
124,77,507839,V,V,V,V,0.94121355,True,0.0044500185,0.037598606,0.94121355,0.009751886,0.0069859517
124,77,509044,V,V,V,V,0.95253134,True,0.0031369235,0.029894637,0.95253134,0.00890252,0.0055347322
124,77,565285,V,V,V,V,0.915344,True,0.0037827627,0.06259706,0.915344,0.011918456,0.006357677
124,77,599224,V,V,V,V,0.9318996,True,0.0035145462,0.048901558,0.9318996,0.00997882,0.005705401
124,77,616623,V,V,V,V,0.9465123,True,0.003372136,0.03691489,0.9465123,0.007726092,0.005474585
200,64,225,V,V,V,V,0.9382459,True,0.0036304272,0.03977478,0.9382459,0.0119955065,0.0063533857
200,64,689,V,V,V,V,0.94393396,True,0.0039252825,0.03744672,0.94393396,0.008579028,0.006114965
200,64,1147,V,V,V,V,0.94582886,True,0.0042103096,0.03583922,0.94582886,0.008000205,0.0061214585
200,64,1610,V,V,V,V,0.9454484,True,0.004355294,0.035603844,0.9454484,0.0083836,0.006208916
200,64,2072,V,V,V,V,0.936724,True,0.004199597,0.04353347,0.936724,0.009608308,0.005934633
200,64,2506,V,V,V,V,0.9374121,True,0.0044356077,0.04347499,0.9374121,0.008748297,0.005929052
200,64,2989,V,V,V,V,0.94984454,True,0.0037733142,0.032567296,0.94984454,0.007913061,0.0059017357
200,64,3484,V,V,V,V,0.9447701,True,0.004194761,0.036759984,0.9447701,0.008287023,0.005988164
200,64,6285,V,V,V,V,0.94489515,True,0.0041020284,0.036457833,0.94489515,0.008448259,0.0060967696
200,64,6718,V,V,V,V,0.94851387,True,0.004174092,0.033084452,0.94851387,0.007929061,0.006298541
200,64,7260,V,V,V,V,0.94477224,True,0.0043698763,0.0361164,0.94477224,0.008532355,0.0062090103
200,64,7455,V,V,V,V,0.9574569,True,0.0031346634,0.02334958,0.9574569,0.0097764265,0.0062824194
200,64,8074,V,V,V,V,0.95014536,True,0.00367263,0.0313391,0.95014536,0.008378464,0.0064645163
200,64,8577,V,V,V,V,0.9490941,True,0.0035339661,0.03316246,0.9490941,0.008253672,0.005955807
200,64,8726,V,V,V,V,0.95072436,True,0.0031994605,0.030456778,0.95072436,0.009639336,0.0059800446
200,64,9384,V,V,V,V,0.95273554,True,0.003411758,0.029304542,0.95273554,0.008232286,0.0063158954
200,64,12364,V,V,V,V,0.9441204,True,0.0037625276,0.037628803,0.9441204,0.008538719,0.0059496616
200,64,12900,V,V,V,V,0.94734794,True,0.004024973,0.034485813,0.94734794,0.007943655,0.006197473
200,64,13052,V,V,V,V,0.94879717,True,0.0035345017,0.033099238,0.94879717,0.008807602,0.0057614422
200,64,13733,V,V,V,V,0.9521734,True,0.0036256278,0.030492358,0.9521734,0.007679049,0.006029551
200,64,14538,V,V,V,V,0.9289434,True,0.0036044077,0.038959693,0.9289434,0.021014035,0.007478516
200,64,15085,V,V,V,V,0.94536006,True,0.0035296595,0.034624603,0.94536006,0.009971721,0.00651397
200,64,15595,V,V,V,V,0.94292015,True,0.004371007,0.036882915,0.94292015,0.009214899,0.006610944
200,64,16385,V,V,V,V,0.9219978,True,0.0036575443,0.04885991,0.9219978,0.01885623,0.006628448
200,64,16880,V,V,V,V,0.9419669,True,0.003527856,0.03882269,0.9419669,0.009648164,0.0060344404
200,64,17338,V,V,V,V,0.9431979,True,0.003735003,0.036978234,0.9431979,0.009851953,0.0062369285
200,64,17860,V,V,V,V,0.9464512,True,0.003733486,0.03524335,0.9464512,0.008575151,0.0059969486
200,64,18383,V,V,V,V,0.9478818,True,0.0036749074,0.034411762,0.9478818,0.008116342,0.005915192
200,64,19128,V,V,V,V,0.93407726,True,0.0037305604,0.04197571,0.93407726,0.01399574,0.006220765
200,64,19606,V,V,V,V,0.75166583,True,0.003931293,0.10949649,0.75166583,0.118709385,0.016196992
200,64,20099,V,V,V,V,0.934406,True,0.003171044,0.03737472,0.934406,0.016401492,0.008646706
200,64,20641,V,V,V,V,0.93981886,True,0.0035475239,0.039421894,0.93981886,0.010776834,0.0064348155
200,64,21120,V,V,V,V,0.94461,True,0.003989827,0.035638586,0.94461,0.009280802,0.0064808857
200,64,21574,V,V,V,V,0.943233,True,0.003969156,0.037621953,0.943233,0.009037678,0.006138167
200,64,22057,V,V,V,V,0.94785416,True,0.0038984919,0.0340683,0.94785416,0.008137752,0.006041253
200,64,25313,V,V,V,V,0.94650835,True,0.0037969586,0.035155933,0.94650835,0.008508941,0.00602992
200,64,25795,V,V,V,V,0.9411844,True,0.004810943,0.03848433,0.9411844,0.00893975,0.0065806815
200,64,25993,V,V,V,V,0.9524671,True,0.0036052587,0.026023775,0.9524671,0.010855866,0.007048092
200,64,26595,V,V,V,V,0.95343155,True,0.0038114244,0.027578952,0.95343155,0.0082395105,0.006938571
200,64,27109,V,V,V,V,0.94526845,True,0.0045287223,0.035836436,0.94526845,0.00811997,0.006246481
200,64,27652,V,V,V,V,0.94848233,True,0.004300961,0.03256052,0.94848233,0.008255738,0.006400421
200,64,28203,V,V,V,V,0.94519305,True,0.0046542734,0.035202585,0.94519305,0.008459631,0.0064905845
200,64,28747,V,V,V,V,0.9460353,True,0.0039425846,0.034804437,0.9460353,0.009190754,0.006026898
200,64,29311,V,V,V,V,0.9484303,True,0.0039041587,0.03296025,0.9484303,0.008500304,0.0062049385
200,64,30286,V,V,V,S,0.71208906,False,0.02315994,0.71208906,0.22943245,0.023328757,0.011989745
200,64,30788,V,V,V,V,0.8486455,True,0.008927661,0.115488686,0.8486455,0.017727748,0.009210445
200,64,31323,V,V,V,V,0.9117387,True,0.0051942463,0.06287244,0.9117387,0.013404208,0.0067904154
200,64,31793,V,V,V,V,0.9389057,True,0.0040579294,0.041267432,0.9389057,0.009587442,0.0061814166
200,64,32286,V,V,V,V,0.9421386,True,0.0039954907,0.038584895,0.9421386,0.009172892,0.0061080423
200,64,32770,V,V,V,V,0.9480262,True,0.0037938752,0.03371541,0.9480262,0.008360446,0.006104035
200,64,36087,V,V,V,V,0.9483122,True,0.0038940725,0.03310729,0.9483122,0.008418856,0.0062674466
200,64,36629,V,V,V,V,0.9480963,True,0.003721895,0.03338526,0.9480963,0.008662083,0.006134498
200,64,37184,V,V,V,V,0.9538462,True,0.003690377,0.027798006,0.9538462,0.007948907,0.006716431
200,64,37789,V,V,V,V,0.951289,True,0.004125029,0.029596172,0.951289,0.008274389,0.0067153205
200,64,38319,V,V,V,V,0.9498324,True,0.0038045847,0.03200194,0.9498324,0.008172519,0.0061886036
200,64,38810,V,V,V,V,0.94778264,True,0.004219598,0.03281563,0.94778264,0.008689921,0.006492221
200,64,39319,V,V,V,V,0.9474617,True,0.004008151,0.033282284,0.9474617,0.008936083,0.0063117924
200,64,39484,V,V,V,V,0.63837624,True,0.028982924,0.29813853,0.63837624,0.01853338,0.015968898
200,64,39791,V,V,V,V,0.9383972,True,0.0041152025,0.037040338,0.9383972,0.013901298,0.006545947
200,64,40377,V,V,V,V,0.9452679,True,0.0037020997,0.03470646,0.9452679,0.009882369,0.0064411336
200,64,40889,V,V,V,V,0.9513729,True,0.003533237,0.03012162,0.9513729,0.008641696,0.006330581
200,64,41355,V,V,V,V,0.9454878,True,0.0043547405,0.035452258,0.9454878,0.008223558,0.006481673
200,64,41928,V,V,V,V,0.94847286,True,0.003848067,0.033593968,0.94847286,0.008027731,0.0060572983
200,64,42730,V,V,V,V,0.9330608,True,0.003837684,0.043975584,0.9330608,0.012968382,0.006157535
200,64,43212,V,V,V,V,0.94140464,True,0.0038452991,0.039190795,0.94140464,0.009347254,0.0062120915
200,64,43722,V,V,V,V,0.95474,True,0.0032763819,0.027972853,0.95474,0.0076799365,0.0063308496
200,64,44261,V,V,V,V,0.9424171,True,0.0042950697,0.03714199,0.9424171,0.009456915,0.0066888807
200,64,44756,V,V,V,V,0.9501431,True,0.0037269043,0.03214078,0.9501431,0.007894428,0.0060948785
200,64,45245,V,V,V,V,0.94112486,True,0.004219826,0.036732342,0.94112486,0.011355337,0.0065677823
200,64,45759,V,V,V,V,0.9437341,True,0.0040921737,0.03743243,0.9437341,0.0086420765,0.0060992804
200,64,46270,V,V,V,V,0.94115126,True,0.0042752787,0.03974007,0.94115126,0.008720823,0.0061125266
200,64,47027,V,V,V,V,0.94149864,True,0.0034789203,0.034225177,0.94149864,0.013721134,0.007076094
200,64,47544,V,V,V,V,0.9411681,True,0.0036278134,0.038726855,0.9411681,0.010330886,0.0061463034
200,64,48043,V,V,V,V,0.9466581,True,0.003395662,0.03564447,0.9466581,0.00832874,0.0059730546
200,64,63633,V,V,V,V,0.70575476,True,0.007851736,0.25057176,0.70575476,0.024732998,0.011088778
200,64,63859,V,V,V,V,0.94849044,True,0.002840382,0.031140467,0.94849044,0.011097455,0.0064312313
200,64,64395,V,V,V,V,0.94963014,True,0.0032445118,0.031463128,0.94963014,0.009105761,0.006556426
200,64,64628,V,V,V,V,0.95880926,True,0.002912758,0.022098644,0.95880926,0.009421375,0.0067580133
200,64,65114,V,V,V,V,0.9574504,True,0.0032083478,0.024990022,0.9574504,0.0077505643,0.0066006477
200,64,65638,V,V,V,V,0.94989175,True,0.004005224,0.03167442,0.94989175,0.008062083,0.006366549
200,64,66173,V,V,V,V,0.946807,True,0.0041913777,0.03437452,0.946807,0.00839375,0.0062332666
200,64,66647,V,V,V,V,0.9427222,True,0.004534728,0.037255812,0.9427222,0.008953704,0.006533453
200,64,67155,V,V,V,V,0.9434924,True,0.0042525474,0.037614185,0.9434924,0.008543274,0.006097634
200,64,67668,V,V,V,V,0.9458442,True,0.004120437,0.03542466,0.9458442,0.0086055845,0.0060051056
200,64,68191,V,V,V,V,0.94747615,True,0.003863391,0.03406824,0.94747615,0.008485316,0.0061068586
200,64,68701,V,V,V,V,0.9442226,True,0.0039842958,0.036923975,0.9442226,0.008781441,0.00608756
200,64,69212,V,V,V,V,0.9478602,True,0.0038026639,0.03310913,0.9478602,0.008897093,0.006330935
200,64,69754,V,V,V,V,0.95343554,True,0.003811093,0.028674554,0.95343554,0.0077265734,0.006352198
200,64,70307,V,V,V,V,0.9474114,True,0.0040338505,0.033650897,0.9474114,0.008611044,0.006292847
200,64,70798,V,V,V,V,0.9484958,True,0.0041207005,0.033484384,0.9484958,0.007743117,0.006155981
200,64,71261,V,V,V,V,0.9452656,True,0.003964666,0.034691285,0.9452656,0.009684929,0.0063935956
200,64,71819,V,V,V,V,0.9521035,True,0.0040758764,0.02874544,0.9521035,0.008383306,0.0066918163
200,64,72320,V,V,V,V,0.95010626,True,0.003789,0.032001253,0.95010626,0.008047391,0.0060561327
200,64,72805,V,V,V,V,0.95442075,True,0.003549642,0.027859176,0.95442075,0.0077248164,0.0064456705
200,64,73309,V,V,V,V,0.94646686,True,0.0045431945,0.03349707,0.94646686,0.008510143,0.0069826865
200,64,73788,V,V,V,V,0.94559044,True,0.0042199553,0.035485283,0.94559044,0.008436166,0.0062681227
200,64,74282,V,V,V,V,0.9467892,True,0.0036908127,0.03509895,0.9467892,0.008503564,0.0059174127
200,64,75517,A,S,S,S,0.39993823,True,0.009126307,0.39993823,0.35856026,0.19554399,0.036831327
200,64,77564,V,V,V,V,0.7083289,True,0.004688282,0.17737901,0.7083289,0.095869325,0.013734515
200,64,78043,V,V,V,V,0.911861,True,0.0030520686,0.057318848,0.911861,0.019962488,0.007805568
200,64,78565,V,V,V,V,0.9434527,True,0.0030471047,0.036783837,0.9434527,0.010172268,0.006544108
200,64,79133,V,V,V,V,0.9401606,True,0.004209615,0.039261136,0.9401606,0.009738399,0.006630288
200,64,79657,V,V,V,V,0.93542886,True,0.004882116,0.04439938,0.93542886,0.008761913,0.0065276898
200,64,80686,V,V,V,V,0.951262,True,0.0039904024,0.030544106,0.951262,0.007781557,0.006421897
200,64,81170,V,V,V,V,0.9410163,True,0.003743859,0.039570726,0.9410163,0.009642188,0.0060269423
200,64,81653,V,V,V,V,0.9486214,True,0.003760704,0.0336716,0.9486214,0.0078912955,0.006055035
200,64,82144,V,V,V,V,0.9439879,True,0.0043062386,0.036848057,0.9439879,0.008565595,0.006292163
200,64,82613,V,V,V,V,0.9476247,True,0.003717219,0.03429121,0.9476247,0.008521674,0.005845126
200,64,82764,V,V,V,V,0.71853095,True,0.036506005,0.20928815,0.71853095,0.016889658,0.018785302
200,64,83371,V,V,V,V,0.95012563,True,0.004430129,0.03066236,0.95012563,0.008416823,0.0063650077
200,64,85981,A,S,S,V,0.8160412,False,0.010176975,0.14813696,0.8160412,0.017216977,0.00842791
200,64,87340,V,V,V,S,0.64330584,False,0.02228711,0.64330584,0.3053388,0.019167006,0.009901302
200,64,87848,V,V,V,V,0.7704923,True,0.010821927,0.1903237,0.7704923,0.019629227,0.008732803
200,64,92581,V,V,V,V,0.899161,True,0.0057260916,0.07661497,0.899161,0.011887559,0.006610494
200,64,93511,V,V,V,V,0.9474775,True,0.0040996713,0.033529304,0.9474775,0.008220028,0.0066734194
200,64,94047,V,V,V,V,0.9400927,True,0.003851258,0.03781392,0.9400927,0.011837644,0.0064045014
200,64,95405,V,V,V,V,0.9474753,True,0.0035131052,0.034779076,0.9474753,0.008345721,0.00588688
200,64,96354,V,V,V,S,0.5573357,False,0.009096103,0.5573357,0.36148405,0.060173023,0.011911152
200,64,96819,V,V,V,V,0.86448205,True,0.005188285,0.102992944,0.86448205,0.01999253,0.0073441276
200,64,98661,V,V,V,V,0.92677474,True,0.0040123565,0.052205894,0.92677474,0.010826743,0.006180289
200,64,98907,V,V,V,V,0.94457203,True,0.0036187135,0.032884285,0.94457203,0.01242028,0.0065046833
200,64,99998,V,V,V,S,0.5540214,False,0.011568514,0.5540214,0.35499883,0.06799159,0.0114196325
200,64,100949,V,V,V,V,0.8973101,True,0.004701364,0.07421817,0.8973101,0.01711647,0.00665405
200,64,101386,V,V,V,V,0.9130675,True,0.004981225,0.06394313,0.9130675,0.01165419,0.0063539124
200,64,104095,V,V,V,V,0.94153047,True,0.0038326506,0.03810065,0.94153047,0.010403768,0.0061324365
200,64,104533,V,V,V,V,0.9414196,True,0.004174931,0.040435158,0.9414196,0.00813224,0.005838075
200,64,105863,V,V,V,V,0.9510388,True,0.0037496102,0.030381287,0.9510388,0.008545992,0.006284319
200,64,106262,V,V,V,V,0.5426394,True,0.005906844,0.2845661,0.5426394,0.15118542,0.01570234
200,64,108533,V,V,V,V,0.92583644,True,0.0031431594,0.04558239,0.92583644,0.017965628,0.0074723284
200,64,109879,V,V,V,V,0.94215703,True,0.0034402166,0.038299106,0.94215703,0.009828123,0.006275577
200,64,110725,V,V,V,V,0.9440797,True,0.0038005286,0.03775864,0.9440797,0.008373468,0.0059877187
200,64,111223,V,V,V,V,0.949624,True,0.0043498017,0.031760663,0.949624,0.0077004456,0.0065650335
200,64,112970,V,V,V,V,0.9456887,True,0.004162276,0.034727342,0.9456887,0.008849989,0.0065716086
200,64,113404,V,V,V,V,0.93693084,True,0.004524343,0.043481566,0.93693084,0.008807158,0.0062560383
200,64,113834,V,V,V,V,0.94781286,True,0.0037200463,0.03439716,0.94781286,0.008027843,0.006042096
200,64,114287,V,V,V,V,0.93779343,True,0.003952366,0.04175685,0.93779343,0.010377824,0.0061196233
200,64,115144,V,V,V,V,0.9349528,True,0.0035061832,0.039681226,0.9349528,0.01463391,0.0072258296
200,64,116039,V,V,V,V,0.93898356,True,0.0036343886,0.04157535,0.93898356,0.009697847,0.006108748
200,64,116436,V,V,V,V,0.93079144,True,0.0047701485,0.049512513,0.93079144,0.0089429375,0.005982884
200,64,116861,V,V,V,V,0.9414104,True,0.004303236,0.03922781,0.9414104,0.008996747,0.0060618403
200,64,117313,V,V,V,V,0.9488767,True,0.0037426522,0.03316115,0.9488767,0.008213198,0.0060064145
200,64,118211,V,V,V,V,0.943926,True,0.0038808251,0.0378674,0.943926,0.00833626,0.0059895045
200,64,118623,V,V,V,V,0.9436029,True,0.0040670238,0.038301203,0.9436029,0.008131193,0.0058976756
200,64,120016,V,V,V,V,0.9449952,True,0.004100883,0.036273263,0.9449952,0.008540385,0.006090302
200,64,120442,V,V,V,V,0.9321466,True,0.0049302108,0.048471764,0.9321466,0.008393721,0.0060577453
200,64,121288,V,V,V,V,0.9484818,True,0.0038576734,0.033857334,0.9484818,0.007993624,0.0058095707
200,64,121759,V,V,V,V,0.94944996,True,0.0041113887,0.032064613,0.94944996,0.008115006,0.0062589874
200,64,123128,V,V,V,V,0.9520951,True,0.0037716592,0.030111864,0.9520951,0.0077746315,0.006246791
200,64,124540,V,V,V,V,0.94244725,True,0.0044789277,0.038887147,0.94244725,0.008118203,0.0060685105
200,64,124976,V,V,V,V,0.95760256,True,0.003505254,0.02467755,0.95760256,0.008509316,0.005705191
200,64,126860,V,V,V,V,0.7203257,True,0.007081717,0.13322471,0.7203257,0.10832271,0.031045135
200,64,127277,V,V,V,V,0.93158334,True,0.004172235,0.04383113,0.93158334,0.012591021,0.007822231
200,64,127733,V,V,V,V,0.9298274,True,0.0041520847,0.04987922,0.9298274,0.010197081,0.0059442697
200,64,128203,V,V,V,V,0.93568754,True,0.004128378,0.044875197,0.93568754,0.009367906,0.0059409733
200,64,131042,V,V,V,V,0.94293946,True,0.003917527,0.03871434,0.94293946,0.008533733,0.0058949115
200,64,131466,V,V,V,V,0.94421774,True,0.0040760883,0.037504785,0.94421774,0.008183951,0.0060174447
200,64,133096,V,V,V,S,0.5606302,False,0.021975808,0.5606302,0.37805107,0.023025464,0.016317384
200,64,133618,V,V,V,V,0.86188424,True,0.007869267,0.10675027,0.86188424,0.014713586,0.0087827165
200,64,141242,V,V,V,S,0.8122631,False,0.017961828,0.8122631,0.13658163,0.02462318,0.0085702455
200,64,141772,V,V,V,V,0.7069806,True,0.012168804,0.2475124,0.7069806,0.024277639,0.009060524
200,64,142226,V,V,V,V,0.83089566,True,0.00784805,0.136313,0.83089566,0.01754483,0.0073984913
200,64,142740,V,V,V,V,0.91867065,True,0.005286917,0.05878253,0.91867065,0.010931365,0.006328513
200,64,143161,V,V,V,V,0.94016045,True,0.004269372,0.04034218,0.94016045,0.009222355,0.0060055777
200,64,143828,V,V,V,V,0.7832284,True,0.008932294,0.17977762,0.7832284,0.017709251,0.010352467
200,64,143988,V,V,V,S,0.4645848,False,0.060128365,0.4645848,0.43787566,0.019450448,0.017960705
200,64,144592,V,V,V,S,0.546259,False,0.02185983,0.546259,0.39248738,0.029883554,0.009510168
200,64,146441,V,V,V,S,0.90931165,False,0.014410894,0.90931165,0.056151707,0.016255468,0.0038703538
200,64,146939,V,V,V,S,0.5214733,False,0.020700108,0.5214733,0.42071223,0.028462753,0.008651671
200,64,147402,V,V,V,V,0.756972,True,0.0126560815,0.19946091,0.756972,0.022152586,0.008758456
200,64,147918,V,V,V,V,0.8884564,True,0.0062115733,0.08591189,0.8884564,0.013165719,0.0062544164
200,64,153339,A,S,S,S,0.74179196,True,0.01378253,0.74179196,0.20135742,0.02612964,0.016938351
200,64,153826,V,V,V,V,0.7606981,True,0.008894424,0.19831812,0.7606981,0.021867368,0.010222015
200,64,154459,V,V,V,V,0.9144379,True,0.0044947024,0.062673084,0.9144379,0.011600571,0.006793678
200,64,155010,V,V,V,V,0.9394425,True,0.0041029872,0.0405988,0.9394425,0.00938636,0.0064693377
200,64,155505,V,V,V,V,0.9430179,True,0.0038884892,0.037923887,0.9430179,0.009337889,0.0058318633
200,64,155997,V,V,V,V,0.9478951,True,0.004018198,0.03297346,0.9478951,0.008728234,0.006385095
200,64,156519,V,V,V,V,0.9441863,True,0.004017154,0.036999047,0.9441863,0.008682533,0.0061149113
200,64,157023,V,V,V,V,0.9434815,True,0.004663175,0.03703264,0.9434815,0.008224978,0.0065976866
200,64,157512,V,V,V,V,0.9458137,True,0.0040610097,0.035623,0.9458137,0.008456311,0.006045961
200,64,157959,V,V,V,V,0.9492779,True,0.003868701,0.03154595,0.9492779,0.008604462,0.0067030475
200,64,158494,V,V,V,V,0.94677323,True,0.0039604735,0.03441899,0.94677323,0.008559883,0.0062874923
200,64,158991,V,V,V,V,0.9465035,True,0.0039729825,0.03487434,0.9465035,0.008479771,0.00616945
200,64,159455,V,V,V,V,0.94160295,True,0.0043452643,0.039307926,0.94160295,0.008510308,0.0062335883
200,64,159922,V,V,V,V,0.8909572,True,0.0040823016,0.05607847,0.8909572,0.039219502,0.009662628
200,64,160719,A,S,S,S,0.57325256,True,0.013832178,0.57325256,0.37304577,0.027576016,0.01229349
200,64,160919,V,V,V,V,0.84426314,True,0.0048368755,0.10216271,0.84426314,0.040276457,0.008460887
200,64,161560,V,V,V,V,0.93044215,True,0.003686663,0.04613736,0.93044215,0.012871291,0.0068624853
200,64,163922,V,V,V,S,0.56495446,False,0.0086942455,0.56495446,0.3702668,0.045150753,0.010933646
200,64,164411,V,V,V,V,0.8888358,True,0.0041984785,0.0816054,0.8888358,0.017863937,0.007496502
200,64,164916,V,V,V,V,0.9203223,True,0.0042732973,0.05734933,0.9203223,0.011587789,0.0064672963
200,64,165435,V,V,V,V,0.94102126,True,0.003768785,0.040149145,0.94102126,0.009200307,0.005860521
200,64,165936,V,V,V,V,0.94521636,True,0.0038747415,0.036279425,0.94521636,0.00860972,0.0060197082
200,64,167745,V,V,V,V,0.8983516,True,0.0035591808,0.05610691,0.8983516,0.034156717,0.007825476
200,64,168223,V,V,V,V,0.94239897,True,0.00337118,0.036324278,0.94239897,0.011293591,0.0066118753
200,64,168687,V,V,V,V,0.9336768,True,0.0037663556,0.043339543,0.9336768,0.012942855,0.006274426
200,64,169197,V,V,V,V,0.946596,True,0.0037077363,0.034772843,0.946596,0.008727526,0.0061959038
200,64,169386,V,V,V,V,0.5178441,True,0.01991212,0.42952025,0.5178441,0.019924339,0.012799217
200,64,169910,V,V,V,S,0.5896936,False,0.008119,0.5896936,0.28924268,0.10078111,0.0121636195
200,64,172523,V,V,V,V,0.79966366,True,0.006136978,0.15962753,0.79966366,0.026250215,0.00832162
200,64,173061,V,V,V,V,0.910995,True,0.004133526,0.064729616,0.910995,0.013619103,0.0065227966
200,64,173646,V,V,V,V,0.9409806,True,0.0035565733,0.04026326,0.9409806,0.009351597,0.0058479295
200,64,174227,V,V,V,V,0.95077145,True,0.0037781382,0.030348664,0.95077145,0.008392597,0.0067092064
200,64,174788,V,V,V,V,0.9409059,True,0.0039628805,0.03836675,0.9409059,0.010653135,0.006111324
200,64,175357,V,V,V,V,0.94331735,True,0.0038582413,0.037823617,0.94331735,0.00907751,0.0059232917
200,64,175916,V,V,V,V,0.95334643,True,0.003465833,0.029243093,0.95334643,0.0077495496,0.0061950414
200,64,178259,V,V,V,V,0.94053227,True,0.0036205202,0.03781389,0.94053227,0.011759175,0.0062740995
200,64,178967,V,V,V,V,0.9466636,True,0.0030812891,0.03152303,0.9466636,0.012295085,0.0064368667
200,64,179958,V,V,V,V,0.95450747,True,0.0034409324,0.027175771,0.95450747,0.008209725,0.006666186
200,64,180449,V,V,V,V,0.9498658,True,0.0038272052,0.032321762,0.9498658,0.007983647,0.0060015814
200,64,180969,V,V,V,V,0.94576484,True,0.0037795177,0.03580253,0.94576484,0.00880423,0.0058489824
200,64,181429,V,V,V,V,0.9396703,True,0.00473108,0.04051926,0.9396703,0.00869591,0.0063834777
200,64,181927,V,V,V,V,0.9530255,True,0.0036395888,0.029503522,0.9530255,0.0075412774,0.006290145
200,64,182480,V,V,V,V,0.94819725,True,0.0041178577,0.0333058,0.94819725,0.0080746515,0.006304433
200,64,183208,V,V,V,V,0.9323001,True,0.0039808643,0.044597995,0.9323001,0.01304322,0.0060777427
200,64,183703,V,V,V,V,0.9477201,True,0.0038381289,0.03329173,0.9477201,0.008829579,0.0063204085
200,64,184208,V,V,V,V,0.94980687,True,0.003785231,0.031999867,0.94980687,0.008216151,0.006191853
200,64,184730,V,V,V,V,0.953089,True,0.003600259,0.029475888,0.953089,0.007712761,0.006122031
200,64,185236,V,V,V,V,0.94431067,True,0.0047925757,0.035098795,0.94431067,0.008916485,0.006881448
200,64,186983,A,S,S,V,0.5109037,False,0.01884829,0.4276384,0.5109037,0.022804786,0.019804843
200,64,187438,V,V,V,V,0.91235095,True,0.0042317775,0.056810383,0.91235095,0.018939776,0.007667119
200,64,188018,V,V,V,V,0.942502,True,0.0037502905,0.036823526,0.942502,0.010287303,0.0066367923
200,64,188553,V,V,V,V,0.94512916,True,0.004084685,0.03653821,0.94512916,0.008306886,0.005941056
200,64,202649,V,V,V,V,0.91562927,True,0.014903403,0.042165034,0.91562927,0.0092775645,0.018024707
200,64,203152,V,V,V,V,0.95367736,True,0.004831402,0.027663175,0.95367736,0.0066276747,0.00720045
200,64,203662,V,V,V,V,0.9486358,True,0.0040743123,0.031834513,0.9486358,0.009096448,0.006358919
200,64,204189,V,V,V,V,0.9520831,True,0.0036821507,0.030040905,0.9520831,0.0079773525,0.006216415
200,64,204740,V,V,V,V,0.946893,True,0.003967908,0.03470257,0.946893,0.008254081,0.006182433
200,64,205185,V,V,V,V,0.9459211,True,0.003738148,0.03577699,0.9459211,0.008548012,0.0060157888
200,64,205688,V,V,V,V,0.95287454,True,0.003652074,0.029402947,0.95287454,0.0077565024,0.0063139773
200,64,206225,V,V,V,V,0.94559205,True,0.0042509763,0.035248622,0.94559205,0.008604792,0.0063035977
200,64,206697,V,V,V,V,0.9533318,True,0.0036917108,0.029014496,0.9533318,0.00766859,0.006293337
200,64,207163,V,V,V,V,0.94888175,True,0.0037892011,0.032972082,0.94888175,0.008264214,0.0060927025
200,64,207653,V,V,V,V,0.9485933,True,0.0035321317,0.03347638,0.9485933,0.00835069,0.0060474607
200,64,207887,V,V,V,V,0.9532169,True,0.0033598188,0.025067976,0.9532169,0.010938184,0.0074171606
200,64,208413,V,V,V,V,0.9541321,True,0.003621948,0.025738874,0.9541321,0.009010821,0.007496242
200,64,208920,V,V,V,V,0.94781506,True,0.003966375,0.033437636,0.94781506,0.0084924,0.0062885163
200,64,209389,V,V,V,V,0.95006603,True,0.0038071503,0.03233923,0.95006603,0.0077909045,0.0059967614
200,64,209841,V,V,V,V,0.94325614,True,0.0041961493,0.037705693,0.94325614,0.008696642,0.0061454633
200,64,210370,V,V,V,V,0.95526534,True,0.00347267,0.02769415,0.95526534,0.0072710738,0.006296678
200,64,210889,V,V,V,V,0.9465734,True,0.004308761,0.0336824,0.9465734,0.008815216,0.00662022
200,64,211360,V,V,V,V,0.9467394,True,0.003745155,0.035134833,0.9467394,0.0084632635,0.0059173694
200,64,211855,V,V,V,V,0.9431712,True,0.0044599567,0.03772521,0.9431712,0.008430257,0.0062133255
200,64,212400,V,V,V,V,0.95073557,True,0.003920702,0.030314118,0.95073557,0.008454001,0.006575618
200,64,212870,V,V,V,V,0.9439023,True,0.004036233,0.03721274,0.9439023,0.008988544,0.0058601433
200,64,213389,V,V,V,V,0.9429419,True,0.0046663852,0.036994107,0.9429419,0.008734853,0.006662862
200,64,213905,V,V,V,V,0.9392236,True,0.004629812,0.03956127,0.9392236,0.010150915,0.0064343773
200,64,214403,V,V,V,V,0.9520454,True,0.0038139254,0.030484814,0.9520454,0.0076087434,0.00604712
200,64,215025,V,V,V,V,0.9538972,True,0.004026083,0.028006159,0.9538972,0.0076947045,0.006375795
200,64,215513,V,V,V,V,0.9452988,True,0.003985696,0.036400452,0.9452988,0.008187376,0.006127712
200,64,215979,V,V,V,V,0.947791,True,0.0041493853,0.033324875,0.947791,0.008374262,0.0063605676
200,64,216565,V,V,V,V,0.9601484,True,0.0037998385,0.022150105,0.9601484,0.007159308,0.006742396
200,64,216810,V,V,V,V,0.95628375,True,0.0038220407,0.021695834,0.95628375,0.008780652,0.009417695
200,64,217288,V,V,V,S,0.50195634,False,0.031614605,0.50195634,0.42132962,0.027103191,0.017996227
200,64,217465,V,V,V,V,0.7640367,True,0.007359654,0.17666212,0.7640367,0.04377156,0.008169981
200,64,218093,V,V,V,V,0.908796,True,0.0037026273,0.0613557,0.908796,0.019785052,0.0063607213
200,64,218881,F,F,F,V,0.41252765,False,0.0052639972,0.29256856,0.41252765,0.26832223,0.021317584
200,64,219376,V,V,V,V,0.9079115,True,0.0037524637,0.057544265,0.9079115,0.022288227,0.008503642
200,64,219865,V,V,V,V,0.86826056,True,0.0054577817,0.0977803,0.86826056,0.02148786,0.00701349
200,64,220311,V,V,V,V,0.90377283,True,0.0051520006,0.07291627,0.90377283,0.012099977,0.0060589267
200,64,220847,V,V,V,V,0.93678206,True,0.0040024556,0.042612623,0.93678206,0.010417905,0.0061850143
200,64,221367,V,V,V,V,0.94911253,True,0.0035666113,0.03279629,0.94911253,0.008368415,0.0061560962
200,64,221859,V,V,V,V,0.94654804,True,0.004435296,0.035320718,0.94654804,0.0075131645,0.0061828163
200,64,225894,A,S,S,V,0.86964816,False,0.006058623,0.07993807,0.86964816,0.030978331,0.013376865
200,64,226356,V,V,V,V,0.94974744,True,0.003020285,0.02800084,0.94974744,0.01091146,0.00831997
200,64,226859,V,V,V,V,0.9459191,True,0.003810718,0.034221236,0.9459191,0.009575649,0.006473329
200,64,227018,V,V,V,V,0.950108,True,0.0031056742,0.03152033,0.950108,0.00957022,0.00569576
200,64,227195,V,V,V,V,0.742956,True,0.0058766482,0.18452401,0.742956,0.055439748,0.011203625
200,64,227842,V,V,V,V,0.93368065,True,0.0037157708,0.043768868,0.93368065,0.011923021,0.006911695
200,64,228427,V,V,V,S,0.46476725,False,0.008130985,0.46476725,0.43684384,0.0791988,0.011059136
200,64,230906,V,V,V,V,0.92011917,True,0.0031959978,0.051974304,0.92011917,0.017478352,0.007232119
200,64,231363,V,V,V,V,0.9391484,True,0.003373166,0.040290046,0.9391484,0.010908285,0.006280182
200,64,231889,V,V,V,V,0.95748997,True,0.002959675,0.025353191,0.95748997,0.00813217,0.0060650473
200,64,232377,V,V,V,V,0.9499468,True,0.0043728002,0.029617956,0.9499468,0.008868045,0.007194384
200,64,233316,V,V,V,V,0.9501448,True,0.004555913,0.030376822,0.9501448,0.008158446,0.006763986
200,64,233752,V,V,V,V,0.9453345,True,0.004407344,0.03631495,0.9453345,0.00791919,0.0060241134
200,64,234243,V,V,V,V,0.95597434,True,0.0037580288,0.026242841,0.95597434,0.0073283776,0.0066963355
200,64,234431,V,V,V,V,0.644358,True,0.020341836,0.3030366,0.644358,0.018624432,0.013639117
200,64,234980,V,V,V,V,0.9253534,True,0.0049787657,0.052988656,0.9253534,0.010145225,0.0065338938
200,64,235911,V,V,V,V,0.9437993,True,0.003940995,0.03642729,0.9437993,0.00943111,0.0064013517
200,64,236384,V,V,V,V,0.9522062,True,0.0038257272,0.03001658,0.9522062,0.0076427795,0.0063087963
200,64,237321,V,V,V,V,0.95405763,True,0.003659417,0.02802034,0.95405763,0.007698994,0.0065636043
200,64,237777,V,V,V,V,0.9504778,True,0.003787692,0.031284563,0.9504778,0.008130398,0.00631959
200,64,238731,V,V,V,V,0.9537437,True,0.0037180402,0.028800413,0.9537437,0.0074080504,0.0063297013
200,64,238899,V,V,V,V,0.6316834,True,0.022501895,0.31344235,0.6316834,0.018108124,0.014264198
200,64,239854,V,V,V,V,0.92566156,True,0.004935736,0.052106116,0.92566156,0.010572475,0.006724127
200,64,240320,V,V,V,V,0.9444272,True,0.0040847138,0.035752285,0.9444272,0.009176467,0.0065594288
200,64,241267,V,V,V,V,0.94871336,True,0.0037863543,0.03327434,0.94871336,0.008169891,0.0060560815
200,64,242167,V,V,V,V,0.9507941,True,0.0035845772,0.03190034,0.9507941,0.0077893906,0.005931651
200,64,243128,V,V,V,V,0.95025253,True,0.0036977117,0.031908825,0.95025253,0.008005443,0.0061355457
200,64,243583,V,V,V,V,0.9402883,True,0.004835174,0.040543687,0.9402883,0.00818311,0.0061498056
200,64,244486,V,V,V,V,0.9544452,True,0.0040363404,0.027752994,0.9544452,0.0072960863,0.006469472
200,64,244984,V,V,V,V,0.9495512,True,0.0040343646,0.032276336,0.9495512,0.00791721,0.0062208683
200,64,245897,V,V,V,V,0.9470872,True,0.0041345474,0.03407708,0.9470872,0.008515692,0.0061853975
200,64,246320,V,V,V,V,0.94713736,True,0.003852056,0.034065675,0.94713736,0.008847579,0.006097344
200,64,247300,V,V,V,V,0.95472705,True,0.0037529252,0.027352057,0.95472705,0.007576698,0.006591239
200,64,247780,V,V,V,V,0.94722974,True,0.0043460513,0.034513008,0.94722974,0.0077892696,0.0061220326
200,64,248652,V,V,V,V,0.9458467,True,0.004495688,0.035532,0.9458467,0.007849536,0.0062760906
200,64,249106,V,V,V,V,0.9484448,True,0.0040155943,0.03378356,0.9484448,0.007766499,0.005989552
200,64,251426,V,V,V,V,0.9500893,True,0.0038144414,0.032272793,0.9500893,0.0077985064,0.006025009
200,64,251885,V,V,V,V,0.94578105,True,0.0040810597,0.03660191,0.94578105,0.0077636465,0.0057722894
200,64,254873,A,S,S,S,0.6038562,True,0.010499529,0.6038562,0.3295944,0.04440835,0.011641486
200,64,255358,V,V,V,V,0.89495707,True,0.004919394,0.07383718,0.89495707,0.018024076,0.008262279
200,64,255834,V,V,V,V,0.9307696,True,0.004383596,0.04793904,0.9307696,0.010404301,0.006503507
200,64,256297,V,V,V,V,0.9325994,True,0.004171538,0.047036674,0.9325994,0.010376366,0.0058159945
200,64,257239,V,V,V,V,0.9403823,True,0.0037865199,0.041252155,0.9403823,0.008773049,0.005806033
200,64,257684,V,V,V,V,0.9484956,True,0.0038323235,0.03333737,0.9484956,0.008193674,0.006141084
200,64,258204,V,V,V,V,0.93381804,True,0.0039560255,0.0456528,0.93381804,0.010733419,0.005839689
200,64,259119,V,V,V,V,0.9401577,True,0.003970478,0.04130819,0.9401577,0.00880341,0.005760229
200,64,259588,V,V,V,V,0.9494404,True,0.0037237806,0.032831468,0.9494404,0.007945224,0.006059093
200,64,260626,A,S,S,V,0.62653416,False,0.009270123,0.30975667,0.62653416,0.03779635,0.016642654
200,64,261069,V,V,V,V,0.9284795,True,0.004092994,0.04903372,0.9284795,0.011000511,0.0073932833
200,64,261539,V,V,V,V,0.9378892,True,0.003995894,0.042749338,0.9378892,0.00929495,0.006070602
200,64,263041,V,V,V,V,0.9456576,True,0.0038547923,0.036469635,0.9456576,0.008024639,0.005993352
200,64,263473,V,V,V,V,0.9402397,True,0.004478915,0.040658448,0.9402397,0.008473188,0.0061497577
200,64,266893,V,V,V,V,0.9376633,True,0.003023417,0.036899738,0.9376633,0.016337385,0.0060761184
200,64,267417,V,V,V,V,0.9485524,True,0.0035118621,0.032385543,0.9485524,0.009115878,0.006434231
200,64,267910,V,V,V,V,0.94843864,True,0.0038571276,0.033317886,0.94843864,0.008271856,0.006114377
200,64,268397,A,S,S,S,0.6287353,True,0.012361785,0.6287353,0.29904318,0.037259877,0.022599807
200,64,268917,V,V,V,V,0.8687998,True,0.005637965,0.097994074,0.8687998,0.017399281,0.010168813
200,64,269418,V,V,V,V,0.91054964,True,0.0052418727,0.06580344,0.91054964,0.011394979,0.007010151
200,64,269887,V,V,V,V,0.936285,True,0.0038380648,0.043004178,0.936285,0.010773604,0.006099135
200,64,270391,V,V,V,V,0.942884,True,0.0037012675,0.038897187,0.942884,0.008601315,0.005916188
200,64,277094,A,S,S,V,0.5809759,False,0.0069768517,0.32921895,0.5809759,0.06914914,0.0136791365
200,64,280680,V,V,V,V,0.78242445,True,0.0034320627,0.11582154,0.78242445,0.08705881,0.011263135
200,64,281196,V,V,V,V,0.92412734,True,0.003094165,0.048142444,0.92412734,0.017225074,0.007410828
200,64,281717,V,V,V,V,0.94855976,True,0.0039289193,0.03168747,0.94855976,0.008938666,0.0068853092
200,64,283165,A,S,S,V,0.4564289,False,0.008884931,0.40302676,0.4564289,0.11699328,0.0146661885
200,64,283687,V,V,V,V,0.9189888,True,0.004071281,0.051414795,0.9189888,0.018098641,0.007426401
200,64,284159,V,V,V,V,0.93766,True,0.0037491394,0.041787457,0.93766,0.010558257,0.006245155
200,64,284620,V,V,V,V,0.9431973,True,0.0041672564,0.03756611,0.9431973,0.008848595,0.0062207724
200,64,285084,V,V,V,V,0.94308263,True,0.0044763326,0.038289808,0.94308263,0.008088502,0.006062704
200,64,285574,V,V,V,V,0.9419325,True,0.004359551,0.039153855,0.9419325,0.008539861,0.006014169
200,64,286638,V,V,V,V,0.95141876,True,0.00400875,0.030710854,0.95141876,0.007600473,0.0062611788
200,64,287095,V,V,V,V,0.93892705,True,0.005357031,0.040330503,0.93892705,0.008421401,0.006963938
200,64,287541,V,V,V,V,0.94749,True,0.003925954,0.03475415,0.94749,0.0079559805,0.0058739353
200,64,288045,V,V,V,V,0.9516172,True,0.0040133833,0.030535651,0.9516172,0.007642157,0.00619175
200,64,289043,V,V,V,V,0.9523906,True,0.0036078203,0.03068679,0.9523906,0.007542261,0.005772504
200,64,289512,V,V,V,V,0.951985,True,0.0036243782,0.030614177,0.951985,0.0076403623,0.0061360574
200,64,289669,V,V,V,V,0.61682844,True,0.041188605,0.30229723,0.61682844,0.018571597,0.021114167
200,64,290260,V,V,V,V,0.8696036,True,0.0098965475,0.0991452,0.8696036,0.011990535,0.00936424
200,64,292173,V,V,V,V,0.9351663,True,0.0052882237,0.0434612,0.9351663,0.009346946,0.0067373076
200,64,292676,V,V,V,V,0.9512728,True,0.0041189953,0.030467447,0.9512728,0.007896962,0.006243712
200,64,293143,V,V,V,V,0.9337895,True,0.005637863,0.045701325,0.9337895,0.008336588,0.0065347482
200,64,294034,V,V,V,V,0.9541683,True,0.003959761,0.027384276,0.9541683,0.008148585,0.006339084
200,64,294523,V,V,V,V,0.9509896,True,0.004081643,0.03140162,0.9509896,0.007439408,0.0060878396
200,64,297339,V,V,V,V,0.94833875,True,0.004099772,0.033025037,0.94833875,0.008313146,0.006223205
200,64,297790,V,V,V,V,0.9392921,True,0.0037831094,0.040532976,0.9392921,0.010447716,0.00594421
200,64,298701,V,V,V,V,0.95090264,True,0.00394156,0.030624738,0.95090264,0.008000563,0.006530408
200,64,298979,V,V,V,V,0.9451897,True,0.0030998152,0.03476301,0.9451897,0.011055989,0.0058914516
200,64,301415,V,V,V,V,0.95214164,True,0.004067518,0.028209006,0.95214164,0.008536635,0.0070451596
200,64,302312,V,V,V,V,0.9500161,True,0.0036245494,0.031972036,0.9500161,0.008390085,0.0059972415
200,64,303186,V,V,V,V,0.9492617,True,0.0038255118,0.032046627,0.9492617,0.008580339,0.00628581
200,64,304069,V,V,V,V,0.94462454,True,0.003931117,0.0365963,0.94462454,0.008673418,0.006174614
200,64,304924,V,V,V,V,0.94172686,True,0.0040184194,0.039118867,0.94172686,0.0091927415,0.0059431675
200,64,305806,V,V,V,V,0.93813604,True,0.0042099664,0.042982735,0.93813604,0.008800743,0.0058705816
200,64,315628,V,V,V,V,0.9411209,True,0.0038153036,0.040145434,0.9411209,0.009192067,0.005726231
200,64,322680,V,V,V,V,0.94812703,True,0.004226277,0.0326239,0.94812703,0.008355067,0.006667688
200,64,323987,V,V,V,V,0.94202083,True,0.004273176,0.039684754,0.94202083,0.008130184,0.0058910167
200,64,329400,V,V,V,V,0.9512852,True,0.0038025575,0.03139595,0.9512852,0.007493845,0.006022484
200,64,330754,V,V,V,V,0.9513556,True,0.003839345,0.030574014,0.9513556,0.007989849,0.0062412187
200,64,331726,V,V,V,V,0.9543873,True,0.004044733,0.027046954,0.9543873,0.0076871878,0.0068338597
200,64,332601,V,V,V,V,0.94687593,True,0.004123256,0.03509651,0.94687593,0.007834217,0.0060700784
200,64,334457,V,V,V,V,0.94734603,True,0.00403972,0.034866188,0.94734603,0.0078071603,0.005940904
200,64,337263,V,V,V,V,0.9487001,True,0.0041860864,0.033032898,0.9487001,0.007876251,0.0062047862
200,64,337753,V,V,V,V,0.95385194,True,0.0040584193,0.027772596,0.95385194,0.0077011557,0.0066159945
200,64,338281,V,V,V,V,0.9501558,True,0.0045365416,0.031431254,0.9501558,0.007490629,0.006385745
200,64,340435,V,V,V,V,0.9368395,True,0.004583075,0.0437231,0.9368395,0.008920427,0.0059339157
200,64,340610,V,V,V,V,0.94694555,True,0.0031122505,0.030484747,0.94694555,0.013481669,0.0059757717
200,64,340959,V,V,V,V,0.95550865,True,0.0032908586,0.020924922,0.95550865,0.012728019,0.007547562
200,64,341142,V,V,V,V,0.9450065,True,0.0047536152,0.033183288,0.9450065,0.009673917,0.007382698
200,64,342308,V,V,V,V,0.9383739,True,0.003723978,0.030457132,0.9383739,0.018667746,0.008777147
200,64,342834,V,V,V,V,0.9463435,True,0.004322119,0.033655934,0.9463435,0.009062627,0.006615898
200,64,345189,V,V,V,V,0.9405999,True,0.0043156077,0.040491164,0.9405999,0.008587286,0.0060059787
200,64,345642,V,V,V,V,0.94784766,True,0.0039891168,0.03439478,0.94784766,0.0078016724,0.005966748
200,64,346118,V,V,V,V,0.9426974,True,0.004509927,0.03826443,0.9426974,0.008235694,0.0062925774
200,64,346609,V,V,V,V,0.95239615,True,0.0039585633,0.029819654,0.95239615,0.00746302,0.006362573
200,64,347121,V,V,V,V,0.9453525,True,0.0046014027,0.035327457,0.9453525,0.008279519,0.0064389925
200,64,347591,A,S,S,S,0.6763573,True,0.014262968,0.6763573,0.27206182,0.026964655,0.010353216
200,64,348038,V,V,V,V,0.7998358,True,0.009245293,0.16165765,0.7998358,0.020047974,0.009213352
200,64,348534,V,V,V,V,0.90929514,True,0.004407047,0.06437636,0.90929514,0.01503291,0.0068885167
200,64,349032,V,V,V,V,0.93275905,True,0.00401026,0.04698702,0.93275905,0.010139168,0.0061044986
200,64,349495,V,V,V,V,0.94765264,True,0.0041326624,0.034048423,0.94765264,0.007852742,0.006313567
200,64,349970,V,V,V,V,0.94512326,True,0.0046231323,0.0363627,0.94512326,0.0077350093,0.0061559486
200,64,350459,A,S,S,S,0.65622544,True,0.012126577,0.65622544,0.27399874,0.042734616,0.014914569
200,64,350933,V,V,V,V,0.8494598,True,0.0058848076,0.11323052,0.8494598,0.021964181,0.009460594
200,64,351406,V,V,V,V,0.89504606,True,0.0050959196,0.078799196,0.89504606,0.014368727,0.0066902144
200,64,351884,V,V,V,V,0.93592584,True,0.00465972,0.04409745,0.93592584,0.008934415,0.0063825445
200,64,352331,V,V,V,V,0.9380982,True,0.004794438,0.042490102,0.9380982,0.008535687,0.006081662
200,64,352624,V,V,V,V,0.89963377,True,0.0036803302,0.064955436,0.89963377,0.024688412,0.0070420727
200,64,354285,V,V,V,V,0.92568034,True,0.003197917,0.036849577,0.92568034,0.024692558,0.009579672
200,64,354801,V,V,V,V,0.93669224,True,0.0035979373,0.037495714,0.93669224,0.014524848,0.00768927
200,64,355295,V,V,V,V,0.931067,True,0.0040646237,0.04688868,0.931067,0.011682368,0.006297361
200,64,355800,V,V,V,V,0.94742835,True,0.003696176,0.03449234,0.94742835,0.008380932,0.006002262
200,64,356550,V,V,V,V,0.9245866,True,0.004057104,0.049289126,0.9245866,0.015615864,0.0064512356
200,64,357052,V,V,V,V,0.94198453,True,0.0035583004,0.039582968,0.94198453,0.00885938,0.006014794
200,64,357572,V,V,V,V,0.947743,True,0.0037712452,0.033944383,0.947743,0.008285634,0.0062557505
200,64,358124,V,V,V,V,0.94502735,True,0.004414827,0.035955865,0.94502735,0.008218154,0.0063837995
200,64,358600,V,V,V,V,0.94453275,True,0.0045343274,0.036901686,0.94453275,0.007826756,0.0062044295
200,64,360605,V,V,V,V,0.94837904,True,0.00392145,0.033808704,0.94837904,0.007965287,0.0059255096
200,64,361074,V,V,V,V,0.95075196,True,0.003967712,0.03131969,0.95075196,0.0077556344,0.006205105
200,64,361226,V,V,V,V,0.9516529,True,0.003324661,0.02983248,0.9516529,0.009280962,0.0059089665
200,64,361822,V,V,V,V,0.93907094,True,0.0035105008,0.037941515,0.93907094,0.012965563,0.006511401
200,64,362339,V,V,V,V,0.93746823,True,0.0042040036,0.042070113,0.93746823,0.009948301,0.0063093924
200,64,362761,V,V,V,V,0.9382598,True,0.004564034,0.04215812,0.9382598,0.009049672,0.0059684194
200,64,363232,V,V,V,V,0.9391949,True,0.004609098,0.041406196,0.9391949,0.008624493,0.0061653056
200,64,363738,V,V,V,V,0.9508608,True,0.0039564995,0.031419247,0.9508608,0.007645221,0.006118244
200,64,364258,V,V,V,V,0.94552433,True,0.0044002887,0.035606172,0.94552433,0.008308085,0.006161055
200,64,364704,V,V,V,V,0.9443534,True,0.0043136883,0.037128717,0.9443534,0.008316859,0.005887331
200,64,365204,V,V,V,V,0.9455182,True,0.00449144,0.035971653,0.9455182,0.007842681,0.006176116
200,64,365686,V,V,V,V,0.94335246,True,0.004592112,0.037253458,0.94335246,0.008561373,0.0062405444
200,64,366195,V,V,V,V,0.95115715,True,0.0038976525,0.031045113,0.95115715,0.0077655134,0.0061345934
200,64,366666,V,V,V,V,0.9451925,True,0.0046774694,0.035731215,0.9451925,0.008008723,0.00639006
200,64,367142,V,V,V,V,0.94524306,True,0.0040293247,0.036661204,0.94524306,0.00821185,0.0058545927
200,64,367578,V,V,V,V,0.9432714,True,0.0044458658,0.037297286,0.9432714,0.008705974,0.00627942
200,64,368134,V,V,V,V,0.9513628,True,0.003930677,0.031021036,0.9513628,0.007689994,0.0059955334
200,64,368639,V,V,V,V,0.94070756,True,0.0047554015,0.040280342,0.94070756,0.008194913,0.006061816
200,64,369103,V,V,V,V,0.94521403,True,0.004669032,0.03599361,0.94521403,0.007957864,0.0061654383
200,64,369557,V,V,V,V,0.94376063,True,0.0044167535,0.03769664,0.94376063,0.00817938,0.005946547
200,64,370081,V,V,V,V,0.95087576,True,0.0038020792,0.03169787,0.95087576,0.0077318586,0.0058924383
200,64,370586,V,V,V,V,0.9420955,True,0.0043466063,0.038806647,0.9420955,0.008712901,0.0060383533
200,64,371102,V,V,V,V,0.95133513,True,0.0037444131,0.031329483,0.95133513,0.0075907395,0.0060002096
200,64,371587,V,V,V,V,0.9379718,True,0.0049070846,0.0424196,0.9379718,0.008500636,0.0062009417
200,64,372074,V,V,V,V,0.95274097,True,0.0037522272,0.03004367,0.95274097,0.0074415817,0.0060215853
200,64,372612,V,V,V,V,0.94638926,True,0.004378165,0.03470127,0.94638926,0.008230814,0.0063005127
200,64,373132,V,V,V,V,0.94377446,True,0.0041438346,0.037532642,0.94377446,0.00849792,0.006051033
200,64,373273,V,V,V,V,0.95563644,True,0.0030117128,0.025192821,0.95563644,0.009904977,0.0062541375
200,64,373898,V,V,V,V,0.86322516,True,0.008064457,0.104091816,0.86322516,0.014098087,0.010520422
200,64,374584,V,V,V,V,0.8124148,True,0.006069035,0.14607003,0.8124148,0.026842557,0.00860357
200,64,375883,A,S,S,S,0.7415002,True,0.0093336515,0.7415002,0.20285101,0.03684708,0.009468049
200,64,379898,V,V,V,V,0.7876604,True,0.0069223447,0.17061535,0.7876604,0.02564406,0.009157792
200,64,380487,V,V,V,V,0.90328807,True,0.004395696,0.07090628,0.90328807,0.014379818,0.007030079
200,64,381119,V,V,V,V,0.9380681,True,0.0038511436,0.042351466,0.9380681,0.009614761,0.0061145774
200,64,381717,V,V,V,V,0.8203289,True,0.007295498,0.14696328,0.8203289,0.015455786,0.009956579
200,64,382304,V,V,V,V,0.9306381,True,0.0041060224,0.049230255,0.9306381,0.009808414,0.0062172306
200,64,382803,V,V,V,V,0.93879884,True,0.004340353,0.041606773,0.93879884,0.009084691,0.0061693117
200,64,383451,V,V,V,V,0.953723,True,0.0038253858,0.027477846,0.953723,0.0084390715,0.0065346565
200,64,383952,V,V,V,V,0.9443963,True,0.004225771,0.036762152,0.9443963,0.008525464,0.0060901754
200,64,384439,V,V,V,V,0.9491564,True,0.0037733486,0.033101227,0.9491564,0.007990308,0.0059787687
200,64,384946,V,V,V,V,0.9492917,True,0.0038273754,0.032033276,0.9492917,0.008539547,0.0063080695
200,64,385515,V,V,V,V,0.9495839,True,0.0039237705,0.031887334,0.9495839,0.008213422,0.006391601
200,64,385684,V,V,V,V,0.65462494,True,0.0284957,0.28307036,0.65462494,0.01782581,0.01598316
200,64,385887,F,F,F,S,0.5389398,False,0.02856503,0.5389398,0.38227296,0.034656182,0.015566069
200,64,386288,V,V,V,V,0.8943086,True,0.006681834,0.0763291,0.8943086,0.014215868,0.0084645515
200,64,386805,V,V,V,V,0.9242793,True,0.005185535,0.053016752,0.9242793,0.010641164,0.0068773776
200,64,387307,V,V,V,V,0.94479555,True,0.003968884,0.036621492,0.94479555,0.008594088,0.0060200305
200,64,387844,V,V,V,V,0.9514399,True,0.0037527445,0.030883148,0.9514399,0.00775465,0.0061695357
200,64,388365,V,V,V,V,0.9454411,True,0.0040682117,0.035591684,0.9454411,0.008635506,0.006263542
200,64,388834,V,V,V,V,0.9427297,True,0.0042274273,0.037915617,0.9427297,0.008977395,0.0061497763
200,64,389384,V,V,V,V,0.9550682,True,0.0035345224,0.02745089,0.9550682,0.007515159,0.006431168
200,64,389941,V,V,V,V,0.9467944,True,0.0044809184,0.033691563,0.9467944,0.008480824,0.006552276
200,64,390455,V,V,V,V,0.9521516,True,0.0037161955,0.030147122,0.9521516,0.0077756415,0.0062094205
200,64,390947,V,V,V,V,0.9471251,True,0.0040998883,0.03322354,0.9471251,0.009083875,0.0064677414
200,64,391483,V,V,V,V,0.9509203,True,0.0037329346,0.031065265,0.9509203,0.008147688,0.0061338027
200,64,392027,V,V,V,V,0.9505229,True,0.0038758847,0.031198012,0.9505229,0.008073182,0.006330039
200,64,392599,V,V,V,V,0.9457062,True,0.0038740037,0.03524652,0.9457062,0.0089989565,0.006174284
200,64,393102,V,V,V,V,0.94769794,True,0.003940847,0.033931043,0.94769794,0.00835233,0.0060778805
200,64,393656,V,V,V,V,0.9546537,True,0.0036822362,0.027866341,0.9546537,0.007616899,0.0061808154
200,64,394234,V,V,V,V,0.95227516,True,0.0041037872,0.029144041,0.95227516,0.007859054,0.006617826
200,64,394763,V,V,V,V,0.9457079,True,0.0044894502,0.034873877,0.9457079,0.008577063,0.0063517406
200,64,394913,V,V,V,V,0.6491705,True,0.03443148,0.28142768,0.6491705,0.017819067,0.017151222
200,64,395557,V,V,V,V,0.9290358,True,0.0055513205,0.048660703,0.9290358,0.010184441,0.0065677506
200,64,396126,V,V,V,V,0.94530714,True,0.0040780036,0.03575538,0.94530714,0.008680816,0.0061787637
200,64,396325,V,V,V,V,0.9483561,True,0.0032882665,0.030967416,0.9483561,0.011391164,0.005996948
200,64,396468,V,V,V,V,0.8952296,True,0.018564602,0.04285431,0.8952296,0.009419197,0.03393239
200,64,396585,V,V,V,V,0.9405446,True,0.011564394,0.028289193,0.9405446,0.006596921,0.013004827
200,64,397091,V,V,V,V,0.9499452,True,0.005793564,0.028166367,0.9499452,0.008170329,0.007924602
200,64,397718,V,V,V,V,0.9441386,True,0.004821967,0.036002956,0.9441386,0.008297903,0.0067386245
200,64,398314,V,V,V,V,0.88788784,True,0.005203813,0.08384371,0.88788784,0.015342548,0.0077221477
200,64,398647,V,V,V,V,0.94064647,True,0.004138047,0.03988234,0.94064647,0.009157263,0.006175918
200,64,399221,V,V,V,V,0.94898707,True,0.0036782764,0.033230364,0.94898707,0.008173465,0.0059307986
200,64,399754,V,V,V,V,0.94778305,True,0.0041752416,0.033732068,0.94778305,0.008081214,0.00622834
200,64,400371,V,V,V,V,0.95216995,True,0.004216292,0.029541017,0.95216995,0.0075865695,0.0064860457
200,64,400987,V,V,V,V,0.9488725,True,0.0040598856,0.03310618,0.9488725,0.007893279,0.0060681747
200,64,401553,V,V,V,V,0.9512059,True,0.004286701,0.029788923,0.9512059,0.007987647,0.006730845
200,64,402030,V,V,V,V,0.9479115,True,0.0040909625,0.033224776,0.9479115,0.00852412,0.0062486636
200,64,402556,V,V,V,V,0.953586,True,0.0040908298,0.028016051,0.953586,0.007655635,0.0066515054
200,64,402724,V,V,V,V,0.934713,True,0.0047549037,0.044782925,0.934713,0.009415832,0.0063333088
200,64,403357,V,V,V,V,0.94800127,True,0.0038877644,0.033837743,0.94800127,0.008366001,0.005907263
200,64,403844,V,V,V,V,0.94190055,True,0.0046638707,0.03832185,0.94190055,0.008725764,0.0063879616
200,64,404331,V,V,V,V,0.9522609,True,0.0037698941,0.030183798,0.9522609,0.0073174927,0.0064679766
200,64,404899,V,V,V,V,0.95644164,True,0.0037185384,0.025873866,0.95644164,0.0074918796,0.0064741448
200,64,405648,V,V,V,V,0.9295573,True,0.0038295395,0.039125353,0.9295573,0.019834384,0.007653319
200,64,406130,V,V,V,V,0.9486464,True,0.003469104,0.03233138,0.9486464,0.009168681,0.006384512
200,64,406620,V,V,V,V,0.95007366,True,0.0041204365,0.030208496,0.95007366,0.008923396,0.0066739935
200,64,407075,V,V,V,V,0.9349227,True,0.0037064056,0.03226279,0.9349227,0.022001183,0.007106872
200,64,407653,V,V,V,V,0.94779164,True,0.0038018744,0.03182199,0.94779164,0.009669364,0.00691503
200,64,408148,V,V,V,V,0.9421531,True,0.0038148628,0.037417423,0.9421531,0.010394705,0.006219957
200,64,408325,V,V,V,V,0.9469861,True,0.0030398534,0.028732974,0.9469861,0.014496501,0.0067445664
200,64,408537,V,V,V,V,0.95095617,True,0.00458445,0.023834754,0.95095617,0.010203267,0.010421456
200,64,409157,V,V,V,V,0.9556325,True,0.003638039,0.025483586,0.9556325,0.008100511,0.0071452577
200,64,409703,V,V,V,V,0.9516068,True,0.003957631,0.029719936,0.9516068,0.008097893,0.0066176257
200,64,410177,V,V,V,V,0.94848776,True,0.003867826,0.03300778,0.94848776,0.008239272,0.0063973484
200,64,410689,V,V,V,V,0.9450983,True,0.004238089,0.03540958,0.9450983,0.008924404,0.006329732
200,64,411227,V,V,V,V,0.9516392,True,0.0037323718,0.030584557,0.9516392,0.007985561,0.006058379
200,64,411739,V,V,V,V,0.93459636,True,0.0046036406,0.043287687,0.93459636,0.010760642,0.00675155
200,64,412237,V,V,V,V,0.94915766,True,0.0035847437,0.032028425,0.94915766,0.009027885,0.0062012994
200,64,412726,V,V,V,V,0.94715834,True,0.0037250149,0.032985773,0.94715834,0.009732947,0.006397954
200,64,413236,V,V,V,V,0.95555323,True,0.0034262992,0.027015118,0.95555323,0.007557141,0.006448191
200,64,413807,V,V,V,V,0.95162493,True,0.0038761748,0.029901829,0.95162493,0.008110552,0.006486517
200,64,413979,V,V,V,V,0.695561,True,0.029747942,0.24051638,0.695561,0.017209552,0.016965162
200,64,414539,V,V,V,V,0.93437004,True,0.0049681193,0.04471851,0.93437004,0.009569613,0.0063737305
200,64,416868,V,V,V,V,0.9371675,True,0.0035193285,0.036408257,0.9371675,0.015865633,0.0070391805
200,64,417346,V,V,V,V,0.9457024,True,0.0037034322,0.03447928,0.9457024,0.0097959,0.006319017
200,64,417497,V,V,V,V,0.6761384,True,0.051899895,0.22851565,0.6761384,0.01936719,0.024078798
200,64,418178,V,V,V,V,0.93548083,True,0.0052892687,0.04201087,0.93548083,0.010386358,0.0068326583
200,64,418782,V,V,V,V,0.9452746,True,0.0044217696,0.034981407,0.9452746,0.008916203,0.0064059943
200,64,419280,V,V,V,V,0.94925755,True,0.0043440205,0.031714134,0.94925755,0.008230964,0.0064533623
200,64,420113,V,V,V,V,0.9438885,True,0.0035418407,0.030809851,0.9438885,0.014384257,0.007375588
200,64,420614,V,V,V,V,0.9530524,True,0.0033192115,0.028994743,0.9530524,0.008365524,0.0062681385
200,64,421085,V,V,V,V,0.94908655,True,0.003849321,0.032224763,0.94908655,0.008446472,0.006392913
200,64,421602,V,V,V,V,0.94789153,True,0.0038302622,0.033723064,0.94789153,0.008486101,0.006069025
200,64,422128,V,V,V,V,0.9441302,True,0.0041565164,0.037078325,0.9441302,0.008564754,0.006070237
200,64,422677,V,V,V,V,0.9470532,True,0.0039216843,0.0346146,0.9470532,0.008364684,0.0060458155
200,64,422877,V,V,V,S,0.4844045,False,0.020610742,0.4844045,0.46085247,0.021312863,0.012819385
200,64,423427,V,V,V,V,0.91346157,True,0.005141079,0.062711455,0.91346157,0.0114027625,0.0072831595
200,64,423946,V,V,V,V,0.928278,True,0.004296098,0.05053967,0.928278,0.010580512,0.0063057346
200,64,424496,V,V,V,V,0.95146775,True,0.0035714083,0.030820528,0.95146775,0.00793789,0.006202417
200,64,425022,V,V,V,V,0.94465744,True,0.0038470959,0.03669822,0.94465744,0.008728087,0.0060691484
200,64,425487,V,V,V,V,0.94839,True,0.0039084726,0.03303958,0.94839,0.008401003,0.0062609767
200,64,426037,V,V,V,V,0.95451283,True,0.0035013591,0.028219145,0.95451283,0.007642338,0.0061243568
200,64,426214,V,V,V,V,0.6414414,True,0.033494275,0.28828144,0.6414414,0.019043108,0.017739754
200,64,426822,V,V,V,V,0.9356339,True,0.004980662,0.043079294,0.9356339,0.0096437475,0.0066623706
200,64,427328,V,V,V,V,0.9415943,True,0.0040628216,0.039272137,0.9415943,0.0089398865,0.0061307997
200,64,427809,V,V,V,V,0.9447991,True,0.004017403,0.036017228,0.9447991,0.009041355,0.0061248792
200,64,428291,V,V,V,V,0.9512945,True,0.003673824,0.03098093,0.9512945,0.007927272,0.0061235544
200,64,428850,V,V,V,V,0.95082384,True,0.0037387833,0.03141697,0.95082384,0.007917617,0.0061028465
200,64,429359,V,V,V,V,0.9421145,True,0.004154784,0.03894,0.9421145,0.008747345,0.0060433713
200,64,429791,V,V,V,V,0.9481536,True,0.003731905,0.033789486,0.9481536,0.0083005205,0.006024526
200,64,430325,V,V,V,V,0.9515749,True,0.0035131564,0.03086171,0.9515749,0.007974147,0.006075993
200,64,430881,V,V,V,V,0.9509781,True,0.0037597169,0.031013595,0.9509781,0.007965297,0.0062833996
200,64,431386,V,V,V,V,0.9486278,True,0.0038182607,0.03314333,0.9486278,0.008223672,0.006186942
200,64,431555,V,V,V,V,0.689927,True,0.018304616,0.2614336,0.689927,0.01793584,0.012399047
200,64,432138,V,V,V,V,0.93859315,True,0.004152035,0.041771837,0.93859315,0.009463661,0.0060193078
200,64,432619,V,V,V,V,0.9413582,True,0.004073431,0.039342333,0.9413582,0.009043565,0.0061823768
200,64,433113,V,V,V,V,0.9503424,True,0.003654502,0.031935714,0.9503424,0.008077894,0.0059895455
200,64,433656,V,V,V,V,0.94917214,True,0.0037680082,0.032906927,0.94917214,0.008097029,0.0060559423
200,64,434142,V,V,V,V,0.94463986,True,0.0037955102,0.037131943,0.94463986,0.008484988,0.0059475726
200,64,434634,V,V,V,V,0.9539488,True,0.003499145,0.028706247,0.9539488,0.0075442977,0.0063015223
200,64,435219,V,V,V,V,0.95148116,True,0.0039137024,0.030108841,0.95148116,0.007974478,0.006521805
200,64,435713,V,V,V,V,0.94869566,True,0.003916995,0.032878537,0.94869566,0.008350249,0.0061585614
200,64,436189,V,V,V,V,0.95000523,True,0.0036535417,0.032124486,0.95000523,0.008053774,0.00616305
200,64,436696,V,V,V,V,0.95099944,True,0.0038236943,0.031325877,0.95099944,0.0076916474,0.0061593414
200,64,437194,V,V,V,V,0.94106495,True,0.0032847254,0.03127265,0.94106495,0.017685538,0.0066920645
200,64,437710,V,V,V,V,0.9541875,True,0.003362318,0.026672069,0.9541875,0.008773674,0.0070043416
200,64,438200,V,V,V,V,0.9516872,True,0.0036953443,0.029949093,0.9516872,0.008297145,0.006371129
200,64,438649,V,V,V,V,0.94581735,True,0.004235616,0.03575307,0.94581735,0.007940501,0.006253471
200,64,439135,V,V,V,V,0.9528283,True,0.0037138623,0.02950998,0.9528283,0.007733805,0.0062139607
200,64,439679,V,V,V,V,0.9531554,True,0.003799601,0.029276112,0.9531554,0.0074987737,0.0062702093
200,64,440179,V,V,V,V,0.9467303,True,0.0037607113,0.035263054,0.9467303,0.008290337,0.0059556407
200,64,440643,V,V,V,V,0.947398,True,0.003760203,0.034553766,0.947398,0.008284712,0.0060033086
200,64,441146,V,V,V,V,0.9525776,True,0.0036086852,0.029824426,0.9525776,0.007824581,0.0061647515
200,64,441678,V,V,V,V,0.94767773,True,0.003918255,0.034115598,0.94767773,0.008148763,0.0061396807
200,64,442199,V,V,V,V,0.9495357,True,0.0037716306,0.032608323,0.9495357,0.008045098,0.0060392404
200,64,442675,V,V,V,V,0.94995373,True,0.0037435964,0.032228764,0.94995373,0.0079802675,0.0060936636
200,64,443183,V,V,V,V,0.94538593,True,0.0040505514,0.035881843,0.94538593,0.00851939,0.0061622653
200,64,443684,V,V,V,V,0.9532104,True,0.003619901,0.029332643,0.9532104,0.007598043,0.0062389597
200,64,444241,V,V,V,V,0.9514591,True,0.003744587,0.030898038,0.9514591,0.0077282726,0.0061699487
200,64,444715,V,V,V,V,0.9453022,True,0.003954916,0.036109295,0.9453022,0.00857598,0.0060575395
200,64,445164,V,V,V,V,0.9499661,True,0.0036205342,0.032236896,0.9499661,0.008109442,0.0060671438
200,64,445692,V,V,V,V,0.9521706,True,0.0036573617,0.029679745,0.9521706,0.008072363,0.006420021
200,64,446215,V,V,V,V,0.94571334,True,0.0040198904,0.036160003,0.94571334,0.008132903,0.0059738234
200,64,446688,V,V,V,V,0.9496916,True,0.003935729,0.032557286,0.9496916,0.0077559073,0.0060594995
200,64,447177,V,V,V,V,0.9507319,True,0.0039859843,0.031250697,0.9507319,0.0078075104,0.0062239715
200,64,447669,V,V,V,V,0.94770974,True,0.0041096085,0.034113027,0.94770974,0.0079969345,0.0060707205
200,64,448165,V,V,V,V,0.94977874,True,0.00428903,0.030953255,0.94977874,0.008935889,0.0060431226
200,64,448666,V,V,V,V,0.950796,True,0.0039430694,0.030964097,0.950796,0.00803458,0.0062622176
200,64,449142,V,V,V,V,0.9478018,True,0.0038718483,0.034300536,0.9478018,0.008003602,0.0060221874
200,64,449589,V,V,V,V,0.9506306,True,0.003977723,0.03137598,0.9506306,0.007639518,0.0063761445
200,64,450140,V,V,V,V,0.95352995,True,0.0038017633,0.029092405,0.95352995,0.007323982,0.0062519587
200,64,450639,V,V,V,V,0.9515624,True,0.0041899257,0.030257478,0.9515624,0.0075939433,0.00639623
200,64,451104,V,V,V,V,0.9389014,True,0.004104104,0.042381093,0.9389014,0.008975411,0.0056378907
200,64,451577,V,V,V,V,0.94422644,True,0.004476488,0.036668353,0.94422644,0.008099594,0.0065290355
200,64,452076,V,V,V,V,0.6761156,True,0.0058567575,0.15315327,0.6761156,0.15124722,0.013627166
200,64,452578,V,V,V,V,0.9268456,True,0.0034566573,0.044461176,0.9268456,0.017691076,0.0075454586
200,64,453097,V,V,V,V,0.935316,True,0.0032016262,0.04343888,0.935316,0.011766859,0.0062765945
200,64,453545,V,V,V,V,0.9386288,True,0.0038412034,0.040644854,0.9386288,0.010413639,0.0064714937
200,64,454032,V,V,V,V,0.94539726,True,0.0039027994,0.035943117,0.94539726,0.008598086,0.006158682
200,64,454510,V,V,V,V,0.94819874,True,0.00373535,0.032647282,0.94819874,0.0093504945,0.006068159
200,64,455064,V,V,V,V,0.944443,True,0.004014562,0.03651252,0.944443,0.008894887,0.006135043
200,64,455547,V,V,V,V,0.9467016,True,0.0040069045,0.035493575,0.9467016,0.007686389,0.0061115483
200,64,456072,V,V,V,V,0.94610065,True,0.004036351,0.035422247,0.94610065,0.008426803,0.006013993
200,64,456605,V,V,V,V,0.9466853,True,0.00423337,0.03444929,0.9466853,0.008290552,0.0063414616
200,64,457129,V,V,V,V,0.94650704,True,0.0041015525,0.035539366,0.94650704,0.007850048,0.0060019
200,64,457616,V,V,V,V,0.94748706,True,0.0044623995,0.03408069,0.94748706,0.0076950267,0.0062747383
200,64,458125,V,V,V,V,0.9470338,True,0.004433725,0.03426737,0.9470338,0.008046014,0.006219085
200,64,458605,V,V,V,V,0.953515,True,0.0038476486,0.029101739,0.953515,0.007372955,0.006162676
200,64,459210,V,V,V,V,0.95137215,True,0.0040095015,0.030422444,0.95137215,0.007761304,0.0064346665
200,64,459722,V,V,V,V,0.9448109,True,0.0045610904,0.035577733,0.9448109,0.008688609,0.006361589
200,64,460188,V,V,V,V,0.9447384,True,0.0040350524,0.036548242,0.9447384,0.0086897025,0.0059886565
200,64,460342,V,V,V,V,0.572942,True,0.021721821,0.3731431,0.572942,0.01841085,0.013782195
200,64,461003,V,V,V,V,0.5127066,True,0.0074820803,0.3922963,0.5127066,0.07528516,0.012229881
200,64,462593,V,V,V,V,0.8659406,True,0.0035502524,0.07875168,0.8659406,0.04357453,0.008182899
200,64,463090,V,V,V,V,0.9455757,True,0.0032153141,0.032145876,0.9455757,0.011968538,0.0070945364
200,64,463603,V,V,V,V,0.94674516,True,0.003808058,0.033811446,0.94674516,0.009242429,0.006392904
200,64,463797,V,V,V,V,0.8290363,True,0.0045466055,0.11378851,0.8290363,0.038777024,0.013851541
200,64,464323,V,V,V,V,0.93712324,True,0.0033921,0.04155572,0.93712324,0.011510105,0.0064188223
200,64,464784,V,V,V,V,0.9486675,True,0.0035602318,0.033053316,0.9486675,0.008403001,0.0063158427
200,64,465312,V,V,V,V,0.95032865,True,0.003670649,0.03167481,0.95032865,0.008137099,0.0061888383
200,64,465816,V,V,V,V,0.9515692,True,0.0038768721,0.030522272,0.9515692,0.007762253,0.0062693334
200,64,466278,V,V,V,V,0.9432296,True,0.0043976963,0.038345393,0.9432296,0.007967993,0.0060594087
200,64,466727,V,V,V,V,0.95098454,True,0.0038440637,0.031358078,0.95098454,0.0077024195,0.006110838
200,64,467229,V,V,V,V,0.9523068,True,0.0036750112,0.030379077,0.9523068,0.007549221,0.006089836
200,64,467724,V,V,V,V,0.9511835,True,0.0037984455,0.031012477,0.9511835,0.007788416,0.0062171197
200,64,468230,V,V,V,V,0.95099944,True,0.00395658,0.031117503,0.95099944,0.0076770084,0.006249369
200,64,468708,V,V,V,V,0.94451374,True,0.004433036,0.037069473,0.94451374,0.007850415,0.006133236
200,64,469162,V,V,V,V,0.9513234,True,0.0037337851,0.031268235,0.9513234,0.0076544527,0.006020056
200,64,469678,V,V,V,V,0.95158553,True,0.0037127803,0.03078078,0.95158553,0.0077534006,0.006167503
200,64,470201,V,V,V,V,0.9435027,True,0.0041972017,0.037613206,0.9435027,0.008583556,0.006103283
200,64,470660,V,V,V,V,0.94219196,True,0.00411663,0.038347404,0.94219196,0.00923389,0.0061101564
200,64,471133,V,V,V,V,0.94652534,True,0.004283275,0.034993596,0.94652534,0.007977051,0.006220816
200,64,471678,V,V,V,V,0.95243764,True,0.0037621188,0.030103048,0.95243764,0.0074797478,0.006217429
200,64,472164,V,V,V,V,0.95133644,True,0.0037997372,0.030604644,0.95133644,0.008001038,0.0062581003
200,64,472649,V,V,V,V,0.9516264,True,0.0038809935,0.030537356,0.9516264,0.0076319184,0.006323294
200,64,473125,V,V,V,V,0.9471904,True,0.0040358957,0.034642007,0.9471904,0.007987191,0.006144602
200,64,473604,V,V,V,V,0.9485207,True,0.0037795214,0.033513043,0.9485207,0.008057898,0.0061289
200,64,474128,V,V,V,V,0.95551777,True,0.00359114,0.026950665,0.95551777,0.0073727937,0.006567587
200,64,474625,V,V,V,V,0.9500588,True,0.003829834,0.0318371,0.9500588,0.008085972,0.0061882115
200,64,475110,V,V,V,V,0.9453411,True,0.004185353,0.035686616,0.9453411,0.00855624,0.0062307357
200,64,476741,A,S,S,S,0.6450751,True,0.014800939,0.6450751,0.303259,0.024430713,0.012434215
200,64,477245,V,V,V,V,0.86091006,True,0.0066157244,0.105921924,0.86091006,0.01767332,0.008878872
200,64,477757,V,V,V,V,0.9227341,True,0.0043064323,0.055312518,0.9227341,0.011174691,0.006472215
200,64,478273,V,V,V,V,0.94700634,True,0.003721971,0.0347749,0.94700634,0.008413893,0.00608298
200,64,478764,V,V,V,V,0.9474768,True,0.0040182443,0.0342597,0.9474768,0.008148639,0.006096566
200,64,479305,V,V,V,V,0.9415482,True,0.004373806,0.03943764,0.9415482,0.008592661,0.0060477187
200,64,479803,V,V,V,V,0.9447555,True,0.0039775367,0.03697026,0.9447555,0.008388445,0.0059082704
200,64,479987,V,V,V,V,0.66935927,True,0.018079223,0.28148055,0.66935927,0.018931413,0.012149508
200,64,480641,V,V,V,V,0.93924075,True,0.004497081,0.040256754,0.93924075,0.009382877,0.0066225477
200,64,481204,V,V,V,V,0.9403939,True,0.004120088,0.03988901,0.9403939,0.009381424,0.0062156385
200,64,481655,V,V,V,V,0.9482287,True,0.0036211386,0.033704765,0.9482287,0.008407874,0.0060374592
200,64,482191,V,V,V,V,0.9506031,True,0.0036941739,0.031221403,0.9506031,0.008213391,0.006267901
200,64,482699,V,V,V,V,0.94557166,True,0.003815732,0.03570756,0.94557166,0.008893876,0.0060111065
200,64,483288,V,V,V,V,0.95188767,True,0.003756513,0.030302234,0.95188767,0.007877834,0.006175851
200,64,483830,V,V,V,V,0.94448584,True,0.0039739693,0.03699619,0.94448584,0.008554604,0.005989452
200,64,484300,V,V,V,V,0.95248014,True,0.0040018084,0.029282162,0.95248014,0.0077392156,0.006496722
200,64,484823,V,V,V,V,0.9516204,True,0.0037806914,0.030438436,0.9516204,0.007919921,0.006240516
200,64,485347,V,V,V,V,0.9459882,True,0.004118251,0.035500765,0.9459882,0.008282571,0.0061102374
200,64,485800,V,V,V,V,0.9429914,True,0.004496264,0.03802182,0.9429914,0.008334744,0.0061557847
200,64,486302,V,V,V,V,0.9518906,True,0.0037381446,0.030609762,0.9518906,0.007644477,0.0061169346
200,64,486844,V,V,V,V,0.948661,True,0.003726121,0.03323679,0.948661,0.008308567,0.006067595
200,64,487316,V,V,V,V,0.94586074,True,0.004356047,0.035018556,0.94586074,0.008289463,0.0064751706
200,64,487817,V,V,V,V,0.9521731,True,0.00396854,0.03012407,0.9521731,0.0075416993,0.0061925026
200,64,488580,A,S,S,S,0.53819156,True,0.012585075,0.53819156,0.40568092,0.031725764,0.01181671
200,64,490078,V,V,V,V,0.8431264,True,0.005839091,0.123676375,0.8431264,0.01977427,0.007583836
200,64,490551,V,V,V,V,0.91489565,True,0.004206156,0.062815964,0.91489565,0.011872668,0.0062095
200,64,491051,V,V,V,V,0.94906616,True,0.003465316,0.032940764,0.94906616,0.008283599,0.0062441183
200,64,491562,V,V,V,V,0.9482996,True,0.003785744,0.033278413,0.9482996,0.00844487,0.0061913547
200,64,492060,V,V,V,V,0.9487738,True,0.003876187,0.033226002,0.9487738,0.008033232,0.0060907775
200,64,492579,V,V,V,V,0.9457622,True,0.004276682,0.035041943,0.9457622,0.008654043,0.006265075
200,64,493060,V,V,V,V,0.9510391,True,0.0036874556,0.031217808,0.9510391,0.007941074,0.0061145583
200,64,493573,V,V,V,V,0.9443872,True,0.0040641082,0.036867153,0.9443872,0.008530712,0.0061507733
200,64,494046,V,V,V,V,0.9488371,True,0.0038489006,0.03327736,0.9488371,0.008016669,0.0060199695
200,64,494528,V,V,V,V,0.94835216,True,0.0037764863,0.033849172,0.94835216,0.008005576,0.006016595
200,64,494964,V,V,V,V,0.9504247,True,0.0035823474,0.031909075,0.9504247,0.008058275,0.0060255523
200,64,495505,V,V,V,V,0.94973046,True,0.003676355,0.0322317,0.94973046,0.0081670405,0.0061945734
200,64,496007,V,V,V,V,0.94603074,True,0.003708497,0.035822995,0.94603074,0.008469322,0.0059684357
200,64,496456,V,V,V,V,0.94680095,True,0.003918296,0.03485972,0.94680095,0.008262626,0.0061584865
200,64,496926,V,V,V,V,0.9481328,True,0.0037639772,0.03400843,0.9481328,0.008094449,0.006000249
200,64,497424,V,V,V,V,0.9502692,True,0.0037913702,0.032033835,0.9502692,0.007838749,0.0060669216
200,64,497940,V,V,V,V,0.9488576,True,0.003820074,0.03182764,0.9488576,0.009084741,0.0064099915
200,64,498086,V,V,V,V,0.66805303,True,0.060156472,0.22582121,0.66805303,0.020843415,0.025125928
200,64,498660,V,V,V,V,0.92674804,True,0.006899319,0.049656887,0.92674804,0.009952317,0.006743383
200,64,499131,V,V,V,V,0.9426159,True,0.004303094,0.03834879,0.9426159,0.008739969,0.005992311
200,64,499604,V,V,V,V,0.9418627,True,0.0043220096,0.039311547,0.9418627,0.008585086,0.005918658
200,64,500137,V,V,V,V,0.9514423,True,0.0037867294,0.03111477,0.9514423,0.007565907,0.006090226
200,64,500629,V,V,V,V,0.94934565,True,0.0039722305,0.032530237,0.94934565,0.007959009,0.006192887
200,64,501086,V,V,V,V,0.9450707,True,0.003875495,0.035691228,0.9450707,0.00922342,0.0061391382
200,64,501570,V,V,V,V,0.9509139,True,0.0036378715,0.031296253,0.9509139,0.007984172,0.0061677597
200,64,502143,V,V,V,V,0.9463246,True,0.0040081446,0.03519078,0.9463246,0.008336818,0.0061397194
200,64,502634,V,V,V,V,0.9499395,True,0.003821052,0.03220852,0.9499395,0.007958825,0.0060720476
200,64,503086,V,V,V,V,0.9147603,True,0.006190734,0.06359939,0.9147603,0.009129518,0.00632007
200,64,537060,A,S,S,S,0.62116647,True,0.013498809,0.62116647,0.32969505,0.024366306,0.011273338
200,64,543795,A,S,S,S,0.87506366,True,0.009541529,0.87506366,0.0876717,0.021821024,0.00590193
200,64,548298,A,S,S,S,0.9339622,True,0.0061709643,0.9339622,0.034557123,0.021637628,0.0036720592
200,64,548531,A,S,S,S,0.91716194,True,0.010795513,0.91716194,0.04403787,0.024082579,0.003922071
200,64,565517,A,S,S,S,0.93355817,True,0.007853816,0.93355817,0.03817284,0.017030695,0.003384477
200,64,577228,A,S,S,S,0.9389809,True,0.007912578,0.9389809,0.034040358,0.016117316,0.0029488495
200,64,582734,A,S,S,S,0.8946722,True,0.009882772,0.8946722,0.06921053,0.022794528,0.0034398735
200,64,590946,A,S,S,S,0.9256535,True,0.007427521,0.9256535,0.04340021,0.02018833,0.0033304272
200,64,596532,A,S,S,S,0.9379157,True,0.006030224,0.9379157,0.030830434,0.022066709,0.0031569367
200,64,602450,A,S,S,S,0.93792313,True,0.0069430145,0.93792313,0.033401895,0.018591793,0.0031403233
200,64,609168,A,S,S,S,0.94771516,True,0.0071639013,0.94771516,0.026895251,0.015625814,0.0025998517
200,64,621196,A,S,S,S,0.9404739,True,0.008243153,0.9404739,0.032740396,0.015731703,0.0028108344
200,64,627857,A,S,S,S,0.93639797,True,0.00610347,0.93639797,0.030214094,0.024214044,0.003070433
200,64,634370,A,S,S,S,0.87611014,True,0.0062138513,0.87611014,0.06808435,0.04383959,0.00575209
209,62,19148,A,S,S,S,0.57052326,True,0.017909065,0.57052326,0.36679554,0.026090376,0.018681742
209,62,25496,A,S,S,S,0.899414,True,0.01477668,0.899414,0.06038833,0.018745067,0.006675889
209,62,36170,A,S,S,S,0.9315808,True,0.010536132,0.9315808,0.038984068,0.015221241,0.003677738
209,62,42451,A,S,S,S,0.9449525,True,0.008817136,0.9449525,0.028768215,0.014583183,0.002878889
209,62,53410,A,S,S,S,0.9482472,True,0.007454111,0.9482472,0.02604455,0.015558321,0.0026959232
209,62,56745,A,S,S,S,0.9393852,True,0.009295741,0.9393852,0.032854307,0.01555759,0.00290724
209,62,69556,A,S,S,S,0.94879687,True,0.008252886,0.94879687,0.025934927,0.014434135,0.0025811503
209,62,93045,A,S,S,S,0.93085164,True,0.01033994,0.93085164,0.038656864,0.017206555,0.0029450494
209,62,95088,A,S,S,S,0.9450577,True,0.0083058905,0.9450577,0.027877646,0.016019942,0.0027387633
209,62,96121,A,S,S,S,0.9316811,True,0.009889591,0.9316811,0.037768167,0.017215004,0.0034461124
209,62,107341,A,S,S,S,0.9470606,True,0.00742703,0.9470606,0.027634023,0.015262519,0.0026158246
209,62,110021,A,S,S,S,0.9444351,True,0.0091026,0.9444351,0.029247623,0.014520252,0.0026942848
209,62,112541,A,S,S,S,0.94253653,True,0.009157236,0.94253653,0.030757068,0.014635732,0.002913389
209,62,118090,A,S,S,S,0.9436099,True,0.009723625,0.9436099,0.028764455,0.014879381,0.0030227134
209,62,122332,A,S,S,S,0.94512916,True,0.00932487,0.94512916,0.028645493,0.014220762,0.0026797072
209,62,124130,A,S,S,S,0.9354612,True,0.0084838355,0.9354612,0.036950525,0.016150061,0.0029543473
209,62,125086,A,S,S,S,0.9404507,True,0.00969757,0.9404507,0.03180232,0.015035756,0.0030134772
209,62,126077,A,S,S,S,0.94569075,True,0.008874077,0.94569075,0.028440598,0.014275364,0.0027192754
209,62,128805,A,S,S,S,0.93098533,True,0.017955396,0.93098533,0.032826,0.014777081,0.003456273
209,62,130594,A,S,S,S,0.94093966,True,0.010541321,0.94093966,0.03129776,0.014397611,0.002823663
209,62,132957,A,S,S,S,0.9339865,True,0.010997402,0.9339865,0.035052042,0.016525263,0.003438878
209,62,135537,A,S,S,S,0.86385024,True,0.017853113,0.86385024,0.06966598,0.04387417,0.0047563696
209,62,137906,A,S,S,S,0.94198203,True,0.009976905,0.94198203,0.029870996,0.015179109,0.0029909941
209,62,138888,A,S,S,S,0.94422317,True,0.009106843,0.94422317,0.029471517,0.014336574,0.0028619901
209,62,141428,A,S,S,S,0.94283295,True,0.008667009,0.94283295,0.030205565,0.015561187,0.0027333715
209,62,142373,A,S,S,S,0.93837804,True,0.009628483,0.93837804,0.033008855,0.015882285,0.0031023626
209,62,148123,A,S,S,S,0.9440161,True,0.009137604,0.9440161,0.029706879,0.0144058205,0.0027335489
209,62,150285,A,S,S,S,0.93568105,True,0.010617939,0.93568105,0.034731925,0.015749915,0.0032192022
209,62,151769,A,S,S,S,0.9434244,True,0.008763342,0.9434244,0.030247878,0.014713149,0.0028511737
209,62,151902,A,S,S,S,0.9322589,True,0.013415134,0.9322589,0.030202443,0.020379914,0.0037436127
209,62,152034,A,S,S,S,0.9462506,True,0.008126643,0.9462506,0.025025612,0.017737145,0.0028598842
209,62,152165,A,S,S,S,0.94311786,True,0.010674783,0.94311786,0.0263538,0.016838102,0.0030155543
209,62,152301,A,S,S,S,0.94848543,True,0.00865115,0.94848543,0.02549548,0.0146829495,0.0026850693
209,62,152435,A,S,S,S,0.9490141,True,0.008038766,0.9490141,0.025402596,0.015017302,0.0025272444
209,62,152569,A,S,S,S,0.94876957,True,0.008129474,0.94876957,0.02550908,0.014988876,0.0026030221
209,62,152703,A,S,S,S,0.94922847,True,0.008084246,0.94922847,0.025194772,0.014911536,0.0025808646
209,62,152835,A,S,S,S,0.9494292,True,0.00860931,0.9494292,0.025241837,0.014153032,0.0025665653
209,62,152967,A,S,S,S,0.9464644,True,0.009031213,0.9464644,0.027805297,0.014147087,0.002551892
209,62,153097,A,S,S,S,0.9479939,True,0.008819735,0.9479939,0.026820365,0.013879467,0.0024865938
209,62,153229,A,S,S,S,0.9462069,True,0.0088697765,0.9462069,0.028136423,0.014288114,0.002498839
209,62,153369,A,S,S,S,0.9425765,True,0.008474366,0.9425765,0.03140051,0.014930966,0.0026175827
209,62,153510,A,S,S,S,0.94562507,True,0.009187995,0.94562507,0.028545361,0.014046597,0.0025949418
209,62,153652,A,S,S,S,0.94848895,True,0.008052807,0.94848895,0.026562553,0.014373304,0.0025224744
209,62,153797,A,S,S,S,0.94847256,True,0.008037327,0.94847256,0.026702847,0.01427605,0.0025112685
209,62,153934,A,S,S,S,0.94909203,True,0.007782924,0.94909203,0.025968127,0.014645853,0.0025110652
209,62,154072,A,S,S,S,0.94392246,True,0.01010492,0.94392246,0.02892973,0.014181242,0.0028616614
209,62,154205,A,S,S,S,0.94475096,True,0.0097992,0.94475096,0.02717663,0.015365614,0.0029076089
209,62,155853,A,S,S,S,0.9434667,True,0.009187535,0.9434667,0.029943759,0.014623934,0.0027780503
209,62,155984,A,S,S,S,0.94047195,True,0.012230462,0.94047195,0.029086897,0.015182906,0.0030278782
209,62,167706,A,S,S,S,0.94392586,True,0.008978932,0.94392586,0.0278074,0.016451191,0.0028364775
209,62,173984,A,S,S,S,0.93549794,True,0.009450627,0.93549794,0.03565826,0.016129293,0.0032638602
209,62,176282,A,S,S,S,0.9371616,True,0.010063994,0.9371616,0.030080426,0.019221418,0.0034725298
209,62,182684,A,S,S,S,0.93948025,True,0.008585223,0.93948025,0.032633107,0.016119752,0.0031816836
209,62,182825,A,S,S,S,0.9448063,True,0.009356495,0.9448063,0.028818762,0.014141689,0.002876842
209,62,185555,A,S,S,S,0.9147788,True,0.010883716,0.9147788,0.0379667,0.0319154,0.0044553536
209,62,186717,A,S,S,S,0.93068135,True,0.010202641,0.93068135,0.02988594,0.025546843,0.0036831542
209,62,187833,A,S,S,S,0.9464594,True,0.0089061335,0.9464594,0.02575868,0.01614051,0.002735206
209,62,198952,A,S,S,S,0.9357319,True,0.01025012,0.9357319,0.029744273,0.021030132,0.0032435472
209,62,200081,A,S,S,S,0.94540393,True,0.008900839,0.94540393,0.028663928,0.014387484,0.0026437205
209,62,200210,A,S,S,S,0.93301445,True,0.009030929,0.93301445,0.027643645,0.02691528,0.0033956554
209,62,200350,A,S,S,S,0.94467455,True,0.009170046,0.94467455,0.026702764,0.0164068,0.0030457147
209,62,200506,A,S,S,S,0.944938,True,0.008878783,0.944938,0.028812384,0.014610398,0.0027602573
209,62,200704,A,S,S,S,0.9389093,True,0.0094102165,0.9389093,0.02893077,0.019534986,0.003214691
209,62,200873,A,S,S,S,0.945774,True,0.008149579,0.945774,0.027461473,0.015761072,0.0028539207
209,62,201014,A,S,S,S,0.94684047,True,0.007958784,0.94684047,0.026795859,0.015647657,0.002757187
209,62,201159,A,S,S,S,0.94789445,True,0.0075678644,0.94789445,0.025532804,0.016319554,0.0026852498
209,62,201299,A,S,S,S,0.9470878,True,0.008722353,0.9470878,0.026296329,0.015124327,0.0027691755
209,62,201440,A,S,S,S,0.94156957,True,0.011487759,0.94156957,0.029224701,0.014745792,0.0029722124
209,62,201582,A,S,S,S,0.9471601,True,0.008842131,0.9471601,0.025269069,0.015944764,0.0027838938
209,62,201715,A,S,S,S,0.93802106,True,0.012803814,0.93802106,0.029517444,0.016281353,0.003376267
209,62,201855,A,S,S,S,0.94575524,True,0.0075556543,0.94575524,0.025071211,0.018758649,0.002859325
209,62,201987,A,S,S,S,0.93127203,True,0.016024932,0.93127203,0.030345377,0.018701984,0.0036555578
209,62,202125,A,S,S,S,0.9453037,True,0.008415397,0.9453037,0.025814041,0.017524354,0.0029425852
209,62,202262,A,S,S,S,0.93426776,True,0.015770467,0.93426776,0.03064281,0.015900228,0.003418692
209,62,202397,A,S,S,S,0.94430393,True,0.008205318,0.94430393,0.026836827,0.017526569,0.0031273316
209,62,202536,A,S,S,S,0.9357266,True,0.013146695,0.9357266,0.029170793,0.018383393,0.0035724358
209,62,202672,A,S,S,S,0.94363964,True,0.011105249,0.94363964,0.027690496,0.014277955,0.0032866895
209,62,202799,A,S,S,S,0.9312677,True,0.015225314,0.9312677,0.029296784,0.01944922,0.0047609014
209,62,202936,A,S,S,S,0.9246186,True,0.015238924,0.9246186,0.032586023,0.020742629,0.006813761
209,62,203072,A,S,S,S,0.9336693,True,0.010399535,0.9336693,0.025506647,0.025001397,0.0054230746
209,62,203209,A,S,S,S,0.93115646,True,0.009817953,0.93115646,0.027495954,0.02664895,0.004880616
209,62,203350,A,S,S,S,0.94187677,True,0.01063249,0.94187677,0.026848074,0.0173797,0.0032630358
209,62,203492,A,S,S,S,0.9469178,True,0.008400114,0.9469178,0.025714394,0.01617158,0.0027962166
209,62,203633,A,S,S,S,0.9399963,True,0.012353225,0.9399963,0.029316183,0.015228142,0.0031061824
209,62,203778,A,S,S,S,0.9455128,True,0.009871048,0.9455128,0.026820578,0.014907809,0.0028878173
209,62,203914,A,S,S,S,0.92820835,True,0.018812722,0.92820835,0.03220378,0.016459728,0.0043154913
209,62,204053,A,S,S,S,0.9381585,True,0.011940458,0.9381585,0.028434888,0.017801413,0.0036648407
209,62,204190,A,S,S,S,0.92425287,True,0.019802352,0.92425287,0.03032162,0.02086216,0.004760995
209,62,204320,A,S,S,S,0.9227069,True,0.015445455,0.9227069,0.028931782,0.026849145,0.006066664
209,62,204452,A,S,S,S,0.9053497,True,0.025587685,0.9053497,0.035583466,0.024341287,0.009137906
209,62,204583,A,S,S,S,0.9054102,True,0.018778196,0.9054102,0.029732468,0.038072698,0.008006429
209,62,204711,A,S,S,S,0.8901827,True,0.020826383,0.8901827,0.030060373,0.048068713,0.010861826
209,62,204841,A,S,S,S,0.8761074,True,0.022297984,0.8761074,0.029884426,0.06441226,0.007297936
209,62,204962,A,S,S,S,0.8771235,True,0.02616818,0.8771235,0.029045215,0.060261436,0.007401696
209,62,205097,A,S,S,S,0.91193664,True,0.017848518,0.91193664,0.026930753,0.03689733,0.0063867336
209,62,205235,A,S,S,S,0.919816,True,0.018683221,0.919816,0.029856635,0.02635964,0.0052843867
209,62,205375,A,S,S,S,0.93123233,True,0.01521274,0.93123233,0.030072646,0.019834092,0.0036481807
209,62,205519,A,S,S,S,0.94026804,True,0.012947835,0.94026804,0.029339064,0.014509049,0.002935962
209,62,205659,A,S,S,S,0.94479257,True,0.009466152,0.94479257,0.025924675,0.016908918,0.0029075844
209,62,205797,A,S,S,S,0.94277644,True,0.010801014,0.94277644,0.027243566,0.016207457,0.002971517
209,62,205936,A,S,S,S,0.9425803,True,0.010613447,0.9425803,0.02718053,0.016416777,0.003209059
209,62,206068,A,S,S,S,0.92593765,True,0.018921692,0.92593765,0.029627826,0.020629732,0.004882986
209,62,206200,A,S,S,S,0.90710896,True,0.027071329,0.90710896,0.0312902,0.02587938,0.008650128
209,62,206334,A,S,S,S,0.91160756,True,0.022614548,0.91160756,0.030121483,0.029229203,0.006427198
209,62,206468,A,S,S,S,0.93307716,True,0.014773692,0.93307716,0.027308123,0.02075122,0.004089855
209,62,206602,A,S,S,S,0.9415685,True,0.01133535,0.9415685,0.027268218,0.016609948,0.0032178888
209,62,206735,A,S,S,S,0.94486374,True,0.00873719,0.94486374,0.025738236,0.017758789,0.0029019637
209,62,206865,A,S,S,S,0.93696475,True,0.010434574,0.93696475,0.02869979,0.020718664,0.0031823518
209,62,206995,A,S,S,S,0.9463551,True,0.010115944,0.9463551,0.026498731,0.014324341,0.0027058788
209,62,207123,A,S,S,S,0.94841945,True,0.009069368,0.94841945,0.0262037,0.013769153,0.0025383548
209,62,207256,A,S,S,S,0.947854,True,0.008701514,0.947854,0.025566198,0.015249126,0.0026292426
209,62,207395,A,S,S,S,0.94508845,True,0.009529542,0.94508845,0.02847313,0.014189648,0.0027192158
209,62,207536,A,S,S,S,0.9482194,True,0.008205697,0.9482194,0.025994482,0.015002329,0.0025781665
209,62,207674,A,S,S,S,0.9451813,True,0.009912096,0.9451813,0.026998328,0.015071671,0.002836577
209,62,207816,A,S,S,S,0.9482358,True,0.008571998,0.9482358,0.025328824,0.01519628,0.0026668916
209,62,207949,A,S,S,S,0.9429233,True,0.010313576,0.9429233,0.026835395,0.016874878,0.0030527923
209,62,208086,A,S,S,S,0.94952476,True,0.008327374,0.94952476,0.025017705,0.014581104,0.0025491412
209,62,208222,A,S,S,S,0.9463362,True,0.009706385,0.9463362,0.027010843,0.014172,0.0027746
209,62,208358,A,S,S,S,0.9494386,True,0.008418814,0.9494386,0.02559243,0.014055061,0.0024951415
209,62,208497,A,S,S,S,0.9450791,True,0.0092788385,0.9450791,0.028892277,0.014140364,0.0026095153
209,62,208630,A,S,S,S,0.94505054,True,0.009143793,0.94505054,0.028760996,0.01447556,0.002569037
209,62,208763,A,S,S,S,0.9421145,True,0.009345569,0.9421145,0.031220151,0.01470847,0.0026113165
209,62,208896,A,S,S,S,0.94666725,True,0.00889852,0.94666725,0.027874373,0.014018301,0.0025415157
209,62,209031,A,S,S,S,0.946456,True,0.009218597,0.946456,0.027978247,0.013826867,0.0025203165
209,62,209159,A,S,S,S,0.9479871,True,0.009509085,0.9479871,0.02634067,0.013684081,0.0024789576
209,62,209285,A,S,S,S,0.94981474,True,0.008276286,0.94981474,0.025432192,0.014043517,0.0024332989
209,62,209420,A,S,S,S,0.94886404,True,0.008326449,0.94886404,0.025760759,0.014449956,0.002598618
209,62,209561,A,S,S,S,0.9484377,True,0.00851629,0.9484377,0.026510645,0.014013578,0.0025217654
209,62,209705,A,S,S,S,0.9499781,True,0.007934389,0.9499781,0.025006674,0.014563004,0.0025178334
209,62,209844,A,S,S,S,0.9473121,True,0.008922534,0.9473121,0.026420416,0.014678603,0.002666238
209,62,209990,A,S,S,S,0.9433481,True,0.0090175355,0.9433481,0.029463826,0.015144083,0.0030264705
209,62,210180,A,S,S,S,0.9479479,True,0.0087182345,0.9479479,0.025290394,0.015535501,0.002507982
209,62,213802,A,S,S,S,0.9470428,True,0.008980044,0.9470428,0.026808258,0.0145259,0.002643019
209,62,215830,A,S,S,S,0.94552433,True,0.008323225,0.94552433,0.028955035,0.014557288,0.0026399703
209,62,215964,A,S,S,S,0.9452955,True,0.009426528,0.9452955,0.027698934,0.014848281,0.0027306532
209,62,216106,A,S,S,S,0.9473331,True,0.008792666,0.9473331,0.027211284,0.0141250845,0.0025379183
209,62,216244,A,S,S,S,0.94660074,True,0.008681929,0.94660074,0.027916932,0.014193548,0.002606774
209,62,216379,A,S,S,S,0.94895345,True,0.007753757,0.94895345,0.02553842,0.015183673,0.0025707763
209,62,216519,A,S,S,S,0.9497342,True,0.008193719,0.9497342,0.025476271,0.014093113,0.002502611
209,62,216658,A,S,S,S,0.94972056,True,0.008072377,0.94972056,0.025568116,0.014155471,0.0024834906
209,62,216796,A,S,S,S,0.94581175,True,0.008522694,0.94581175,0.028662538,0.0144178495,0.002585111
209,62,216934,A,S,S,S,0.9463254,True,0.008480298,0.9463254,0.028308235,0.014356468,0.0025295422
209,62,217072,A,S,S,S,0.9378044,True,0.008809794,0.9378044,0.03501279,0.01571147,0.0026616468
209,62,217212,A,S,S,S,0.94427544,True,0.008492026,0.94427544,0.030033775,0.014669175,0.0025296074
209,62,217349,A,S,S,S,0.94649327,True,0.008393502,0.94649327,0.028373318,0.014243495,0.0024963554
209,62,217486,A,S,S,S,0.9453168,True,0.009162538,0.9453168,0.0287143,0.014204601,0.0026016398
209,62,217626,A,S,S,S,0.94603896,True,0.009076549,0.94603896,0.028034156,0.014217357,0.0026328752
209,62,217760,A,S,S,S,0.9465444,True,0.009269954,0.9465444,0.027844096,0.013767654,0.002573816
209,62,217890,A,S,S,S,0.9473192,True,0.00818871,0.9473192,0.026773632,0.014943728,0.0027747457
209,62,218028,A,S,S,S,0.94796276,True,0.008339988,0.94796276,0.02612475,0.014799437,0.0027730279
209,62,218167,A,S,S,S,0.94523907,True,0.009307863,0.94523907,0.02813021,0.014318341,0.0030046322
209,62,218307,A,S,S,S,0.9446523,True,0.009722548,0.9446523,0.027552512,0.014771853,0.003300695
209,62,218448,A,S,S,S,0.9443069,True,0.009504406,0.9443069,0.027806232,0.015179352,0.003203147
209,62,218584,A,S,S,S,0.9422261,True,0.008616751,0.9422261,0.026536256,0.01924755,0.003373379
209,62,218726,A,S,S,S,0.94788843,True,0.00800442,0.94788843,0.026352033,0.015137257,0.0026179063
209,62,218863,A,S,S,S,0.9474421,True,0.00892512,0.9474421,0.026685966,0.014343086,0.0026036748
209,62,218995,A,S,S,S,0.9473787,True,0.008800564,0.9473787,0.02694113,0.014320483,0.0025592924
209,62,219135,A,S,S,S,0.9459853,True,0.009199463,0.9459853,0.028204987,0.013990986,0.0026193487
209,62,219269,A,S,S,S,0.9477291,True,0.00878347,0.9477291,0.027033392,0.013925926,0.0025281224
209,62,219405,A,S,S,S,0.9483707,True,0.00813888,0.9483707,0.026716644,0.014255206,0.0025186324
209,62,219538,A,S,S,S,0.9473954,True,0.009975294,0.9473954,0.026208427,0.013721499,0.0026994315
209,62,219668,A,S,S,S,0.9463918,True,0.009535553,0.9463918,0.027213175,0.014044868,0.0028144612
209,62,219801,A,S,S,S,0.9470889,True,0.009394138,0.9470889,0.0265616,0.0141734015,0.0027819807
209,62,219930,A,S,S,S,0.946769,True,0.010278786,0.946769,0.02651314,0.01364842,0.0027906268
209,62,220051,A,S,S,S,0.942647,True,0.011591886,0.942647,0.027868403,0.014804241,0.0030884584
209,62,220186,A,S,S,S,0.94642484,True,0.009580961,0.94642484,0.027054042,0.014246629,0.002693452
209,62,220323,A,S,S,S,0.94637185,True,0.009724411,0.94637185,0.02719505,0.0140039995,0.0027047144
209,62,220462,A,S,S,S,0.94749254,True,0.008684731,0.94749254,0.026759729,0.014465099,0.0025980142
209,62,220606,A,S,S,S,0.94841003,True,0.008607561,0.94841003,0.026458707,0.013969457,0.0025541827
209,62,220744,A,S,S,S,0.94810134,True,0.008924358,0.94810134,0.026083928,0.014257798,0.0026326743
209,62,220883,A,S,S,S,0.9476873,True,0.0083329305,0.9476873,0.026808983,0.014552471,0.0026182372
209,62,221024,A,S,S,S,0.9460095,True,0.009383996,0.9460095,0.027640607,0.014164602,0.0028013205
209,62,221153,A,S,S,S,0.9380793,True,0.013271117,0.9380793,0.029230349,0.015705137,0.0037141207
209,62,221282,A,S,S,S,0.9348481,True,0.015580199,0.9348481,0.028758045,0.016612565,0.004201043
209,62,221413,A,S,S,S,0.9373625,True,0.014059739,0.9373625,0.029871853,0.014972711,0.0037331956
209,62,221545,A,S,S,S,0.9417758,True,0.011019587,0.9417758,0.027347278,0.016613685,0.0032436184
209,62,221679,A,S,S,S,0.9385451,True,0.013581247,0.9385451,0.029228734,0.0152539415,0.003390985
209,62,221812,A,S,S,S,0.93960804,True,0.013712719,0.93960804,0.029081061,0.014313326,0.0032848956
209,62,221941,A,S,S,S,0.9383638,True,0.014963146,0.9383638,0.029386522,0.013822432,0.0034641323
209,62,222071,A,S,S,S,0.94371074,True,0.012251772,0.94371074,0.027936537,0.013095311,0.0030055414
209,62,222193,A,S,S,S,0.90803343,True,0.029868418,0.90803343,0.035594843,0.021961164,0.004542068
209,62,222321,A,S,S,S,0.9241726,True,0.021832693,0.9241726,0.032547794,0.016578795,0.0048680454
209,62,222463,A,S,S,S,0.9436814,True,0.010937821,0.9436814,0.028490562,0.013934402,0.0029557731
209,62,222597,A,S,S,S,0.94349295,True,0.010357298,0.94349295,0.027061857,0.016075933,0.003012032
209,62,222735,A,S,S,S,0.94237274,True,0.01031856,0.94237274,0.028594846,0.015391759,0.0033220681
209,62,222878,A,S,S,S,0.9420237,True,0.010682785,0.9420237,0.029788848,0.014484455,0.0030203054
209,62,223013,A,S,S,S,0.94051,True,0.01298849,0.94051,0.028684767,0.014345714,0.0034710125
209,62,223152,A,S,S,S,0.9435233,True,0.010928409,0.9435233,0.028397845,0.014036698,0.0031138167
209,62,223290,A,S,S,S,0.9422238,True,0.01126102,0.9422238,0.029134417,0.014101327,0.0032794166
209,62,223428,A,S,S,S,0.94635785,True,0.009094691,0.94635785,0.027266309,0.014380844,0.0029003695
209,62,223570,A,S,S,S,0.9491302,True,0.008007999,0.9491302,0.025624797,0.014657256,0.0025797829
209,62,229457,A,S,S,S,0.94340116,True,0.008956794,0.94340116,0.029663036,0.015178604,0.0028004695
209,62,232606,A,S,S,S,0.93545914,True,0.010173068,0.93545914,0.03101147,0.019937808,0.0034185573
209,62,234817,A,S,S,S,0.93689686,True,0.009772736,0.93689686,0.033483695,0.0165227,0.0033240465
209,62,239108,A,S,S,S,0.94430095,True,0.008747943,0.94430095,0.027086254,0.017046936,0.0028177868
209,62,240232,A,S,S,S,0.9462017,True,0.008748531,0.9462017,0.025684332,0.016504362,0.0028610537
209,62,254687,A,S,S,S,0.94263184,True,0.0090903025,0.94263184,0.027469547,0.017610343,0.0031979685
209,62,255828,A,S,S,S,0.93744725,True,0.009167829,0.93744725,0.027904378,0.02209374,0.003386773
209,62,256896,A,S,S,S,0.940151,True,0.0096667735,0.940151,0.03137066,0.015712308,0.0030993351
209,62,264161,A,S,S,S,0.9363064,True,0.008483929,0.9363064,0.034872677,0.016766248,0.0035707518
209,62,264307,A,S,S,S,0.9438661,True,0.008770501,0.9438661,0.027656522,0.016447749,0.003259137
209,62,264502,A,S,S,S,0.9250952,True,0.011916808,0.9250952,0.031514004,0.026782311,0.0046915845
209,62,264672,A,S,S,S,0.94176525,True,0.009568049,0.94176525,0.030575974,0.0151575515,0.0029332135
209,62,264806,A,S,S,S,0.94849366,True,0.0072045573,0.94849366,0.025136834,0.016466716,0.0026982175
209,62,264945,A,S,S,S,0.94929117,True,0.0075749,0.94929117,0.024931232,0.015709119,0.002493567
209,62,265076,A,S,S,S,0.9459822,True,0.0071925637,0.9459822,0.025309386,0.01873788,0.002777959
209,62,265211,A,S,S,S,0.9442234,True,0.01079583,0.9442234,0.02805661,0.014069236,0.0028548664
209,62,265344,A,S,S,S,0.9452285,True,0.00900037,0.9452285,0.026468966,0.016664825,0.0026373959
209,62,265473,A,S,S,S,0.94320005,True,0.011425369,0.94320005,0.028575746,0.013948502,0.0028502673
209,62,265615,A,S,S,S,0.9495416,True,0.008195202,0.9495416,0.025376674,0.014400026,0.002486435
209,62,265758,A,S,S,S,0.94694555,True,0.009009913,0.94694555,0.027460944,0.014081969,0.0025017655
209,62,265900,A,S,S,S,0.94855696,True,0.0077308994,0.94855696,0.025613956,0.015556161,0.002541935
209,62,266045,A,S,S,S,0.94825876,True,0.008965693,0.94825876,0.026396716,0.0138361575,0.0025427772
209,62,266188,A,S,S,S,0.9495377,True,0.007620863,0.9495377,0.02522193,0.015176144,0.0024433972
209,62,266328,A,S,S,S,0.94619733,True,0.009067663,0.94619733,0.02800805,0.014151574,0.0025754424
209,62,266467,A,S,S,S,0.94721234,True,0.008205569,0.94721234,0.026529077,0.015454508,0.0025985702
209,62,266606,A,S,S,S,0.9412962,True,0.01163286,0.9412962,0.029098561,0.014884488,0.003087903
209,62,266747,A,S,S,S,0.94243526,True,0.008305184,0.94243526,0.026569769,0.019484108,0.0032057008
209,62,266891,A,S,S,S,0.9454254,True,0.009802908,0.9454254,0.027375827,0.014656076,0.0027398395
209,62,267025,A,S,S,S,0.94381064,True,0.007824162,0.94381064,0.027599843,0.018092168,0.002673133
209,62,267158,A,S,S,S,0.9230516,True,0.0114367325,0.9230516,0.029958032,0.032278057,0.0032755337
209,62,267292,A,S,S,S,0.94337505,True,0.008578337,0.94337505,0.025793845,0.019585637,0.0026671255
209,62,267423,A,S,S,S,0.9359039,True,0.0139663145,0.9359039,0.030349191,0.016828984,0.0029515286
209,62,267547,A,S,S,S,0.8736591,True,0.015375856,0.8736591,0.03720034,0.06902512,0.0047397073
209,62,267680,A,S,S,S,0.86772203,True,0.03981807,0.86772203,0.03315529,0.053295173,0.00600952
209,62,267817,A,S,S,S,0.8959059,True,0.016029295,0.8959059,0.03263036,0.05067283,0.004761561
209,62,267956,A,S,S,S,0.9077911,True,0.024678566,0.9077911,0.032953147,0.029354164,0.0052229576
209,62,268092,A,S,S,S,0.9184462,True,0.013961565,0.9184462,0.03019781,0.03281026,0.0045840964
209,62,268229,A,S,S,S,0.8852741,True,0.04458909,0.8852741,0.034633577,0.028633077,0.0068700593
209,62,268371,A,S,S,S,0.9336429,True,0.013228821,0.9336429,0.027049128,0.0222158,0.003863363
209,62,268508,A,S,S,S,0.9395892,True,0.013194997,0.9395892,0.029352386,0.01475983,0.0031036707
209,62,268644,A,S,S,S,0.9420077,True,0.011114499,0.9420077,0.02819661,0.015603923,0.0030772942
209,62,268780,A,S,S,S,0.94216007,True,0.011708804,0.94216007,0.028324164,0.014979076,0.002827851
209,62,268911,A,S,S,S,0.9344578,True,0.012000174,0.9344578,0.028642638,0.02147676,0.0034227541
209,62,269043,A,S,S,S,0.91953534,True,0.017564883,0.91953534,0.032340087,0.02665574,0.0039039867
209,62,269174,A,S,S,S,0.90799314,True,0.015074939,0.90799314,0.030524291,0.041943915,0.0044637825
209,62,269302,A,S,S,S,0.8697881,True,0.020609658,0.8697881,0.030200701,0.07363482,0.0057667117
209,62,269432,A,S,S,S,0.8322499,True,0.025774479,0.8322499,0.029317385,0.104855314,0.0078029493
209,62,269558,A,S,S,S,0.71948427,True,0.034312956,0.71948427,0.027312417,0.2076724,0.011218027
209,62,271916,A,S,S,S,0.8182176,True,0.06030006,0.8182176,0.03538911,0.07886653,0.0072266967
209,62,279232,A,S,S,S,0.9320937,True,0.0140699325,0.9320937,0.031858508,0.018446745,0.0035311256
209,62,280272,A,S,S,S,0.939972,True,0.010187892,0.939972,0.031254705,0.015590166,0.0029951434
209,62,285014,A,S,S,S,0.9441561,True,0.00880059,0.9441561,0.029530369,0.014656702,0.0028562956
209,62,285400,A,S,S,S,0.93491143,True,0.009777495,0.93491143,0.036210433,0.015987828,0.0031127296
209,62,285547,A,S,S,S,0.9428411,True,0.00847464,0.9428411,0.031180162,0.014810081,0.0026940221
209,62,285693,A,S,S,S,0.94454926,True,0.008811634,0.94454926,0.029671658,0.014308062,0.002659399
209,62,285835,A,S,S,S,0.9485192,True,0.0076936954,0.9485192,0.026631854,0.014645767,0.0025095292
209,62,285972,A,S,S,S,0.94939035,True,0.007519107,0.94939035,0.02534389,0.015257443,0.002489289
209,62,286111,A,S,S,S,0.94865835,True,0.0075638387,0.94865835,0.025321612,0.015749082,0.0027071654
209,62,286249,A,S,S,S,0.9424647,True,0.010794555,0.9424647,0.029109366,0.014693914,0.0029374796
209,62,286391,A,S,S,S,0.9477997,True,0.008327928,0.9477997,0.025795605,0.015231495,0.0028453032
209,62,286525,A,S,S,S,0.94696736,True,0.008041289,0.94696736,0.025747364,0.016491693,0.0027523518
209,62,286660,A,S,S,S,0.9456655,True,0.0075854072,0.9456655,0.025432909,0.018442458,0.002873752
209,62,286794,A,S,S,S,0.94005764,True,0.012164651,0.94005764,0.0287002,0.015881296,0.0031962825
209,62,286922,A,S,S,S,0.94754046,True,0.008113005,0.94754046,0.02497077,0.01663247,0.0027432963
209,62,287048,A,S,S,S,0.9447155,True,0.009745009,0.9447155,0.026860004,0.015797546,0.00288192
209,62,287182,A,S,S,S,0.945533,True,0.007960451,0.945533,0.026600877,0.017202215,0.0027034818
209,62,287317,A,S,S,S,0.94519824,True,0.009958322,0.94519824,0.02713068,0.014997841,0.0027149126
209,62,287458,A,S,S,S,0.9486816,True,0.007614903,0.9486816,0.025593452,0.015532794,0.0025772261
209,62,287599,A,S,S,S,0.94496083,True,0.00952896,0.94496083,0.028460043,0.014376634,0.0026735982
209,62,287744,A,S,S,S,0.94681054,True,0.006945373,0.94681054,0.02578339,0.017576555,0.002884111
209,62,287893,A,S,S,S,0.94546926,True,0.008976651,0.94546926,0.028408581,0.014387593,0.0027578746
209,62,288034,A,S,S,S,0.9463303,True,0.009144927,0.9463303,0.026882332,0.014685621,0.0029566279
209,62,288167,A,S,S,S,0.9394687,True,0.01265805,0.9394687,0.029450515,0.014745747,0.0036769635
209,62,288305,A,S,S,S,0.9424245,True,0.011520614,0.9424245,0.027421134,0.015096222,0.0035374956
209,62,288430,A,S,S,S,0.90108097,True,0.016202096,0.90108097,0.0318454,0.045342535,0.005528938
209,62,288557,A,S,S,S,0.9285948,True,0.009748565,0.9285948,0.026460035,0.030758409,0.004438165
209,62,288688,A,S,S,S,0.9268972,True,0.014672623,0.9268972,0.028871955,0.025708824,0.003849413
209,62,291042,A,S,S,S,0.9397709,True,0.009483974,0.9397709,0.029861063,0.017792245,0.003091782
209,62,294222,A,S,S,S,0.94513595,True,0.009457535,0.94513595,0.027843693,0.014757817,0.0028050398
209,62,303887,A,S,S,S,0.93588287,True,0.011133467,0.93588287,0.031452045,0.017966952,0.0035647126
209,62,308206,A,S,S,S,0.92735106,True,0.008419448,0.92735106,0.034538783,0.026039373,0.0036514266
209,62,310402,A,S,S,S,0.94336104,True,0.008964155,0.94336104,0.02957708,0.01503207,0.003065539
209,62,310766,A,S,S,S,0.94395405,True,0.008185845,0.94395405,0.030186512,0.014954399,0.002719098
209,62,310902,A,S,S,S,0.9463424,True,0.008420877,0.9463424,0.027428782,0.015171883,0.0026361132
209,62,311040,A,S,S,S,0.944552,True,0.008976581,0.944552,0.026834687,0.016889432,0.0027473327
209,62,311181,A,S,S,S,0.94604653,True,0.008463771,0.94604653,0.02623469,0.016529338,0.0027256687
209,62,311319,A,S,S,S,0.9334687,True,0.009027527,0.9334687,0.027449897,0.026791513,0.0032623836
209,62,311455,A,S,S,S,0.9419426,True,0.0074593313,0.9419426,0.025307862,0.0221557,0.0031345456
209,62,311594,A,S,S,S,0.94558936,True,0.008563879,0.94558936,0.025268873,0.0177415,0.0028363322
209,62,311737,A,S,S,S,0.9488493,True,0.007635194,0.9488493,0.024983969,0.01597189,0.002559579
209,62,311877,A,S,S,S,0.9398414,True,0.012626683,0.9398414,0.02979214,0.014655347,0.0030845082
209,62,312019,A,S,S,S,0.94722027,True,0.008310578,0.94722027,0.026212974,0.01563626,0.0026199634
209,62,312153,A,S,S,S,0.93703675,True,0.012735157,0.93703675,0.028620293,0.01794862,0.0036590854
209,62,312293,A,S,S,S,0.93614423,True,0.012172673,0.93614423,0.028638812,0.018797964,0.0042462703
209,62,312430,A,S,S,S,0.9314908,True,0.017244326,0.9314908,0.030571451,0.015887136,0.00480631
209,62,312562,A,S,S,S,0.9430754,True,0.011581361,0.9430754,0.02658866,0.01535613,0.0033983476
209,62,320171,A,S,S,S,0.9432765,True,0.010992428,0.9432765,0.028818099,0.013781272,0.0031316844
209,62,330706,A,S,S,S,0.94101083,True,0.007557197,0.94101083,0.031223783,0.017257888,0.0029504034
209,62,332746,A,S,S,S,0.9414679,True,0.009006749,0.9414679,0.02989604,0.01644771,0.003181631
209,62,338626,A,S,S,S,0.94307566,True,0.01018749,0.94307566,0.028590534,0.015196219,0.0029501314
209,62,343600,A,S,S,S,0.9454195,True,0.009695563,0.9454195,0.028162511,0.014087696,0.002634626
209,62,347532,A,S,S,S,0.9440361,True,0.00918018,0.9440361,0.029653963,0.014383153,0.0027465604
209,62,348491,A,S,S,S,0.94083005,True,0.009493079,0.94083005,0.031377573,0.015280094,0.0030192053
209,62,355685,A,S,S,S,0.9284425,True,0.009448669,0.9284425,0.034779854,0.023392813,0.0039362246
209,62,359463,A,S,S,S,0.9395534,True,0.008700489,0.9395534,0.027349798,0.02132535,0.003070922
209,62,360609,A,S,S,S,0.9374174,True,0.010152887,0.9374174,0.033007246,0.016058762,0.0033637502
209,62,366883,A,S,S,S,0.9318937,True,0.012611442,0.9318937,0.033406865,0.018525496,0.0035624031
209,62,368046,A,S,S,S,0.938105,True,0.010788289,0.938105,0.029347489,0.018306984,0.0034522736
209,62,379777,A,S,S,S,0.93883276,True,0.011285515,0.93883276,0.030907849,0.015588542,0.0033853108
209,62,386047,A,S,S,S,0.9365488,True,0.010278161,0.9365488,0.03433802,0.015442987,0.0033919679
209,62,396418,A,S,S,S,0.9405295,True,0.009213064,0.9405295,0.032359593,0.014904972,0.0029928584
209,62,402954,A,S,S,S,0.9445733,True,0.008886473,0.9445733,0.028146192,0.015483732,0.002910363
209,62,410235,A,S,S,S,0.94254583,True,0.008635341,0.94254583,0.028417917,0.01747301,0.0029279029
209,62,414113,A,S,S,S,0.94143736,True,0.009062668,0.94143736,0.031478867,0.015172576,0.0028485297
209,62,416359,A,S,S,S,0.9439735,True,0.009163952,0.9439735,0.02954519,0.014442703,0.0028746491
209,62,422974,A,S,S,S,0.9424515,True,0.008477429,0.9424515,0.031244002,0.015013788,0.0028133704
209,62,425698,A,S,S,S,0.93102086,True,0.009668108,0.93102086,0.038616534,0.016944254,0.0037501284
209,62,428700,A,S,S,S,0.933079,True,0.010042662,0.933079,0.03195768,0.021254867,0.0036658114
209,62,432776,A,S,S,S,0.93464655,True,0.00954411,0.93464655,0.035994545,0.016511586,0.003303177
209,62,436654,A,S,S,S,0.93754095,True,0.008972334,0.93754095,0.03060838,0.019406235,0.0034721252
209,62,441006,A,S,S,S,0.9431485,True,0.009861585,0.9431485,0.029790137,0.014394208,0.002805542
209,62,443029,A,S,S,S,0.942177,True,0.0098229395,0.942177,0.030717624,0.014420607,0.0028618597
209,62,461026,A,S,S,S,0.9417722,True,0.009027589,0.9417722,0.031216394,0.014972765,0.003011147
209,62,465061,A,S,S,S,0.93623996,True,0.009287166,0.93623996,0.03036848,0.020314578,0.0037898428
209,62,469626,A,S,S,S,0.9428323,True,0.008829384,0.9428323,0.029615032,0.015761966,0.0029613923
209,62,474256,A,S,S,S,0.9296542,True,0.010353021,0.9296542,0.0313387,0.024934094,0.0037199943
209,62,479483,A,S,S,S,0.93831015,True,0.009459917,0.93831015,0.032706253,0.016350433,0.003173186
209,62,502290,A,S,S,S,0.92976606,True,0.008955442,0.92976606,0.033404395,0.02394621,0.0039279023
209,62,503386,A,S,S,S,0.9325023,True,0.009805378,0.9325023,0.03720823,0.0169374,0.0035466303
209,62,506377,A,S,S,S,0.9391885,True,0.009327767,0.9391885,0.032649897,0.015607118,0.003226812
209,62,507498,A,S,S,S,0.9381225,True,0.0100159235,0.9381225,0.032921948,0.015598589,0.003341019
209,62,508407,A,S,S,S,0.9281561,True,0.0097009875,0.9281561,0.04136887,0.017168088,0.0036059339
209,62,526991,A,S,S,S,0.9288052,True,0.010811335,0.9288052,0.033655442,0.02254988,0.004178128
209,62,540937,A,S,S,S,0.92418164,True,0.009883089,0.92418164,0.03416666,0.027500624,0.004267949
209,62,542039,A,S,S,S,0.9394886,True,0.009352441,0.9394886,0.032345206,0.01582184,0.0029919606
209,62,545731,A,S,S,S,0.9329245,True,0.009752058,0.9329245,0.037424333,0.016537633,0.0033613911
209,62,549687,A,S,S,S,0.9274428,True,0.008818339,0.9274428,0.036198188,0.023886146,0.0036545172
209,62,550562,A,S,S,S,0.94153047,True,0.008971004,0.94153047,0.030824926,0.015571215,0.0031024136
209,62,550950,A,S,S,S,0.93382967,True,0.0093075335,0.93382967,0.03714268,0.016491516,0.0032285093
209,62,551102,A,S,S,S,0.94790304,True,0.007580946,0.94790304,0.027210489,0.014778476,0.002527105
209,62,551251,A,S,S,S,0.9414681,True,0.009580892,0.9414681,0.03123582,0.014985005,0.0027302217
209,62,551399,A,S,S,S,0.94278437,True,0.010500656,0.94278437,0.029625976,0.014218549,0.0028704146
209,62,551547,A,S,S,S,0.94591117,True,0.008768553,0.94591117,0.028586531,0.0141521925,0.002581591
209,62,551701,A,S,S,S,0.94583416,True,0.0079711275,0.94583416,0.027146785,0.015918342,0.0031295894
209,62,555338,A,S,S,S,0.94407153,True,0.0082157245,0.94407153,0.026862642,0.01801744,0.0028326465
209,62,557177,A,S,S,S,0.9442844,True,0.008641403,0.9442844,0.026721431,0.017443337,0.002909545
209,62,560180,A,S,S,S,0.944251,True,0.008524639,0.944251,0.02809117,0.01620777,0.0029253901
209,62,561094,A,S,S,S,0.930368,True,0.009932635,0.930368,0.033801954,0.022452975,0.0034444814
209,62,565267,A,S,S,S,0.93746954,True,0.009383679,0.93746954,0.031170338,0.018798053,0.0031783686
209,62,566153,A,S,S,S,0.94006956,True,0.009138987,0.94006956,0.031738356,0.015804932,0.0032480916
209,62,574873,A,S,S,S,0.94441885,True,0.008590355,0.94441885,0.029212276,0.014879971,0.0028985841
209,62,577841,A,S,S,S,0.9433325,True,0.008902588,0.9433325,0.030297197,0.014749913,0.0027178156
209,62,582652,A,S,S,S,0.93710405,True,0.0112091545,0.93710405,0.03113239,0.017326025,0.0032283193
209,62,598676,A,S,S,S,0.9451317,True,0.008353693,0.9451317,0.025527695,0.017900301,0.0030865236
209,62,601435,A,S,S,S,0.9423636,True,0.008958034,0.9423636,0.030797472,0.014975854,0.0029051225
209,62,604228,A,S,S,S,0.9448398,True,0.00869148,0.9448398,0.029335903,0.0144520635,0.0026807461
209,62,605994,A,S,S,S,0.92009187,True,0.007856322,0.92009187,0.036262866,0.032147475,0.0036414587
209,62,609709,A,S,S,S,0.9394431,True,0.009005787,0.9394431,0.032344203,0.01631077,0.0028962253
209,62,611689,A,S,S,S,0.90767217,True,0.012918209,0.90767217,0.034020547,0.041029032,0.0043599955
209,62,614511,A,S,S,S,0.9386991,True,0.009369527,0.9386991,0.03243405,0.016346226,0.003151017
209,62,617133,A,S,S,S,0.9428579,True,0.009216444,0.9428579,0.030157598,0.014920953,0.0028470159
209,62,617504,A,S,S,S,0.93430835,True,0.008842019,0.93430835,0.037472975,0.016309349,0.0030673493
209,62,617647,A,S,S,S,0.94875777,True,0.0073862555,0.94875777,0.026304463,0.015021531,0.0025299878
209,62,617797,A,S,S,S,0.9494921,True,0.0073691774,0.9494921,0.025635326,0.015016178,0.0024873654
209,62,617951,A,S,S,S,0.9473342,True,0.0076693064,0.9473342,0.02680675,0.015373956,0.0028157686
209,62,618349,A,S,S,S,0.9453708,True,0.0067165256,0.9453708,0.025503252,0.019431537,0.0029779556
209,62,618502,A,S,S,S,0.9464925,True,0.007916258,0.9464925,0.027614208,0.0152031435,0.002773915
209,62,618651,A,S,S,S,0.9448705,True,0.008748153,0.9448705,0.02882373,0.014648368,0.0029092208
209,62,618861,A,S,S,S,0.93177485,True,0.0082348315,0.93177485,0.0312584,0.024582235,0.00414963
209,62,619036,A,S,S,S,0.9423107,True,0.009090447,0.9423107,0.030452779,0.015258592,0.002887415
209,62,619178,A,S,S,S,0.9469892,True,0.008538347,0.9469892,0.027794812,0.014036936,0.0026407214
209,62,619322,A,S,S,S,0.94847864,True,0.008573502,0.94847864,0.026554495,0.013919413,0.0024740442
209,62,619466,A,S,S,S,0.94736636,True,0.007954385,0.94736636,0.027663283,0.014532872,0.0024831484
209,62,619608,A,S,S,S,0.94962585,True,0.007744269,0.94962585,0.025457706,0.014718756,0.0024535004
209,62,619740,A,S,S,S,0.9496083,True,0.007316077,0.9496083,0.02487959,0.015686419,0.0025097083
209,62,619884,A,S,S,S,0.946786,True,0.007912489,0.946786,0.02718348,0.0154653285,0.00265285
209,62,620037,A,S,S,S,0.94634515,True,0.008966094,0.94634515,0.026932953,0.01480164,0.0029541333
209,62,620189,A,S,S,S,0.94268405,True,0.009105136,0.94268405,0.029869108,0.015224563,0.0031171113
209,62,622158,A,S,S,S,0.9374572,True,0.009073323,0.9374572,0.03391144,0.016189884,0.003368233
209,62,624000,A,S,S,S,0.9311898,True,0.011591694,0.9311898,0.034442123,0.018669331,0.004107113
209,62,627035,A,S,S,S,0.9478789,True,0.008853725,0.9478789,0.025036838,0.015565416,0.002665082
209,62,628935,A,S,S,S,0.94135886,True,0.010330924,0.94135886,0.028221563,0.016793685,0.0032949185
209,62,631779,A,S,S,S,0.9353002,True,0.009162691,0.9353002,0.0341387,0.017614568,0.003783976
209,62,631983,A,S,S,S,0.9318758,True,0.0105282385,0.9318758,0.034209087,0.019342605,0.0040442254
209,62,632151,A,S,S,S,0.93543124,True,0.009823529,0.93543124,0.035527393,0.016008485,0.0032093732
209,62,632292,A,S,S,S,0.9482202,True,0.007742639,0.9482202,0.026888536,0.014605568,0.0025431127
209,62,632434,A,S,S,S,0.9436682,True,0.008925817,0.9436682,0.030049615,0.0147134,0.0026429254
209,62,632577,A,S,S,S,0.94516045,True,0.009474193,0.94516045,0.028670778,0.014058272,0.0026361647
209,62,632720,A,S,S,S,0.9480998,True,0.008012908,0.9480998,0.026663031,0.014602384,0.0026218384
209,62,639493,A,S,S,S,0.94102126,True,0.008253215,0.94102126,0.031176863,0.016487015,0.003061643
209,62,645355,A,S,S,S,0.9388395,True,0.009271294,0.9388395,0.033247456,0.015507532,0.0031341885
209,62,647443,A,S,S,S,0.9470964,True,0.008439079,0.9470964,0.026606975,0.015155283,0.0027023745
214,53,603670,F,F,F,V,0.5336029,False,0.04544069,0.33324513,0.5336029,0.03634747,0.051363837
220,87,17936,A,S,S,S,0.54461503,True,0.01711006,0.54461503,0.3919282,0.02435252,0.021994123
220,87,114733,A,S,S,S,0.82508326,True,0.011689999,0.82508326,0.12579297,0.024255117,0.013178707
220,87,116136,A,S,S,S,0.8177119,True,0.055238232,0.8177119,0.079063885,0.03054233,0.017443521
220,87,120342,A,S,S,S,0.9070506,True,0.024880268,0.9070506,0.04014391,0.019630738,0.008294601
220,87,144425,A,S,S,S,0.94153637,True,0.011011618,0.94153637,0.027809793,0.015791763,0.0038503804
220,87,147063,A,S,S,S,0.86626196,True,0.018579666,0.86626196,0.05175937,0.0558196,0.007579422
220,87,147277,A,S,S,S,0.82108295,True,0.049443763,0.82108295,0.034998834,0.08393608,0.010538469
220,87,147436,A,S,S,S,0.72846425,True,0.15362424,0.72846425,0.03532638,0.067511,0.015074184
220,87,148274,A,S,S,S,0.5884803,True,0.1719314,0.5884803,0.033570655,0.18361501,0.022402601
220,87,148424,A,S,S,S,0.44858867,True,0.3341729,0.44858867,0.0181815,0.17750321,0.021553673
220,87,148563,A,S,S,S,0.8085847,True,0.10438803,0.8085847,0.032279454,0.04128734,0.0134604005
220,87,149615,A,S,S,S,0.7310249,True,0.09264257,0.7310249,0.029558653,0.12695284,0.019821066
220,87,149758,A,S,S,S,0.7967073,True,0.096653335,0.7967073,0.022815669,0.07047409,0.013349757
220,87,149896,A,S,S,S,0.5152202,True,0.3729757,0.5152202,0.033433057,0.04593781,0.032433167
220,87,150047,A,S,S,S,0.51624787,True,0.20759381,0.51624787,0.02882084,0.20631766,0.041019816
220,87,150862,A,S,S,S,0.89739436,True,0.03655054,0.89739436,0.026393838,0.030280719,0.009380511
220,87,151013,A,S,S,S,0.945595,True,0.009604603,0.945595,0.026714187,0.015202538,0.0028836844
220,87,151152,A,S,S,S,0.9324655,True,0.0112292245,0.9324655,0.03474903,0.01684737,0.0047087832
220,87,152473,A,S,S,S,0.93304205,True,0.008844287,0.93304205,0.028890701,0.025406074,0.0038168353
220,87,155307,A,S,S,S,0.8946013,True,0.012101408,0.8946013,0.047491167,0.03822759,0.0075786007
220,87,155453,A,S,S,S,0.86050314,True,0.058341958,0.86050314,0.041325424,0.031173205,0.008656238
220,87,155685,A,S,S,S,0.93579537,True,0.014359641,0.93579537,0.026025401,0.019889629,0.0039299233
220,87,158359,A,S,S,S,0.93026626,True,0.01227695,0.93026626,0.028688362,0.024749381,0.0040190527
220,87,200198,A,S,S,S,0.9266572,True,0.01360972,0.9266572,0.029717164,0.026054543,0.003961334
220,87,224020,A,S,S,S,0.9303258,True,0.011066387,0.9303258,0.03035952,0.02339354,0.0048548086
220,87,225493,A,S,S,S,0.8380565,True,0.02432212,0.8380565,0.042442434,0.08461389,0.010564959
220,87,228185,A,S,S,S,0.94109327,True,0.009635126,0.94109327,0.027724931,0.018114805,0.003431903
220,87,228330,A,S,S,S,0.9427372,True,0.012427545,0.9427372,0.027117267,0.014592539,0.003125429
220,87,229492,A,S,S,S,0.8870647,True,0.019130722,0.8870647,0.037731484,0.048751514,0.007321631
220,87,231989,A,S,S,S,0.94014233,True,0.009627075,0.94014233,0.02969377,0.017062152,0.0034746723
220,87,232136,A,S,S,S,0.94271934,True,0.011802831,0.94271934,0.028163852,0.014410385,0.0029036037
220,87,232288,A,S,S,S,0.7828255,True,0.097766235,0.7828255,0.06588604,0.028570708,0.024951562
220,87,232461,A,S,S,S,0.90683633,True,0.030146196,0.90683633,0.042307276,0.014811639,0.0058984375
220,87,233600,A,S,S,S,0.9469423,True,0.009981756,0.9469423,0.025735823,0.014409405,0.002930592
220,87,233746,A,S,S,S,0.94460934,True,0.010759968,0.94460934,0.027595809,0.01413947,0.0028953254
220,87,233893,A,S,S,S,0.93654186,True,0.011667551,0.93654186,0.032767095,0.015700698,0.00332289
220,87,296046,A,S,S,S,0.9416756,True,0.009606437,0.9416756,0.02868353,0.016520074,0.0035142787
220,87,298613,A,S,S,S,0.8595118,True,0.028803363,0.8595118,0.050594475,0.05287028,0.008220084
220,87,300224,A,S,S,S,0.8974332,True,0.025252547,0.8974332,0.03105983,0.039920922,0.0063334755
220,87,304743,A,S,S,S,0.8151288,True,0.057712387,0.8151288,0.03895181,0.077681094,0.01052593
220,87,306426,A,S,S,S,0.7878172,True,0.040809106,0.7878172,0.029818786,0.13020165,0.011353187
220,87,307619,A,S,S,S,0.9333287,True,0.013133536,0.9333287,0.027466694,0.021568988,0.0045021246
220,87,307768,A,S,S,S,0.9222442,True,0.024366444,0.9222442,0.031322245,0.01779986,0.0042672143
220,87,308008,A,S,S,S,0.9434437,True,0.01078995,0.9434437,0.025902178,0.01679956,0.003064539
220,87,309598,A,S,S,S,0.9035831,True,0.019329295,0.9035831,0.035046346,0.03586708,0.0061741304
220,87,328550,A,S,S,S,0.8563462,True,0.026956651,0.8563462,0.038427286,0.07038719,0.007882664
220,87,333538,A,S,S,S,0.9371691,True,0.012332172,0.9371691,0.025721593,0.020424224,0.004353065
220,87,360911,A,S,S,S,0.9423316,True,0.010488129,0.9423316,0.026027909,0.01796969,0.0031825856
220,87,365161,A,S,S,S,0.9430446,True,0.009369714,0.9430446,0.028744515,0.015641246,0.0031999606
220,87,365319,A,S,S,S,0.93091995,True,0.018319309,0.93091995,0.031497825,0.01532423,0.0039387415
220,87,366911,A,S,S,S,0.9408526,True,0.012947498,0.9408526,0.02691873,0.01550918,0.0037721633
220,87,392984,A,S,S,S,0.93362206,True,0.012296621,0.93362206,0.030435074,0.019112965,0.004533333
220,87,393128,A,S,S,S,0.9157589,True,0.022112956,0.9157589,0.035135087,0.021014562,0.005978549
220,87,395654,A,S,S,S,0.93249494,True,0.012888676,0.93249494,0.030734653,0.019379506,0.0045021474
220,87,395864,A,S,S,S,0.9095783,True,0.01987608,0.9095783,0.032950904,0.03240898,0.005185698
220,87,397133,A,S,S,S,0.8570963,True,0.040672254,0.8570963,0.03837865,0.055198792,0.008653984
220,87,397291,A,S,S,S,0.9010226,True,0.03729715,0.9010226,0.03366421,0.021484576,0.006531528
220,87,399887,A,S,S,S,0.9384095,True,0.013178293,0.9384095,0.029525787,0.015203278,0.0036831147
220,87,400040,A,S,S,S,0.9221839,True,0.022773141,0.9221839,0.034988534,0.015815089,0.004239334
220,87,416797,A,S,S,S,0.8439211,True,0.07398292,0.8439211,0.047194567,0.02611178,0.0087896455
220,87,436801,A,S,S,S,0.9330203,True,0.014069898,0.9330203,0.027247448,0.021557996,0.0041042636
220,87,438029,A,S,S,S,0.93288743,True,0.011783987,0.93288743,0.030859,0.020085543,0.0043839836
220,87,441897,A,S,S,S,0.9037964,True,0.014342386,0.9037964,0.0373517,0.037778,0.0067315903
220,87,443097,A,S,S,S,0.82268983,True,0.04674102,0.82268983,0.041665778,0.07849848,0.010404803
220,87,443253,A,S,S,S,0.8390461,True,0.08278916,0.8390461,0.037467632,0.03196108,0.008735931
220,87,444432,A,S,S,S,0.93961644,True,0.0152280135,0.93961644,0.026071368,0.015511043,0.0035731427
220,87,444582,A,S,S,S,0.9436323,True,0.00991448,0.9436323,0.028864738,0.014878947,0.0027095296
220,87,444724,A,S,S,S,0.90961397,True,0.022026496,0.90961397,0.042779796,0.018018264,0.0075615314
220,87,444898,A,S,S,S,0.9314383,True,0.018159745,0.9314383,0.030674046,0.015533723,0.004194179
220,87,445847,A,S,S,S,0.9408409,True,0.009160374,0.9408409,0.026439432,0.020284947,0.003274277
220,87,446035,A,S,S,S,0.9288094,True,0.011359906,0.9288094,0.034295507,0.021142945,0.0043922933
220,87,447287,A,S,S,S,0.9252655,True,0.010839285,0.9252655,0.033610195,0.025313316,0.0049716574
220,87,447428,A,S,S,S,0.92475206,True,0.022154968,0.92475206,0.031644452,0.016941415,0.0045071607
220,87,449938,A,S,S,S,0.8490556,True,0.036547944,0.8490556,0.047766324,0.058328334,0.008301777
220,87,450096,A,S,S,S,0.91077715,True,0.029523294,0.91077715,0.034736563,0.020040335,0.0049227434
220,87,454434,A,S,S,S,0.8946583,True,0.024174176,0.8946583,0.034538407,0.040695228,0.0059338845
220,87,455758,A,S,S,S,0.9021064,True,0.01691078,0.9021064,0.03138017,0.04306018,0.006542469
220,87,458229,A,S,S,S,0.8921655,True,0.012382073,0.8921655,0.03284195,0.05702852,0.005582001
220,87,458403,A,S,S,S,0.94230187,True,0.010435638,0.94230187,0.028208058,0.01605828,0.0029961471
220,87,467731,A,S,S,S,0.8845935,True,0.022761988,0.8845935,0.040616307,0.04650179,0.005526384
220,87,488061,A,S,S,S,0.93253493,True,0.01329655,0.93253493,0.030323127,0.01924864,0.0045967908
220,87,511257,A,S,S,S,0.9345498,True,0.010630625,0.9345498,0.03017413,0.02030036,0.004345024
220,87,511420,A,S,S,S,0.9391497,True,0.012061462,0.9391497,0.030709734,0.014875569,0.0032034833
220,87,518481,A,S,S,S,0.94002897,True,0.010117599,0.94002897,0.031886276,0.01484296,0.0031242303
220,87,535041,A,S,S,S,0.9212752,True,0.013230436,0.9212752,0.033229955,0.027711818,0.004552586
220,87,554405,A,S,S,S,0.93685454,True,0.009893693,0.93685454,0.03353761,0.016255647,0.0034585986
220,87,555527,A,S,S,S,0.94025666,True,0.008340522,0.94025666,0.0323771,0.015936598,0.0030891544
220,87,557974,A,S,S,S,0.8980398,True,0.0151622705,0.8980398,0.03815841,0.04356965,0.0050699026
220,87,558152,A,S,S,S,0.94299394,True,0.010573365,0.94299394,0.02860338,0.014987843,0.002841387
220,87,600678,A,S,S,S,0.93865365,True,0.0074201515,0.93865365,0.028577672,0.022259144,0.0030893201
220,87,611080,A,S,S,S,0.9438833,True,0.0082743615,0.9438833,0.029194519,0.015712997,0.0029348605
220,87,636612,A,S,S,S,0.9355001,True,0.007711714,0.9355001,0.034440782,0.01883992,0.003507466
220,87,643226,A,S,S,S,0.94311756,True,0.007700356,0.94311756,0.030384643,0.015857939,0.0029395146
220,87,645738,A,S,S,S,0.9321905,True,0.0074177915,0.9321905,0.032833982,0.023623213,0.003934556
