record,subject_id,sample,symbol,class_name,true_class,pred_class,confidence,correct,prob_N,prob_S,prob_V,prob_F,prob_Q,waveform_json
108,87,249312,N,N,N,V,0.9383266,False,0.0028227137,0.039211877,0.9383266,0.013774787,0.0058640153,"[0.1944477865157752, 0.18229479985853927, 0.1701418132013033, 0.20660077317301118, 0.29167167977366276, 0.3402836264026066, 0.36458959971707855, 0.36458959971707855, 0.3402836264026066, 0.3159776530881347, 0.3402836264026066, 0.4132015463460223, 0.43750751966049417, 0.43750751966049417, 0.44966050631773014, 0.486119466289438, 0.5711903728900897, 0.6441082928335053, 0.6684142661479773, 0.6319553061762694, 0.5954963462045615, 0.6441082928335053, 0.6927202394624492, 0.7413321860913928, 0.7534851727486288, 0.7291791994341569, 0.6805672528052132, 0.5954963462045615, 0.5225784262611459, 0.44966050631773014, 0.3767425863743145, 0.3159776530881347, 0.243059733144719, 0.1336828532295955, 0.14583583988683138, 0.10937687991512357, 0.0607649332861798, 0.03645895997170788, 0.01215298665723596, 0.0607649332861798, 0.0607649332861798, 0.04861194662894384, 0.01215298665723596, 0.0, -0.03645895997170788, 0.01215298665723596, -0.01215298665723596, 0.0, 0.01215298665723596, 0.01215298665723596, 0.01215298665723596, -0.01215298665723596, 0.01215298665723596, 0.0607649332861798, 0.04861194662894384, 0.02430597331447192, 0.0, 0.03645895997170788, 0.07291791994341569, 0.07291791994341569, 0.07291791994341569, 0.07291791994341569, 0.04861194662894384, 0.07291791994341569, 0.0607649332861798, 0.0607649332861798, 0.08507090660065166, 0.0607649332861798, -0.02430597331447192, -0.02430597331447192, 0.03645895997170788, 0.03645895997170788, 0.0, 0.0, 0.04861194662894384, 0.1944477865157752, 0.4132015463460223, 0.7170262127769211, 1.1180747724657074, 1.5191233321544937, 1.7500300786419767, 1.7378770919847408, 1.677112158698561, 1.7986420252709205, 1.932324878500516, 1.9930898117866958, 1.9930898117866958, 2.0781607183873474, 2.163231624987999, 2.223996558274179, 2.345526424846538, 2.3576794115037742, 2.2847614915603587, 2.1267726650162913, 1.895865918528808, 1.4826643721827857, 1.0330038658650558, 0.6684142661479773, 0.3524366130598426, -0.03645895997170788, -0.5104254396039097, -0.9236269859499322, -1.227451652380831, -1.3854404789248982, -1.3489815189531902, -1.1423807457801791, -0.96008594592164, -0.8385560793492804, -0.8264030926920445, -0.8142501060348085, -0.7534851727486287, -0.6076493328617975, -0.5347314129183817, -0.5711903728900896, -0.6441082928335053, -0.6198023195190334, -0.6319553061762694, -0.6076493328617975, -0.5590373862328536, -0.5347314129183817, -0.486119466289438, -0.473966479632202, -0.5954963462045615, -0.7170262127769211, -0.7170262127769211, -0.6562612794907413, -0.6562612794907413, -0.7656381594058647, -0.8385560793492804, -0.8020971193775726, -0.7413321860913927, -0.7048732261196852, -0.7777911460631006, -0.8507090660065164, -0.9236269859499322, -0.972238932578876, -0.947932959264404, -0.8871680259782243, -0.8871680259782243, -0.9236269859499322, -0.9965449058933479, -0.9965449058933479, -1.0086978925505838, -0.9843919192361119, -1.0573098391795275, -1.1423807457801791, -1.1788397057518871, -1.1302277591229433, -1.1180747724657072, -1.1059217858084713, -1.1788397057518871, -1.1423807457801791, -1.1545337324374152, -1.1302277591229433, -1.2517576256953027, -1.3489815189531902, -1.3489815189531902, -1.3368285322959546, -1.3125225589814826, -1.2882165856670107, -1.2882165856670107, -1.227451652380831, -1.2396046390380668, -1.2517576256953027, -1.3003695723242465, -1.3611345056104263, -1.40974645223937, -1.3489815189531902, -1.2882165856670107, -1.2760635990097746, -1.3368285322959546, -1.397593465582134, -1.3611345056104263, -1.2639106123525388, -1.215298665723595, -1.227451652380831, -1.215298665723595, -1.2396046390380668, -1.2760635990097746, -1.2517576256953027]"
104,66,133918,N,N,N,V,0.9251699,False,0.0029132536,0.044885945,0.9251699,0.018855046,0.0081758,"[0.10840030063016712, 0.09635582278237076, 0.10840030063016712, 0.10840030063016712, 0.12044477847796346, 0.14453373417355617, 0.10840030063016712, 0.12044477847796346, 0.1686226898691488, 0.1324892563257598, 0.1324892563257598, 0.15657821202135253, 0.21680060126033424, 0.27702299049931595, 0.2890674683471123, 0.25293403480372323, 0.21680060126033424, 0.20475612341253788, 0.25293403480372323, 0.26497851265151956, 0.22884507910813057, 0.18066716771694516, 0.10840030063016712, 0.10840030063016712, 0.10840030063016712, 0.10840030063016712, 0.08431134493457447, 0.048177911391185414, 0.012044477847796354, 0.024088955695592707, 0.012044477847796354, 0.0, -0.060222389238981634, -0.060222389238981634, -0.036133433543388924, -0.012044477847796354, 0.0, 0.0, 0.024088955695592707, 0.03613343354338906, 0.03613343354338906, 0.048177911391185414, 0.03613343354338906, 0.012044477847796354, 0.012044477847796354, 0.024088955695592707, 0.024088955695592707, 0.048177911391185414, 0.024088955695592707, 0.048177911391185414, 0.03613343354338906, 0.048177911391185414, 0.03613343354338906, 0.060222389238981766, 0.060222389238981766, 0.048177911391185414, 0.03613343354338906, 0.0, 0.0, 0.024088955695592707, 0.048177911391185414, 0.07226686708677812, 0.03613343354338906, 0.048177911391185414, 0.024088955695592707, 0.048177911391185414, 0.07226686708677812, 0.08431134493457447, 0.03613343354338906, -0.012044477847796354, -0.060222389238981634, -0.024088955695592707, 0.048177911391185414, 0.048177911391185414, 0.08431134493457447, 0.1686226898691488, 0.2890674683471123, 0.48177911391185374, 0.6383573259332062, 0.7828910601067622, 0.9033358385847257, 0.9996916613670965, 1.1683143512362453, 1.4453373417355613, 1.758493765778266, 2.10778362336436, 2.5534293037328246, 2.914763639166715, 3.336320363839587, 3.5651654429477175, 3.6253878321866995, 3.4326761866219577, 3.047252895492475, 2.5775182594284174, 2.071650189820971, 1.5778265980613209, 1.0719585284538744, 0.5420015031508355, 0.18066716771694516, -0.1204447784779634, -0.39746776897727926, -0.5781349366942244, -0.698579715172188, -0.7226686708677804, -0.7708465822589659, -0.7828910601067621, -0.7708465822589659, -0.7708465822589659, -0.7467576265633731, -0.710624193019984, -0.710624193019984, -0.6865352373243916, -0.6624462816287989, -0.6744907594765952, -0.6744907594765952, -0.6624462816287989, -0.6865352373243916, -0.7226686708677804, -0.7588021044111695, -0.698579715172188, -0.6744907594765952, -0.6865352373243916, -0.698579715172188, -0.7226686708677804, -0.7588021044111695, -0.7347131487155767, -0.7226686708677804, -0.7226686708677804, -0.6865352373243916, -0.7226686708677804, -0.7708465822589659, -0.7588021044111695, -0.7588021044111695, -0.7828910601067621, -0.7949355379545585, -0.8310689714979476, -0.7949355379545585, -0.7828910601067621, -0.7347131487155767, -0.7347131487155767, -0.7467576265633731, -0.8069800158023549, -0.843113449345744, -0.8069800158023549, -0.7588021044111695, -0.7828910601067621, -0.7949355379545585, -0.8069800158023549, -0.8069800158023549, -0.8069800158023549, -0.7708465822589659, -0.7828910601067621, -0.8190244936501512, -0.8190244936501512, -0.8190244936501512, -0.7949355379545585, -0.7828910601067621, -0.7828910601067621, -0.7949355379545585, -0.8069800158023549, -0.8190244936501512, -0.8190244936501512, -0.7949355379545585, -0.8069800158023549, -0.7949355379545585, -0.7949355379545585, -0.8190244936501512, -0.7828910601067621, -0.7708465822589659, -0.7588021044111695, -0.8069800158023549, -0.7949355379545585, -0.7828910601067621, -0.7467576265633731, -0.6744907594765952, -0.6624462816287989, -0.6744907594765952, -0.7226686708677804, -0.7226686708677804, -0.698579715172188]"
104,66,62126,N,N,N,V,0.9348006,False,0.0029512348,0.03489547,0.9348006,0.018852914,0.008499811,"[0.0, 0.09411498969440853, 0.10980082131014332, 0.03137166323146957, 0.03137166323146957, 0.03137166323146957, 0.03137166323146957, 0.17254414777308247, 0.20391581100455203, 0.20391581100455203, 0.1254866529258781, 0.14117248454161288, 0.18822997938881725, 0.25097330585175637, 0.26665913746749115, 0.20391581100455203, 0.17254414777308247, 0.2196016426202868, 0.2823449690832259, 0.32940246393043016, 0.32940246393043016, 0.2823449690832259, 0.17254414777308247, 0.17254414777308247, 0.2352874742360216, 0.25097330585175637, 0.26665913746749115, 0.17254414777308247, 0.17254414777308247, 0.15685831615734766, 0.1254866529258781, 0.09411498969440853, 0.06274332646293913, 0.0, -0.047057494847204354, 0.03137166323146957, 0.10980082131014332, 0.14117248454161288, 0.10980082131014332, 0.07842915807867393, 0.015685831615734783, 0.0, 0.047057494847204354, 0.10980082131014332, 0.10980082131014332, 0.07842915807867393, 0.0, -0.03137166323146957, 0.0, 0.047057494847204354, 0.10980082131014332, 0.07842915807867393, 0.06274332646293913, 0.0, 0.06274332646293913, 0.1254866529258781, 0.15685831615734766, 0.15685831615734766, 0.09411498969440853, 0.06274332646293913, 0.07842915807867393, 0.10980082131014332, 0.07842915807867393, 0.09411498969440853, 0.15685831615734766, 0.15685831615734766, 0.17254414777308247, 0.14117248454161288, 0.10980082131014332, 0.1254866529258781, 0.1254866529258781, 0.14117248454161288, 0.10980082131014332, 0.07842915807867393, -0.015685831615734783, -0.03137166323146957, 0.07842915807867393, 0.2823449690832259, 0.4705749484720432, 0.6744907594765951, 0.8313490756339429, 0.956835728559821, 1.098008213101434, 1.3176098557217206, 1.5999548248049467, 1.9607289519668463, 2.384246405591685, 2.6352197114434417, 2.8705071856794633, 3.09010882829975, 3.2312813128413627, 3.1528521547626887, 2.7920780276007893, 2.274445584281542, 1.7097556461150902, 1.2391806976430468, 0.8784065704811472, 0.42351745362483884, 0.03137166323146957, -0.42351745362483867, -0.7686057491710039, -0.8784065704811471, -0.8627207388654122, -0.8313490756339427, -0.9254640653283515, -0.956835728559821, -0.9411498969440862, -0.8156632440182079, -0.7058624227080648, -0.69017659109233, -0.7215482543237995, -0.8313490756339427, -0.9097782337126167, -0.8627207388654122, -0.7686057491710039, -0.7215482543237995, -0.7529199175552691, -0.8313490756339427, -0.9254640653283515, -0.9411498969440862, -0.8784065704811471, -0.8470349072496774, -0.7529199175552691, -0.69017659109233, -0.6431190962451256, -0.6274332646293909, -0.549004106550717, -0.5646899381664517, -0.6274332646293909, -0.6744907594765952, -0.7215482543237995, -0.6744907594765952, -0.6431190962451256, -0.6744907594765952, -0.7058624227080648, -0.7215482543237995, -0.7842915807867387, -0.7686057491710039, -0.7686057491710039, -0.7058624227080648, -0.7215482543237995, -0.7372340859395343, -0.7842915807867387, -0.7999774124024731, -0.7686057491710039, -0.7686057491710039, -0.7215482543237995, -0.7058624227080648, -0.7372340859395343, -0.7215482543237995, -0.7686057491710039, -0.7529199175552691, -0.7058624227080648, -0.7842915807867387, -0.8470349072496774, -0.8784065704811471, -0.8470349072496774, -0.8156632440182079, -0.8156632440182079, -0.7999774124024731, -0.7842915807867387, -0.7999774124024731, -0.7999774124024731, -0.8313490756339427, -0.7999774124024731, -0.8313490756339427, -0.8470349072496774, -0.8470349072496774, -0.8627207388654122, -0.7999774124024731, -0.7999774124024731, -0.7372340859395343, -0.7842915807867387, -0.7686057491710039, -0.7529199175552691, -0.7372340859395343, -0.7529199175552691, -0.8313490756339427, -0.8627207388654122, -0.8156632440182079]"
104,66,446179,N,N,N,V,0.9321269,False,0.002961859,0.04184171,0.9321269,0.016570162,0.0064994544,"[0.3863587845545545, 0.3601649686525509, 0.347068060701549, 0.2815835209465397, 0.26848661299553783, 0.2815835209465397, 0.25538970504453606, 0.24229279709353418, 0.22919588914253233, 0.17680825733852495, 0.17680825733852495, 0.1375175334855194, 0.1637113493875231, 0.12442062553451752, 0.12442062553451752, 0.07203299373051016, 0.09822680963251387, 0.11132371758351567, 0.12442062553451752, 0.1375175334855194, 0.11132371758351567, 0.0589360857795083, 0.07203299373051016, 0.08512990168151202, 0.11132371758351567, 0.08512990168151202, 0.0589360857795083, 0.07203299373051016, 0.04583917782850644, 0.07203299373051016, 0.08512990168151202, 0.07203299373051016, 0.07203299373051016, 0.04583917782850644, 0.04583917782850644, 0.07203299373051016, 0.07203299373051016, 0.0589360857795083, 0.04583917782850644, 0.01964536192650279, 0.01964536192650279, 0.04583917782850644, 0.0589360857795083, 0.03274226987750458, 0.03274226987750458, -0.00654845397550093, -0.01964536192650279, -0.00654845397550093, 0.03274226987750458, 0.01964536192650279, 0.00654845397550093, -0.00654845397550093, -0.03274226987750465, 0.01964536192650279, 0.03274226987750458, 0.03274226987750458, 0.00654845397550093, -0.03274226987750465, -0.00654845397550093, 0.03274226987750458, 0.03274226987750458, 0.01964536192650279, -0.00654845397550093, -0.01964536192650279, 0.00654845397550093, 0.00654845397550093, 0.03274226987750458, 0.00654845397550093, 0.00654845397550093, -0.01964536192650279, 0.01964536192650279, 0.01964536192650279, 0.03274226987750458, 0.03274226987750458, 0.0589360857795083, 0.0589360857795083, 0.1637113493875231, 0.3339711527505471, 0.49113404816256934, 0.6221031276725878, 0.8054598389866137, 0.9364289184966321, 1.0804949059576525, 1.3031423411246839, 1.5912743160467244, 1.905600106870769, 2.3116042533518266, 2.7438022157348874, 3.110515638362939, 3.424841429186983, 3.595101232550007, 3.542713600746, 3.280775441725963, 2.848577479342902, 2.2854104374498228, 1.7615341194097487, 1.3424330649776894, 0.9233320105456303, 0.6744907594765952, 0.3339711527505471, -0.01964536192650279, -0.3601649686525509, -0.5042309561135712, -0.595909311770584, -0.6613938515255934, -0.700684575378599, -0.7268783912806026, -0.6744907594765952, -0.6352000356235896, -0.6744907594765952, -0.687587667427597, -0.7530722071826064, -0.7268783912806026, -0.7137814833296008, -0.700684575378599, -0.6482969435745914, -0.687587667427597, -0.7268783912806026, -0.6744907594765952, -0.7137814833296008, -0.700684575378599, -0.700684575378599, -0.700684575378599, -0.7268783912806026, -0.700684575378599, -0.700684575378599, -0.700684575378599, -0.687587667427597, -0.687587667427597, -0.7399752992316045, -0.7137814833296008, -0.7530722071826064, -0.700684575378599, -0.700684575378599, -0.7268783912806026, -0.7661691151336082, -0.7661691151336082, -0.7137814833296008, -0.7399752992316045, -0.687587667427597, -0.7530722071826064, -0.792362931035612, -0.7530722071826064, -0.7661691151336082, -0.7530722071826064, -0.7661691151336082, -0.7530722071826064, -0.792362931035612, -0.8054598389866138, -0.7792660230846101, -0.7661691151336082, -0.7792660230846101, -0.8054598389866138, -0.8709443787416228, -0.857847470790621, -0.8185567469376157, -0.792362931035612, -0.8054598389866138, -0.8709443787416228, -0.9233320105456303, -0.8709443787416228, -0.8709443787416228, -0.8054598389866138, -0.8709443787416228, -0.9233320105456303, -0.9102351025946284, -0.9102351025946284, -0.8709443787416228, -0.8185567469376157, -0.8447505628396191, -0.8709443787416228, -0.8840412866926247, -0.857847470790621, -0.8447505628396191, -0.8316536548886175, -0.8316536548886175, -0.8447505628396191, -0.8709443787416228, -0.8447505628396191, -0.7792660230846101]"
104,66,537927,N,N,N,V,0.9373269,False,0.0029787417,0.038420193,0.9373269,0.014908403,0.0063657337,"[0.40210026045720093, 0.31130342745073625, 0.29833245130695557, 0.29833245130695557, 0.31130342745073625, 0.29833245130695557, 0.2594195228756135, 0.23347757058805219, 0.15565171372536812, 0.15565171372536812, 0.18159366601292942, 0.2075356183004908, 0.2075356183004908, 0.1686226898691488, 0.14268073758158742, 0.12970976143780674, 0.15565171372536812, 0.15565171372536812, 0.15565171372536812, 0.1686226898691488, 0.15565171372536812, 0.14268073758158742, 0.15565171372536812, 0.15565171372536812, 0.15565171372536812, 0.12970976143780674, 0.07782585686268406, 0.07782585686268406, 0.10376780915024536, 0.09079683300646475, 0.10376780915024536, 0.07782585686268406, 0.025941952287561305, 0.038912928431341996, 0.05188390457512268, 0.06485488071890337, 0.11673878529402605, 0.09079683300646475, 0.05188390457512268, 0.038912928431341996, 0.06485488071890337, 0.05188390457512268, 0.038912928431341996, 0.0, -0.038912928431342066, -0.012970976143780689, 0.025941952287561305, 0.05188390457512268, 0.05188390457512268, 0.038912928431341996, 0.012970976143780689, 0.012970976143780689, 0.025941952287561305, 0.038912928431341996, 0.038912928431341996, 0.012970976143780689, 0.0, -0.012970976143780689, -0.038912928431342066, 0.038912928431341996, 0.038912928431341996, 0.025941952287561305, 0.0, -0.038912928431342066, -0.025941952287561378, -0.012970976143780689, -0.025941952287561378, 0.0, 0.012970976143780689, 0.05188390457512268, 0.07782585686268406, 0.06485488071890337, 0.05188390457512268, 0.025941952287561305, 0.05188390457512268, 0.15565171372536812, 0.28536147516317484, 0.47992611731988505, 0.6226068549014725, 0.7523166163392792, 0.8820263777770859, 1.0376780915024542, 1.2581846859467256, 1.4916622565347777, 1.7640527555541718, 2.11426911143625, 2.49042741960589, 2.9444115846382135, 3.3983957496705375, 3.683757224833712, 3.761583081696396, 3.5799894156834666, 3.151947202938704, 2.5423113241810125, 1.9845593499984435, 1.6732559225477073, 1.4268073758158746, 1.1025329722213575, 0.7004327117641566, 0.32427440359451687, -0.025941952287561378, -0.24644854673183295, -0.40210026045720104, -0.5058680696074465, -0.6226068549014725, -0.7004327117641566, -0.7523166163392794, -0.7134036879079373, -0.6874617356203759, -0.6744907594765952, -0.6874617356203759, -0.7134036879079373, -0.7134036879079373, -0.6744907594765952, -0.6485488071890338, -0.6485488071890338, -0.7134036879079373, -0.7004327117641566, -0.7393456401954986, -0.6874617356203759, -0.6485488071890338, -0.6615197833328146, -0.7004327117641566, -0.7134036879079373, -0.7134036879079373, -0.7393456401954986, -0.7134036879079373, -0.7004327117641566, -0.7004327117641566, -0.7134036879079373, -0.7134036879079373, -0.6874617356203759, -0.7004327117641566, -0.76528759248306, -0.8171714970581828, -0.7912295447706215, -0.7912295447706215, -0.7523166163392794, -0.726374664051718, -0.726374664051718, -0.7782585686268407, -0.8042005209144021, -0.7782585686268407, -0.7523166163392794, -0.7134036879079373, -0.7393456401954986, -0.7912295447706215, -0.7912295447706215, -0.8171714970581828, -0.7782585686268407, -0.7912295447706215, -0.8171714970581828, -0.8820263777770859, -0.8431134493457438, -0.8171714970581828, -0.7912295447706215, -0.8042005209144021, -0.8042005209144021, -0.8820263777770859, -0.9079683300646473, -0.9339102823522087, -0.9339102823522087, -0.920939306208428, -0.920939306208428, -0.9339102823522087, -0.920939306208428, -0.8820263777770859, -0.8820263777770859, -0.8560844254895246, -0.9468812584959894, -0.9598522346397701, -0.9339102823522087, -0.9468812584959894, -0.8949973539208667, -0.9079683300646473, -0.9339102823522087, -0.9468812584959894, -0.920939306208428, -0.920939306208428, -0.9079683300646473]"
108,87,309325,N,N,N,V,0.9237164,False,0.003041884,0.051642254,0.9237164,0.01585,0.005749305,"[0.4714182727524591, 0.48592345037561163, 0.44240791750615394, 0.41339756225984875, 0.4279027398830013, 0.4714182727524591, 0.5149338056219168, 0.6309752266071376, 0.6744907594765953, 0.6744907594765953, 0.6599855818534427, 0.7035011147229004, 0.7180062923460531, 0.7180062923460531, 0.7180062923460531, 0.7035011147229004, 0.8050373580849686, 0.892068423823884, 0.9355839566933418, 0.9355839566933418, 0.9210787790701892, 0.8775632462007315, 0.8630580685775788, 0.8630580685775788, 0.8050373580849686, 0.7035011147229004, 0.5584493384913747, 0.41339756225984875, 0.36988202939039094, 0.26834578602832293, 0.13779918741994968, 0.021757766434728897, -0.021757766434728897, 0.007252588811576299, 0.0652732993041867, 0.13779918741994968, 0.18131472028940732, 0.13779918741994968, 0.07977847692733929, -0.007252588811576299, -0.007252588811576299, 0.0942836545504919, 0.22483025315886512, 0.26834578602832293, 0.2973561412746281, 0.2538406084051703, 0.26834578602832293, 0.2538406084051703, 0.16680954266625472, 0.13779918741994968, 0.0942836545504919, 0.13779918741994968, 0.13779918741994968, 0.07977847692733929, 0.10878883217364449, 0.23933543078201772, 0.3263664965209333, 0.3118613188977807, 0.21032507553571253, 0.07977847692733929, 0.07977847692733929, 0.0507681216810341, -0.03626294405788134, -0.10878883217364432, -0.07977847692733914, 0.021757766434728897, 0.1523043650431023, 0.21032507553571253, 0.21032507553571253, 0.13779918741994968, -0.06527329930418653, -0.1958198979125599, -0.22483025315886496, -0.12329400979679693, 0.007252588811576299, 0.22483025315886512, 0.5584493384913747, 0.964594311939647, 1.3997496406342247, 1.805894614082497, 2.110503344168701, 2.1685240546613116, 2.1395136994150064, 2.1685240546613116, 2.2410499427770745, 2.2555551204002273, 2.3425861861391426, 2.473132784747516, 2.589174205732737, 2.5601638504864317, 2.3861017190086002, 2.3280810085159898, 2.299070653269685, 2.4296172518780583, 2.4441224295012107, 2.3425861861391426, 1.950946390314023, 1.4432651735036823, 0.9500891343164944, 0.39889238463669613, -0.21032507553571236, -0.718006292346053, -0.9645943119396468, -1.0951409105480203, -1.3852444630110718, -1.7043583707204286, -1.8639153245751074, -1.631832482604666, -1.3272237525184614, -1.0081098448091046, -0.8630580685775786, -0.9210787790701891, -0.9645943119396468, -0.8340477133312738, -0.7325114699692056, -0.6599855818534426, -0.6744907594765952, -0.7470166475923582, -0.7470166475923582, -0.6164700489839848, -0.500428627998764, -0.5294389832450692, -0.6599855818534426, -0.8195425357081212, -0.9065736014470365, -0.8340477133312738, -0.7615218252155108, -0.6889959370997478, -0.6744907594765952, -0.8050373580849686, -0.790532180461816, -0.6309752266071373, -0.500428627998764, -0.45691309512930656, -0.5584493384913743, -0.7615218252155108, -0.9645943119396468, -0.9500891343164942, -0.8485528909544261, -0.7470166475923582, -0.718006292346053, -0.7035011147229003, -0.64548040423029, -0.6744907594765952, -0.790532180461816, -0.8920684238238838, -0.8920684238238838, -0.8340477133312738, -0.7615218252155108, -0.6889959370997478, -0.7325114699692056, -0.8195425357081212, -0.9065736014470365, -0.8775632462007312, -0.7760270028386633, -0.6744907594765952, -0.6309752266071373, -0.7035011147229003, -0.7760270028386633, -0.7470166475923582, -0.6889959370997478, -0.64548040423029, -0.6019648713608322, -0.5294389832450692, -0.4859234503756114, -0.5294389832450692, -0.7325114699692056, -0.790532180461816, -0.6889959370997478, -0.500428627998764, -0.4714182727524591, -0.572954516114527, -0.6889959370997478, -0.6164700489839848, -0.4279027398830013, -0.32636649652093314, -0.34087167414408576, -0.45691309512930656, -0.4859234503756114, -0.4279027398830013]"
108,87,248908,N,N,N,V,0.90792,False,0.0030470018,0.06638846,0.90792,0.016858023,0.005786392,"[0.30174586608163473, 0.42599416387995487, 0.46149367753661774, 0.46149367753661774, 0.4437439207082863, 0.4969931911932807, 0.585741975334938, 0.6744907594765952, 0.6567410026482637, 0.6567410026482637, 0.6744907594765952, 0.6922405163049267, 0.7454897867899211, 0.7809893004465839, 0.8342385709315783, 0.8874878414165726, 0.8874878414165726, 0.9229873550732355, 0.940737111901567, 0.9584868687298984, 0.9584868687298984, 0.8519883277599096, 0.7277400299615896, 0.6389912458199323, 0.4969931911932807, 0.42599416387995487, 0.30174586608163473, 0.1774975682833146, 0.017749756828331468, -0.07099902731332577, -0.03549951365666284, 0.017749756828331468, 0.017749756828331468, -0.017749756828331468, -0.08874878414165724, -0.07099902731332577, 0.0, 0.0532492704849944, 0.035499513656662936, 0.0, -0.017749756828331468, -0.03549951365666284, 0.035499513656662936, 0.08874878414165724, 0.017749756828331468, 0.035499513656662936, 0.0532492704849944, 0.017749756828331468, 0.035499513656662936, 0.07099902731332587, 0.035499513656662936, 0.035499513656662936, -0.017749756828331468, 0.0, 0.0532492704849944, 0.0532492704849944, 0.035499513656662936, 0.07099902731332587, 0.0532492704849944, 0.07099902731332587, 0.08874878414165724, 0.07099902731332587, 0.0532492704849944, 0.017749756828331468, 0.035499513656662936, 0.017749756828331468, 0.07099902731332587, 0.07099902731332587, 0.0532492704849944, 0.017749756828331468, 0.0, 0.035499513656662936, 0.12424829779832018, 0.2129970819399774, 0.4792434343649492, 0.8874878414165726, 1.2424829779832016, 1.774975682833145, 2.2719688740264257, 2.520465469623066, 2.4849659559664032, 2.3607176581680833, 2.44946644230974, 2.6092142537647236, 2.751212308391375, 2.8932103630180266, 3.0352084176446783, 3.106207444958004, 3.159456715442998, 3.230455742756324, 3.4079533110396385, 3.4612025815246334, 3.30145477006965, 3.106207444958004, 2.6624635242497177, 2.1299708193997744, 1.6684771418631565, 1.260232734811533, 0.7987390572749153, 0.19524732511164594, -0.3727448933949604, -0.8697380845882411, -1.2779824916398648, -1.5087293304081735, -1.5797283577214993, -1.4732298167515103, -1.3312317621248586, -1.2424829779832018, -1.1359844370132128, -1.0472356528715556, -0.9762366255582298, -0.8164888141032467, -0.6922405163049267, -0.6389912458199323, -0.550242461678275, -0.5857419753349379, -0.5679922185066064, -0.6034917321632693, -0.6212414889916008, -0.6567410026482637, -0.6212414889916008, -0.6034917321632693, -0.5679922185066064, -0.6034917321632693, -0.6567410026482637, -0.6922405163049267, -0.7099902731332581, -0.6744907594765952, -0.6212414889916008, -0.6567410026482637, -0.6922405163049267, -0.7454897867899211, -0.7099902731332581, -0.6389912458199323, -0.7099902731332581, -0.7099902731332581, -0.7632395436182523, -0.8164888141032467, -0.7987390572749152, -0.7632395436182523, -0.7632395436182523, -0.8164888141032467, -0.8342385709315782, -0.7987390572749152, -0.7987390572749152, -0.7277400299615896, -0.7809893004465838, -0.7987390572749152, -0.8164888141032467, -0.8164888141032467, -0.7454897867899211, -0.7099902731332581, -0.7099902731332581, -0.7809893004465838, -0.7987390572749152, -0.7987390572749152, -0.7454897867899211, -0.7099902731332581, -0.7277400299615896, -0.7454897867899211, -0.7454897867899211, -0.7454897867899211, -0.7099902731332581, -0.7454897867899211, -0.7099902731332581, -0.7099902731332581, -0.6922405163049267, -0.7454897867899211, -0.7454897867899211, -0.6922405163049267, -0.6389912458199323, -0.6212414889916008, -0.5857419753349379, -0.6034917321632693, -0.5679922185066064, -0.4969931911932807, -0.550242461678275, -0.4969931911932807, -0.4969931911932807, -0.4437439207082863]"
108,87,262958,N,N,N,V,0.88344955,False,0.003076558,0.081969485,0.88344955,0.024701038,0.006803322,"[0.17486797467911744, 0.17486797467911744, 0.12490569619936959, 0.1498868354392435, 0.17486797467911744, 0.22483025315886512, 0.1998491139189912, 0.1998491139189912, 0.1498868354392435, 0.1498868354392435, 0.27479253163861295, 0.3497359493582346, 0.32475481011836077, 0.3497359493582346, 0.24981139239873904, 0.27479253163861295, 0.3996982278379824, 0.4246793670778563, 0.3996982278379824, 0.4246793670778563, 0.49962278479747796, 0.6994718987164692, 0.8243775949158387, 0.9243021518753342, 1.0242267088348298, 1.0492078480747038, 1.0242267088348298, 0.949283291115208, 0.9742644303550819, 1.0741889873145776, 1.0492078480747038, 1.0492078480747038, 0.8993210126354604, 0.8493587341557125, 0.7744153164360909, 0.6495096202367213, 0.44966050631773025, 0.3497359493582346, 0.22483025315886512, 0.1498868354392435, 0.07494341771962175, 0.0, 0.0, -0.02498113923987392, -0.02498113923987392, -0.07494341771962147, 0.04996227847974784, 0.09992455695949568, 0.04996227847974784, 0.0, -0.12490569619936931, -0.12490569619936931, -0.02498113923987392, 0.04996227847974784, 0.07494341771962175, 0.02498113923987392, -0.0999245569594954, 0.0, 0.0, 0.04996227847974784, 0.07494341771962175, 0.09992455695949568, 0.0, 0.02498113923987392, 0.02498113923987392, 0.09992455695949568, 0.07494341771962175, 0.09992455695949568, 0.02498113923987392, 0.0, 0.02498113923987392, 0.12490569619936959, 0.17486797467911744, 0.17486797467911744, 0.3747170885981085, 0.749434177196217, 1.2990192404734426, 1.9485288607101638, 2.623019620186759, 3.097661265744363, 3.3724537973829762, 3.3224915189032282, 3.2975103796633545, 3.497359493582345, 3.8970577214203277, 4.071925696099445, 4.121887974579193, 4.196831392298814, 4.321737088498184, 4.596529620136797, 4.771397594815914, 4.821359873295662, 4.671473037856419, 4.596529620136797, 4.2218125315386885, 3.5223406328222198, 2.697963037906381, 1.9735099999500378, 1.2990192404734426, 0.44966050631773025, -0.4996227847974778, -1.2490569619936949, -1.8236231645107943, -2.1983402531089027, -2.0984156961494067, -1.8236231645107943, -1.5738117721120553, -1.4239249366728122, -1.3240003797133166, -1.1491324050341991, -1.0242267088348296, -0.8493587341557124, -0.7494341771962167, -0.6245284809968474, -0.6245284809968474, -0.5495850632772257, -0.6744907594765952, -0.6495096202367213, -0.7244530379563427, -0.5745662025170996, -0.5745662025170996, -0.5745662025170996, -0.6495096202367213, -0.6994718987164689, -0.6744907594765952, -0.6495096202367213, -0.6245284809968474, -0.6994718987164689, -0.7993964556759645, -0.7744153164360906, -0.6744907594765952, -0.6495096202367213, -0.6994718987164689, -0.6744907594765952, -0.7744153164360906, -0.7993964556759645, -0.7494341771962167, -0.6994718987164689, -0.6744907594765952, -0.6744907594765952, -0.7494341771962167, -0.7993964556759645, -0.7244530379563427, -0.7244530379563427, -0.7244530379563427, -0.7494341771962167, -0.7993964556759645, -0.7744153164360906, -0.7744153164360906, -0.6994718987164689, -0.6994718987164689, -0.7993964556759645, -0.8493587341557124, -0.7744153164360906, -0.7244530379563427, -0.7744153164360906, -0.7494341771962167, -0.7494341771962167, -0.7744153164360906, -0.7993964556759645, -0.7244530379563427, -0.6495096202367213, -0.7244530379563427, -0.7244530379563427, -0.7494341771962167, -0.7494341771962167, -0.6245284809968474, -0.5995473417569734, -0.6245284809968474, -0.6495096202367213, -0.6495096202367213, -0.5745662025170996, -0.4746416455576039, -0.42467936707785603, -0.3747170885981082, -0.44966050631772997, -0.42467936707785603, -0.42467936707785603, -0.3747170885981082, -0.32475481011836066]"
104,66,563029,N,N,N,V,0.9350689,False,0.0030821553,0.040023286,0.9350689,0.015253498,0.0065720705,"[0.36422501011736136, 0.3912046404964251, 0.404694455685957, 0.33724537973829755, 0.32375556454876564, 0.26979630379063807, 0.25630648860110616, 0.25630648860110616, 0.26979630379063807, 0.25630648860110616, 0.22932685822204232, 0.2158370430325104, 0.17536759746391473, 0.18885741265344666, 0.18885741265344666, 0.20234722784297857, 0.18885741265344666, 0.10791852151625517, 0.12140833670578707, 0.13489815189531898, 0.13489815189531898, 0.12140833670578707, 0.09442870632672325, 0.04046944556859574, 0.09442870632672325, 0.09442870632672325, 0.10791852151625517, 0.08093889113719134, 0.05395926075812766, 0.02697963037906383, 0.04046944556859574, 0.08093889113719134, 0.08093889113719134, 0.05395926075812766, 0.05395926075812766, 0.013489815189531915, 0.013489815189531915, 0.06744907594765957, 0.05395926075812766, 0.05395926075812766, 0.013489815189531915, -0.013489815189531915, 0.0, 0.05395926075812766, 0.02697963037906383, 0.04046944556859574, 0.02697963037906383, 0.0, 0.013489815189531915, 0.02697963037906383, 0.04046944556859574, 0.05395926075812766, 0.013489815189531915, -0.013489815189531915, -0.04046944556859574, 0.02697963037906383, 0.02697963037906383, 0.013489815189531915, 0.0, -0.013489815189531915, -0.013489815189531915, 0.0, 0.0, -0.013489815189531915, -0.013489815189531915, 0.0, 0.06744907594765957, 0.06744907594765957, 0.05395926075812766, 0.02697963037906383, 0.0, 0.0, 0.013489815189531915, 0.05395926075812766, 0.09442870632672325, 0.17536759746391473, 0.25630648860110616, 0.35073519492782945, 0.5126129772022123, 0.7014703898556589, 0.9173074328881693, 1.106164845541616, 1.2680426278159986, 1.4703898556589772, 1.6862268986914877, 2.1044111695669767, 2.5495750708215295, 3.0217186024551466, 3.412923242951571, 3.6422501011736137, 3.804127883447997, 3.750168622689869, 3.426413058141103, 2.8328611898016995, 2.171860245514636, 1.5243491164171048, 1.0926750303520842, 0.8633481721300418, 0.5935518683394037, 0.18885741265344666, -0.20234722784297857, -0.48563334682314846, -0.5800620531498718, -0.5935518683394038, -0.6205314987184676, -0.6744907594765952, -0.7014703898556588, -0.7419398354242546, -0.7149602050451906, -0.7419398354242546, -0.7419398354242546, -0.7149602050451906, -0.7149602050451906, -0.6879805746661268, -0.6475111290975314, -0.6744907594765952, -0.6744907594765952, -0.6744907594765952, -0.7284500202347226, -0.7419398354242546, -0.7284500202347226, -0.7014703898556588, -0.6744907594765952, -0.6879805746661268, -0.7014703898556588, -0.7419398354242546, -0.7419398354242546, -0.7419398354242546, -0.7554296506137864, -0.7554296506137864, -0.7554296506137864, -0.7689194658033184, -0.7554296506137864, -0.7554296506137864, -0.7958990961823822, -0.7958990961823822, -0.809388911371914, -0.7958990961823822, -0.7689194658033184, -0.7419398354242546, -0.7689194658033184, -0.822878726561446, -0.836368541750978, -0.8498583569405098, -0.822878726561446, -0.7958990961823822, -0.7824092809928502, -0.809388911371914, -0.7824092809928502, -0.809388911371914, -0.809388911371914, -0.8498583569405098, -0.8498583569405098, -0.8768379873195736, -0.9173074328881694, -0.9442870632672332, -0.8633481721300418, -0.8633481721300418, -0.809388911371914, -0.8633481721300418, -0.8903278025091056, -0.9442870632672332, -0.9173074328881694, -0.9173074328881694, -0.8768379873195736, -0.8633481721300418, -0.8768379873195736, -0.9173074328881694, -0.9038176176986374, -0.8903278025091056, -0.9307972480777014, -0.9038176176986374, -0.8903278025091056, -0.9173074328881694, -0.8768379873195736, -0.8498583569405098, -0.8633481721300418, -0.8633481721300418, -0.8903278025091056, -0.8903278025091056]"
108,87,351764,N,N,N,V,0.93354744,False,0.00309854,0.043984696,0.93354744,0.013808743,0.005560624,"[0.34022985212536216, 0.3282919625771038, 0.2924782939323289, 0.2924782939323289, 0.3163540730288455, 0.37604352077013714, 0.41185718941491206, 0.44767085805968704, 0.45960874760794534, 0.44767085805968704, 0.41185718941491206, 0.45960874760794534, 0.5073603058009787, 0.5192981953492369, 0.5312360848974953, 0.5551118639940119, 0.6148013117353036, 0.6864286490248535, 0.7222423176696284, 0.7699938758626618, 0.7222423176696284, 0.7341802072178868, 0.7461180967661452, 0.7938696549591784, 0.8654969922487283, 0.8774348817969866, 0.9013106608935033, 0.889372771345245, 0.8416212131522116, 0.8416212131522116, 0.8058075445074366, 0.7341802072178868, 0.6386770908318201, 0.483484526704462, 0.3641056312218788, 0.3282919625771038, 0.2686025148358122, 0.185037287998004, 0.10147206116019569, 0.08953417161193736, 0.12534784025671236, 0.16116150890148737, 0.10147206116019569, 0.02984472387064583, 0.0059689447741291665, 0.06565839251542069, 0.07759628206367902, 0.16116150890148737, 0.185037287998004, 0.1969751775462622, 0.14922361935322903, 0.06565839251542069, 0.0179068343223875, 0.02984472387064583, 0.0179068343223875, -0.0059689447741291665, -0.0179068343223875, -0.041782613418904165, -0.05372050296716249, 0.08953417161193736, 0.17309939844974567, 0.14922361935322903, 0.05372050296716236, 0.0059689447741291665, -0.0059689447741291665, 0.02984472387064583, 0.0059689447741291665, -0.041782613418904165, 0.0059689447741291665, 0.0059689447741291665, -0.0059689447741291665, 0.0059689447741291665, -0.0179068343223875, 0.06565839251542069, 0.08953417161193736, 0.0179068343223875, -0.0179068343223875, 0.05372050296716236, 0.3641056312218788, 0.7103044281213701, 1.116192672762153, 1.4982051383064192, 1.6533977024337776, 1.6295219233372609, 1.6175840337890026, 1.7250250397233273, 1.820528156109394, 1.8682797143024272, 1.927969162043719, 1.9995964993332687, 2.0592859470745606, 2.1667269530088853, 2.262230069394952, 2.34579529623276, 2.27416795894321, 1.9040933829472022, 1.2952610159860278, 0.7341802072178868, 0.2566646252875539, -0.24472673573929568, -0.7341802072178869, -1.116192672762153, -1.2952610159860278, -1.3907641323720945, -1.4146399114686112, -1.3430125741790613, -1.2116957891482198, -1.032627445924345, -0.9251864399900199, -0.817745434055695, -0.6864286490248536, -0.6267392012835619, -0.6386770908318202, -0.6386770908318202, -0.5073603058009786, -0.4715466371562039, -0.5073603058009786, -0.7222423176696285, -0.8774348817969866, -0.817745434055695, -0.6744907594765952, -0.6028634221870453, -0.6267392012835619, -0.662552869928337, -0.6983665385731119, -0.7222423176696285, -0.7341802072178869, -0.7103044281213703, -0.6983665385731119, -0.6983665385731119, -0.6983665385731119, -0.7103044281213703, -0.7103044281213703, -0.7341802072178869, -0.6864286490248536, -0.7222423176696285, -0.6983665385731119, -0.6506149803800786, -0.6744907594765952, -0.7699938758626619, -0.817745434055695, -0.8058075445074366, -0.7222423176696285, -0.7222423176696285, -0.7341802072178869, -0.7699938758626619, -0.7580559863144035, -0.7938696549591783, -0.817745434055695, -0.7341802072178869, -0.6864286490248536, -0.7341802072178869, -0.7938696549591783, -0.8058075445074366, -0.8296833236039532, -0.7580559863144035, -0.6983665385731119, -0.7341802072178869, -0.78193176541092, -0.8058075445074366, -0.7699938758626619, -0.6983665385731119, -0.6267392012835619, -0.6386770908318202, -0.6506149803800786, -0.6983665385731119, -0.6864286490248536, -0.6506149803800786, -0.6267392012835619, -0.6744907594765952, -0.6864286490248536, -0.6983665385731119, -0.6864286490248536, -0.6267392012835619, -0.5909255326387869, -0.5670497535422703, -0.5909255326387869, -0.6386770908318202, -0.5909255326387869, -0.5192981953492369]"
104,66,584087,N,N,N,V,0.94192606,False,0.0031078935,0.034937236,0.94192606,0.013477704,0.0065511074,"[0.4321979623830611, 0.44529487033406295, 0.4714886862360666, 0.4845855941870685, 0.4845855941870685, 0.44529487033406295, 0.41910105443205925, 0.41910105443205925, 0.40600414648105737, 0.4321979623830611, 0.32742269877504626, 0.3143257908240444, 0.2750350669710389, 0.26193815902003703, 0.28813197492204073, 0.26193815902003703, 0.2357443431180333, 0.22264743516703145, 0.17025980336302407, 0.14406598746102034, 0.18335671131402592, 0.20955052721602965, 0.19645361926502777, 0.1571628954120222, 0.1309690795100185, 0.10477526360801476, 0.1571628954120222, 0.18335671131402592, 0.18335671131402592, 0.14406598746102034, 0.09167835565701289, 0.09167835565701289, 0.07858144770601118, 0.10477526360801476, 0.09167835565701289, 0.07858144770601118, 0.03929072385300559, 0.03929072385300559, 0.05238763180400745, 0.07858144770601118, 0.09167835565701289, 0.06548453975500931, 0.05238763180400745, 0.03929072385300559, 0.09167835565701289, 0.11787217155901661, 0.06548453975500931, 0.05238763180400745, 0.026193815902003724, 0.026193815902003724, 0.05238763180400745, 0.05238763180400745, 0.05238763180400745, 0.026193815902003724, -0.013096907951001862, -0.013096907951001862, -0.03929072385300559, -0.026193815902003724, 0.013096907951001862, 0.026193815902003724, 0.013096907951001862, 0.0, 0.0, 0.013096907951001862, 0.0, 0.0, -0.03929072385300559, -0.03929072385300559, 0.0, 0.03929072385300559, -0.013096907951001862, 0.0, 0.013096907951001862, 0.013096907951001862, 0.026193815902003724, 0.03929072385300559, 0.026193815902003724, 0.026193815902003724, 0.09167835565701289, 0.24884125106903515, 0.4714886862360666, 0.6679423055010943, 0.8512990168151203, 1.0477526360801481, 1.2049155314921702, 1.4275629666592018, 1.7942763892872537, 2.2264743516703147, 2.6979630379063813, 3.1563548161914463, 3.47068060701549, 3.6147465944765105, 3.562358962672503, 3.143257908240444, 2.370540339131335, 1.5454351382182185, 0.9298804645211314, 0.6941361214030981, 0.41910105443205925, -0.013096907951001862, -0.35361651467704996, -0.5631670418930796, -0.628651581648089, -0.6679423055010942, -0.7072330293540998, -0.6810392134520961, -0.7072330293540998, -0.7072330293540998, -0.7334268452561036, -0.7596206611581072, -0.7203299373051016, -0.6679423055010942, -0.6548453975500924, -0.694136121403098, -0.7334268452561036, -0.7465237532071054, -0.7596206611581072, -0.7334268452561036, -0.7334268452561036, -0.7334268452561036, -0.7334268452561036, -0.7203299373051016, -0.7334268452561036, -0.694136121403098, -0.694136121403098, -0.7203299373051016, -0.7596206611581072, -0.785814477060111, -0.7596206611581072, -0.7465237532071054, -0.7596206611581072, -0.8251052009131166, -0.7989113850111128, -0.8120082929621147, -0.7989113850111128, -0.785814477060111, -0.785814477060111, -0.785814477060111, -0.785814477060111, -0.8251052009131166, -0.8120082929621147, -0.785814477060111, -0.8251052009131166, -0.8251052009131166, -0.8382021088641185, -0.8905897406681259, -0.8774928327171241, -0.8251052009131166, -0.8120082929621147, -0.8643959247661221, -0.9167835565701297, -0.9036866486191277, -0.9036866486191277, -0.8643959247661221, -0.9167835565701297, -0.9036866486191277, -0.9167835565701297, -0.9167835565701297, -0.8774928327171241, -0.9036866486191277, -0.9167835565701297, -0.9167835565701297, -0.9167835565701297, -0.9167835565701297, -0.8774928327171241, -0.8774928327171241, -0.8905897406681259, -0.9167835565701297, -0.9429773724721333, -0.9298804645211315, -0.9036866486191277, -0.9036866486191277, -0.8905897406681259, -0.9036866486191277, -0.9036866486191277, -0.8774928327171241, -0.8512990168151203, -0.785814477060111, -0.7989113850111128, -0.8120082929621147]"
108,87,170425,N,N,N,V,0.8883021,False,0.0031242776,0.08170997,0.8883021,0.020525808,0.0063378885,"[0.26979630379063807, 0.35410764872521244, 0.4046944556859571, 0.421556724672872, 0.3203831107513827, 0.43841899365978687, 0.45528126264670177, 0.5058680696074463, 0.5733171455551059, 0.5733171455551059, 0.5733171455551059, 0.6744907594765952, 0.7250775664373398, 0.843113449345744, 0.8599757183326588, 0.8093889113719142, 0.7925266423849993, 0.8093889113719142, 0.9105625252934035, 0.9948738702279778, 0.9948738702279778, 1.0117361392148927, 0.9780116012410631, 0.9611493322541482, 0.843113449345744, 0.7250775664373398, 0.5733171455551059, 0.421556724672872, 0.26979630379063807, 0.20234722784297854, 0.10117361392148927, 0.05058680696074468, 0.0, -0.016862268986914893, -0.033724537973829787, 0.0, 0.05058680696074468, 0.06744907594765948, 0.05058680696074468, -0.016862268986914893, -0.06744907594765948, -0.050586806960744586, 0.0, 0.033724537973829787, 0.033724537973829787, 0.08431134493457437, 0.0, 0.06744907594765948, 0.08431134493457437, 0.06744907594765948, 0.016862268986914893, 0.0, 0.016862268986914893, 0.10117361392148927, 0.08431134493457437, 0.10117361392148927, 0.08431134493457437, 0.05058680696074468, 0.0, -0.016862268986914893, 0.0, 0.033724537973829787, 0.05058680696074468, 0.06744907594765948, 0.06744907594765948, 0.033724537973829787, 0.016862268986914893, 0.0, 0.016862268986914893, 0.033724537973829787, 0.033724537973829787, 0.05058680696074468, 0.18548495885606364, 0.421556724672872, 0.6744907594765952, 1.0285984082018076, 1.3658437879401053, 1.8717118575475513, 2.2764063132335086, 2.529340348037232, 2.5630648860110616, 2.5799271549979763, 2.7316875758802106, 2.9171725347362742, 3.035208417644678, 3.1195197625792526, 3.305004721435316, 3.3893160663698905, 3.4230406043437203, 3.5410764872521248, 3.7602859840820178, 3.7602859840820178, 3.7434237150951035, 3.6085255631997843, 3.2712801834614864, 2.7654121138540404, 2.2595440442465935, 1.7536759746391475, 1.2309456360447861, 0.6744907594765952, 0.08431134493457437, -0.5227303385943611, -0.9780116012410629, -1.2815324430055306, -1.365843787940105, -1.2646701740186157, -1.1466342911102119, -1.0117361392148927, -0.961149332254148, -0.9274247942803184, -0.8768379873195737, -0.7925266423849993, -0.6913530284635101, -0.5901794145420207, -0.539592607581276, -0.5564548765681909, -0.5564548765681909, -0.6744907594765952, -0.6576284904896803, -0.6239039525158505, -0.539592607581276, -0.5058680696074465, -0.5564548765681909, -0.6239039525158505, -0.708215297450425, -0.6744907594765952, -0.6576284904896803, -0.6407662215027654, -0.5901794145420207, -0.5564548765681909, -0.5058680696074465, -0.5901794145420207, -0.6576284904896803, -0.6744907594765952, -0.6913530284635101, -0.7250775664373399, -0.7419398354242546, -0.7588021044111695, -0.7588021044111695, -0.7419398354242546, -0.7756643733980844, -0.843113449345744, -0.8599757183326588, -0.8599757183326588, -0.7756643733980844, -0.7925266423849993, -0.7756643733980844, -0.8937002563064886, -0.8768379873195737, -0.7588021044111695, -0.6744907594765952, -0.6407662215027654, -0.6913530284635101, -0.7588021044111695, -0.7925266423849993, -0.7250775664373399, -0.708215297450425, -0.6407662215027654, -0.708215297450425, -0.7588021044111695, -0.8093889113719142, -0.7588021044111695, -0.8093889113719142, -0.7925266423849993, -0.7756643733980844, -0.7250775664373399, -0.6744907594765952, -0.6744907594765952, -0.6744907594765952, -0.6407662215027654, -0.6576284904896803, -0.6913530284635101, -0.7419398354242546, -0.7419398354242546, -0.6744907594765952, -0.6070416835289356, -0.5901794145420207, -0.5733171455551058, -0.6070416835289356, -0.6070416835289356]"
104,66,560153,N,N,N,V,0.9312767,False,0.0031324432,0.04308497,0.9312767,0.016100833,0.0064049973,"[0.4428474683432193, 0.36109101264908655, 0.36109101264908655, 0.37471708859810865, 0.2929606329039759, 0.27933455695495374, 0.21120417720984305, 0.18395202531179877, 0.17032594936277662, 0.1975781012608209, 0.21120417720984305, 0.18395202531179877, 0.15669987341375463, 0.17032594936277662, 0.12944772151571035, 0.12944772151571035, 0.15669987341375463, 0.11582164556668821, 0.08856949366864392, 0.0476912658215775, 0.0476912658215775, 0.07494341771962178, 0.11582164556668821, 0.10219556961766606, 0.06131734177059964, 0.006813037974511071, 0.006813037974511071, 0.006813037974511071, 0.06131734177059964, 0.10219556961766606, 0.06131734177059964, 0.020439113923533214, 0.0476912658215775, 0.06131734177059964, 0.07494341771962178, 0.03406518987255536, 0.020439113923533214, -0.034065189872555204, -0.034065189872555204, 0.03406518987255536, 0.06131734177059964, 0.06131734177059964, 0.0476912658215775, 0.03406518987255536, 0.03406518987255536, 0.03406518987255536, 0.03406518987255536, -0.00681303797451092, -0.034065189872555204, -0.047691265821577344, -0.02043911392353306, 0.03406518987255536, 0.0476912658215775, 0.0476912658215775, -0.00681303797451092, -0.047691265821577344, -0.02043911392353306, 0.06131734177059964, 0.0476912658215775, 0.0476912658215775, 0.020439113923533214, -0.034065189872555204, 0.006813037974511071, 0.06131734177059964, 0.08856949366864392, 0.08856949366864392, 0.07494341771962178, 0.020439113923533214, 0.020439113923533214, 0.03406518987255536, 0.03406518987255536, 0.0476912658215775, 0.0476912658215775, 0.020439113923533214, 0.10219556961766606, 0.23845632910788733, 0.415595316445175, 0.5654821518844184, 0.7153689873236618, 0.8516297468138831, 1.0287687341511709, 1.2059077214884584, 1.3830467088257463, 1.5874378480610782, 1.8463332910924986, 2.214237341716096, 2.650271772084804, 3.099932278402535, 3.495088480924176, 3.7403578480065747, 3.849366455598752, 3.7131056961085305, 3.372453797382977, 2.8819150632181807, 2.391376329053384, 1.9144636708376093, 1.4239249366728124, 0.9197601265589939, 0.45647354429224146, 0.14307379746473248, -0.07494341771962162, -0.3747170885981084, -0.5654821518844184, -0.7017429113746395, -0.7017429113746395, -0.7426211392217059, -0.7426211392217059, -0.7289950632726838, -0.7289950632726838, -0.7426211392217059, -0.6881168354256174, -0.6744907594765952, -0.6608646835275731, -0.6744907594765952, -0.7153689873236617, -0.7426211392217059, -0.7426211392217059, -0.7153689873236617, -0.7017429113746395, -0.7017429113746395, -0.6608646835275731, -0.6608646835275731, -0.647238607578551, -0.647238607578551, -0.6608646835275731, -0.6881168354256174, -0.6881168354256174, -0.7289950632726838, -0.7289950632726838, -0.7017429113746395, -0.7017429113746395, -0.6744907594765952, -0.7017429113746395, -0.7426211392217059, -0.7698732911197502, -0.7562472151707281, -0.7562472151707281, -0.7698732911197502, -0.7834993670687724, -0.7834993670687724, -0.7698732911197502, -0.7562472151707281, -0.7562472151707281, -0.7289950632726838, -0.7562472151707281, -0.7834993670687724, -0.7698732911197502, -0.7834993670687724, -0.7971254430177945, -0.8380036708648609, -0.8243775949158388, -0.8788818987119273, -0.8380036708648609, -0.8243775949158388, -0.8243775949158388, -0.8516297468138831, -0.8925079746609496, -0.9197601265589939, -0.9061340506099717, -0.9197601265589939, -0.8788818987119273, -0.8925079746609496, -0.9061340506099717, -0.9197601265589939, -0.8925079746609496, -0.8925079746609496, -0.8925079746609496, -0.9606383544060599, -1.0015165822531265, -1.0287687341511706, -1.0151426582021486, -0.974264430355082, -0.9197601265589939, -0.8925079746609496, -0.8925079746609496, -0.974264430355082, -0.974264430355082, -0.9470122784570378, -0.9061340506099717, -0.8925079746609496]"
104,66,451753,N,N,N,V,0.9228116,False,0.0031378253,0.049115524,0.9228116,0.018083392,0.0068515725,"[0.18515432613083016, 0.1587037081121401, 0.11902778108410514, 0.10580247207476012, 0.11902778108410514, 0.1587037081121401, 0.13225309009345007, 0.13225309009345007, 0.10580247207476012, 0.07935185405607009, 0.09257716306541511, 0.13225309009345007, 0.11902778108410514, 0.09257716306541511, 0.06612654504672508, 0.039675927028035046, 0.06612654504672508, 0.09257716306541511, 0.10580247207476012, 0.10580247207476012, 0.06612654504672508, 0.02645061801869003, 0.06612654504672508, 0.10580247207476012, 0.10580247207476012, 0.07935185405607009, 0.07935185405607009, 0.013225309009345015, 0.013225309009345015, 0.07935185405607009, 0.07935185405607009, 0.06612654504672508, 0.039675927028035046, 0.013225309009345015, 0.02645061801869003, 0.039675927028035046, 0.039675927028035046, 0.02645061801869003, 0.0, -0.01322530900934487, 0.0, 0.06612654504672508, 0.05290123603738006, 0.013225309009345015, -0.01322530900934487, 0.0, 0.039675927028035046, 0.02645061801869003, 0.05290123603738006, 0.02645061801869003, -0.01322530900934487, -0.026450618018689885, 0.039675927028035046, 0.05290123603738006, 0.02645061801869003, 0.0, 0.0, 0.0, 0.013225309009345015, 0.07935185405607009, 0.05290123603738006, 0.02645061801869003, 0.013225309009345015, -0.0396759270280349, 0.0, 0.039675927028035046, 0.06612654504672508, 0.013225309009345015, 0.013225309009345015, 0.02645061801869003, 0.039675927028035046, 0.05290123603738006, 0.039675927028035046, 0.07935185405607009, 0.18515432613083016, 0.2909567982055901, 0.4099845792896952, 0.6348148324485603, 0.7935185405607004, 0.9257716306541504, 1.0712500297569454, 1.2035031198503954, 1.4415586820186055, 1.7325154802241955, 2.0499228964484755, 2.433456857719481, 2.8169908189904858, 3.147623544224111, 3.491481578467081, 3.7030865226166014, 3.755987758653981, 3.5972840505418415, 3.2402007072895262, 2.7376389649344164, 2.195401295551271, 1.6399383171587807, 1.0977006477756355, 0.8728703946167703, 0.9257716306541504, 0.6612654504672502, 0.11902778108410514, -0.3174074162242801, -0.55546297839249, -0.5951389054205252, -0.6215895234392151, -0.6877160684859402, -0.7009413774952853, -0.6744907594765952, -0.7141666865046302, -0.7009413774952853, -0.7141666865046302, -0.7273919955139753, -0.6877160684859402, -0.7141666865046302, -0.6877160684859402, -0.7009413774952853, -0.6744907594765952, -0.6744907594765952, -0.6744907594765952, -0.6612654504672502, -0.6612654504672502, -0.7009413774952853, -0.7406173045233203, -0.753842613532665, -0.7141666865046302, -0.6744907594765952, -0.6877160684859402, -0.7141666865046302, -0.7273919955139753, -0.753842613532665, -0.7406173045233203, -0.7009413774952853, -0.7273919955139753, -0.7406173045233203, -0.7406173045233203, -0.780293231551355, -0.753842613532665, -0.7670679225420101, -0.7406173045233203, -0.7670679225420101, -0.8067438495700451, -0.8067438495700451, -0.7935185405607, -0.753842613532665, -0.7935185405607, -0.8067438495700451, -0.833194467588735, -0.8067438495700451, -0.780293231551355, -0.753842613532665, -0.780293231551355, -0.833194467588735, -0.8728703946167702, -0.8728703946167702, -0.833194467588735, -0.833194467588735, -0.833194467588735, -0.8464197765980801, -0.8596450856074251, -0.8596450856074251, -0.8728703946167702, -0.833194467588735, -0.833194467588735, -0.8728703946167702, -0.8728703946167702, -0.8993210126354602, -0.8728703946167702, -0.8860957036261151, -0.8860957036261151, -0.9125463216448052, -0.9389969396634953, -0.9125463216448052, -0.9125463216448052, -0.8993210126354602, -0.8728703946167702, -0.8860957036261151, -0.9257716306541502, -0.9389969396634953, -0.8860957036261151, -0.833194467588735]"
108,87,182920,N,N,N,V,0.89589995,False,0.0031583968,0.074117474,0.89589995,0.020157142,0.006666928,"[0.22483025315886498, 0.2452693670823982, 0.2452693670823982, 0.20439113923533178, 0.18395202531179858, 0.18395202531179858, 0.2861475949294645, 0.2452693670823982, 0.30658670885299766, 0.2861475949294645, 0.20439113923533178, 0.30658670885299766, 0.36790405062359727, 0.47009962024126317, 0.40878227847066356, 0.38834316454713036, 0.40878227847066356, 0.44966050631772997, 0.5314169620118627, 0.5927343037824623, 0.6949298734001281, 0.7562472151707278, 0.7971254430177941, 0.8993210126354599, 0.9810774683295928, 1.0423948101001923, 1.0628339240237257, 1.0423948101001923, 1.0423948101001923, 1.0832730379472588, 1.1854686075649246, 1.2672250632590574, 1.2672250632590574, 1.1445903797178583, 0.9606383544060596, 0.6949298734001281, 0.5927343037824623, 0.47009962024126317, 0.32702582277653086, 0.12263468354119898, 0.0, -0.0613173417705996, 0.040878227847066406, 0.08175645569413258, 0.06131734177059938, 0.020439113923533203, 0.0, 0.020439113923533203, 0.06131734177059938, 0.08175645569413258, 0.0, -0.020439113923533203, -0.020439113923533203, 0.020439113923533203, 0.020439113923533203, 0.040878227847066406, 0.020439113923533203, 0.0, -0.040878227847066406, 0.0, 0.0, 0.08175645569413258, 0.08175645569413258, 0.020439113923533203, 0.020439113923533203, -0.020439113923533203, 0.08175645569413258, 0.12263468354119898, 0.10219556961766578, 0.08175645569413258, -0.040878227847066406, -0.0613173417705996, 0.0, 0.040878227847066406, 0.08175645569413258, 0.16351291138826538, 0.40878227847066356, 0.8584427847883935, 1.369420632876723, 2.023472278429785, 2.6570848100593136, 3.086306202453511, 3.086306202453511, 3.0658670885299775, 3.2702582277653094, 3.515527594847707, 3.719918734083039, 3.944748987241905, 4.108261898630169, 4.251335696094903, 4.4352877214067, 4.619239746718499, 4.639678860642032, 4.4352877214067, 3.8834316454713047, 3.1271844303005767, 2.3504981012063157, 1.6555682278061878, 0.8788818987119268, -0.08175645569413281, -1.0219556961766594, -1.553372658188522, -1.7373246835003207, -1.553372658188522, -1.3489815189531902, -1.2672250632590574, -1.2059077214884577, -1.1037121518707917, -0.981077468329593, -0.8175645569413273, -0.6949298734001284, -0.6131734177059956, -0.654051645553062, -0.5722951898589292, -0.5927343037824624, -0.5722951898589292, -0.5927343037824624, -0.6336125316295288, -0.6744907594765952, -0.7153689873236614, -0.6744907594765952, -0.6131734177059956, -0.6744907594765952, -0.7153689873236614, -0.8175645569413273, -0.7766863290942609, -0.6949298734001284, -0.7153689873236614, -0.7153689873236614, -0.8175645569413273, -0.8380036708648606, -0.8380036708648606, -0.8380036708648606, -0.7562472151707278, -0.7562472151707278, -0.7971254430177942, -0.8584427847883938, -0.8380036708648606, -0.7562472151707278, -0.7358081012471945, -0.7971254430177942, -0.8175645569413273, -0.8175645569413273, -0.7971254430177942, -0.7562472151707278, -0.6744907594765952, -0.7358081012471945, -0.7766863290942609, -0.8175645569413273, -0.8175645569413273, -0.7358081012471945, -0.7153689873236614, -0.6949298734001284, -0.7153689873236614, -0.7562472151707278, -0.7971254430177942, -0.7153689873236614, -0.7562472151707278, -0.7358081012471945, -0.7562472151707278, -0.7153689873236614, -0.6336125316295288, -0.654051645553062, -0.5722951898589292, -0.6131734177059956, -0.5927343037824624, -0.6744907594765952, -0.6744907594765952, -0.5722951898589292, -0.5314169620118628, -0.4496605063177302, -0.47009962024126317, -0.5109778480883296, -0.4496605063177302, -0.3883431645471306, -0.327025822776531, -0.3474649367000642, -0.327025822776531, -0.327025822776531, -0.2861475949294646]"
108,87,245427,N,N,N,V,0.9062184,False,0.0031620567,0.0663629,0.9062184,0.018449085,0.0058075874,"[0.20631482054578204, 0.22218519135699602, 0.25392593297942406, 0.2856666746018521, 0.33327778703549404, 0.34914815784670805, 0.33327778703549404, 0.4126296410915641, 0.36501852865792206, 0.3967592702803501, 0.4126296410915641, 0.36501852865792206, 0.42850001190277814, 0.4761111243364201, 0.5713333492037042, 0.6506852032597741, 0.7300370573158441, 0.7459074281270581, 0.6982963156934161, 0.7300370573158441, 0.7459074281270581, 0.7776481697494861, 0.8252592821831282, 0.8570000238055563, 0.8570000238055563, 0.9204815070504121, 0.9522222486728402, 0.9680926194840542, 0.9363518778616261, 0.8252592821831282, 0.7141666865046302, 0.6030740908261322, 0.5078518659588481, 0.46024075352520605, 0.31740741622428004, 0.22218519135699602, 0.11109259567849804, 0.015870370811214018, 0.031740741622428036, 0.06348148324485599, 0.09522222486728402, 0.031740741622428036, -0.015870370811214018, -0.031740741622428036, 0.031740741622428036, 0.09522222486728402, 0.04761111243364197, 0.0, 0.031740741622428036, -0.031740741622428036, -0.031740741622428036, 0.0, 0.015870370811214018, 0.04761111243364197, 0.04761111243364197, 0.04761111243364197, 0.07935185405607, 0.07935185405607, 0.06348148324485599, 0.015870370811214018, -0.015870370811214018, 0.015870370811214018, 0.04761111243364197, 0.06348148324485599, 0.11109259567849804, 0.07935185405607, 0.015870370811214018, 0.0, 0.04761111243364197, 0.07935185405607, 0.04761111243364197, -0.04761111243364205, -0.04761111243364205, -0.04761111243364205, 0.06348148324485599, 0.20631482054578204, 0.42850001190277814, 0.6982963156934161, 1.047444473540124, 1.5235555978765443, 2.0472778346466063, 2.3805556216821007, 2.3805556216821007, 2.253592655192388, 2.2853333968148166, 2.4757778465493847, 2.634481554661525, 2.7931852627736644, 2.8566667460185204, 2.9042778584521627, 2.9677593416970187, 3.0788519373755165, 3.1423334206203726, 3.0471111957530885, 2.8725371168297347, 2.4122963633045287, 1.8092222724783966, 1.2378889232746924, 0.7617777989382721, 0.25392593297942406, -0.2697963037906381, -0.8728703946167703, -1.3648518897644042, -1.5711667103101865, -1.4283333730092604, -1.1744074400298363, -1.0315741027289103, -0.9998333611064822, -1.0157037319176963, -0.9839629902952682, -0.8093889113719142, -0.6982963156934162, -0.6506852032597742, -0.6348148324485602, -0.5713333492037042, -0.523722236770062, -0.507851865958848, -0.523722236770062, -0.5713333492037042, -0.6030740908261322, -0.6506852032597742, -0.7300370573158441, -0.7141666865046301, -0.6348148324485602, -0.6189444616373462, -0.6506852032597742, -0.6982963156934162, -0.7141666865046301, -0.6665555740709882, -0.6824259448822022, -0.7617777989382721, -0.7935185405607001, -0.8887407654279843, -0.9046111362391981, -0.8252592821831282, -0.8093889113719142, -0.7935185405607001, -0.8093889113719142, -0.8252592821831282, -0.8252592821831282, -0.8411296529943422, -0.8411296529943422, -0.8411296529943422, -0.8252592821831282, -0.8887407654279843, -0.8728703946167703, -0.8570000238055563, -0.8411296529943422, -0.8728703946167703, -0.8570000238055563, -0.8570000238055563, -0.8411296529943422, -0.8093889113719142, -0.8093889113719142, -0.8093889113719142, -0.8570000238055563, -0.8728703946167703, -0.7935185405607001, -0.7935185405607001, -0.7617777989382721, -0.7459074281270581, -0.7935185405607001, -0.8252592821831282, -0.7935185405607001, -0.7300370573158441, -0.6665555740709882, -0.6506852032597742, -0.6665555740709882, -0.6824259448822022, -0.6824259448822022, -0.6665555740709882, -0.6030740908261322, -0.539592607581276, -0.5713333492037042, -0.6030740908261322, -0.5872037200149182, -0.4919814951476342, -0.47611112433642017, -0.42850001190277814, -0.46024075352520616]"
108,87,239640,N,N,N,V,0.90655077,False,0.0031675964,0.06786442,0.90655077,0.01662756,0.005789662,"[0.22483025315886507, 0.29400879259236196, 0.36318733202585896, 0.36318733202585896, 0.36318733202585896, 0.3285980623091105, 0.36318733202585896, 0.39777660174260737, 0.39777660174260737, 0.5361336806096013, 0.6053122200430981, 0.6053122200430981, 0.6399014897598467, 0.6744907594765952, 0.7263746640517179, 0.7782585686268406, 0.8474371080603375, 0.7782585686268406, 0.8301424732019632, 0.8993210126354603, 0.9857941869273315, 1.0376780915024542, 1.0376780915024542, 1.0376780915024542, 1.0030888217857057, 1.0203834566440797, 0.882026377777086, 0.7436692989100921, 0.5880175851847239, 0.46695514117610437, 0.36318733202585896, 0.27671415773398783, 0.22483025315886507, 0.12106244400861965, -0.01729463485837425, -0.069178539433497, 0.0, 0.0, 0.05188390457512275, 0.05188390457512275, 0.01729463485837425, 0.0, -0.01729463485837425, 0.0345892697167485, 0.069178539433497, 0.0345892697167485, -0.01729463485837425, -0.05188390457512275, -0.0345892697167485, 0.01729463485837425, 0.05188390457512275, 0.0345892697167485, 0.05188390457512275, -0.0345892697167485, 0.01729463485837425, 0.05188390457512275, 0.01729463485837425, 0.01729463485837425, 0.01729463485837425, -0.01729463485837425, 0.0, 0.069178539433497, 0.08647317429187115, 0.08647317429187115, 0.069178539433497, 0.0, 0.05188390457512275, 0.069178539433497, 0.08647317429187115, 0.05188390457512275, 0.0, 0.01729463485837425, 0.1037678091502454, 0.15565171372536815, 0.39777660174260737, 0.6744907594765952, 1.0549727263608284, 1.4873385978201843, 1.988883008713037, 2.334775705880522, 2.455838149889141, 2.3693649755972706, 2.3520703407388956, 2.473132784747516, 2.6633737681896323, 2.9227932910652457, 3.1130342745073625, 3.164918179082485, 3.2513913533743564, 3.2513913533743564, 3.4243377019580983, 3.528105511108344, 3.528105511108344, 3.4070430670997243, 3.078445004790614, 2.559605959039387, 2.0061776435714114, 1.539222502395307, 1.0722673612192026, 0.36318733202585896, -0.39777660174260737, -1.0030888217857057, -1.3835707886699389, -1.5219278675369325, -1.4181600583866873, -1.2452137098029448, -1.1587405355110736, -1.1068566309359509, -1.0549727263608284, -0.9857941869273315, -0.882026377777086, -0.743669298910092, -0.6917853943349694, -0.6744907594765952, -0.6226068549014724, -0.5880175851847239, -0.5880175851847239, -0.6053122200430981, -0.5880175851847239, -0.6053122200430981, -0.6226068549014724, -0.6399014897598467, -0.6053122200430981, -0.6226068549014724, -0.657196124618221, -0.6917853943349694, -0.6744907594765952, -0.6744907594765952, -0.6226068549014724, -0.657196124618221, -0.7090800291933437, -0.7955532034852147, -0.7782585686268405, -0.7263746640517179, -0.6917853943349694, -0.7263746640517179, -0.7782585686268405, -0.8474371080603375, -0.7955532034852147, -0.7782585686268405, -0.743669298910092, -0.7609639337684663, -0.7955532034852147, -0.8301424732019632, -0.7609639337684663, -0.7090800291933437, -0.7090800291933437, -0.7609639337684663, -0.7609639337684663, -0.7955532034852147, -0.7955532034852147, -0.7955532034852147, -0.743669298910092, -0.743669298910092, -0.743669298910092, -0.743669298910092, -0.7263746640517179, -0.7782585686268405, -0.7263746640517179, -0.7263746640517179, -0.743669298910092, -0.7263746640517179, -0.6917853943349694, -0.6744907594765952, -0.6917853943349694, -0.6744907594765952, -0.7090800291933437, -0.7263746640517179, -0.6917853943349694, -0.6053122200430981, -0.4842497760344786, -0.44966050631773014, -0.4842497760344786, -0.5534283154679754, -0.5361336806096012, -0.4842497760344786, -0.44966050631773014, -0.39777660174260737, -0.44966050631773014, -0.46695514117610437]"
108,87,210460,N,N,N,V,0.90347904,False,0.0031779432,0.069682814,0.90347904,0.017838981,0.005821256,"[0.26979630379063807, 0.35972840505418413, 0.34473972151025983, 0.3747170885981085, 0.44966050631773025, 0.5096152404934275, 0.47963787340557884, 0.4346718227738059, 0.44966050631773025, 0.5246039240373518, 0.6295247088448223, 0.6744907594765952, 0.6744907594765952, 0.6744907594765952, 0.7044681265644439, 0.7644228607401413, 0.7644228607401413, 0.7794115442840657, 0.8093889113719144, 0.8093889113719144, 0.8243775949158387, 0.8543549620036874, 0.9143096961793846, 0.929298379723309, 0.9143096961793846, 0.8393662784597631, 0.6744907594765952, 0.5545812911252005, 0.4046944556859572, 0.31476235442241113, 0.22483025315886512, 0.14988683543924344, -0.014988683543924353, -0.04496605063177306, 0.0, 0.04496605063177306, 0.05995473417569741, 0.029977367087848705, 0.04496605063177306, 0.05995473417569741, 0.08993210126354603, 0.14988683543924344, 0.14988683543924344, 0.08993210126354603, 0.029977367087848705, 0.05995473417569741, 0.029977367087848705, 0.029977367087848705, 0.04496605063177306, 0.029977367087848705, 0.04496605063177306, 0.014988683543924353, 0.014988683543924353, 0.029977367087848705, 0.04496605063177306, 0.0, -0.029977367087848705, 0.0, 0.05995473417569741, 0.10492078480747039, 0.05995473417569741, 0.0, -0.029977367087848705, 0.0, 0.029977367087848705, 0.07494341771962176, 0.05995473417569741, 0.029977367087848705, -0.014988683543924353, 0.014988683543924353, 0.0, 0.029977367087848705, 0.1348981518953191, 0.2847849873345624, 0.5395926075812761, 0.8543549620036874, 1.2590494176896445, 1.7386872910952236, 2.023472278429786, 2.0534496455176345, 1.903562810078391, 1.8735854429905423, 2.0534496455176345, 2.2333138480447263, 2.3232459493082724, 2.38320068348397, 2.398189367027894, 2.4431554176596673, 2.5480762024671377, 2.6679856708185326, 2.712951721450305, 2.638008303730684, 2.5480762024671377, 2.4131780505718186, 2.1583704303251046, 1.7836533417269962, 1.3489815189531904, 0.8993210126354603, 0.5845586582130492, 0.17986420252709207, -0.269796303790638, -0.6894794430205196, -1.0492078480747036, -1.2590494176896445, -1.4089362531288878, -1.3040154683214173, -1.1691173164260984, -1.0042417974429305, -0.9292983797233089, -0.9592757468111576, -0.9292983797233089, -0.8543549620036874, -0.749434177196217, -0.6295247088448221, -0.5545812911252005, -0.49462655694950314, -0.5246039240373518, -0.5545812911252005, -0.5545812911252005, -0.5545812911252005, -0.5395926075812761, -0.5995473417569736, -0.6145360253008979, -0.5995473417569736, -0.5395926075812761, -0.4796378734055788, -0.4796378734055788, -0.5395926075812761, -0.6145360253008979, -0.5545812911252005, -0.5695699746691248, -0.5545812911252005, -0.6295247088448221, -0.7044681265644439, -0.7344454936522926, -0.7344454936522926, -0.6894794430205196, -0.6595020759326709, -0.6145360253008979, -0.6445133923887465, -0.7194568101083683, -0.7194568101083683, -0.7644228607401413, -0.7644228607401413, -0.7644228607401413, -0.6744907594765952, -0.749434177196217, -0.7644228607401413, -0.749434177196217, -0.7194568101083683, -0.7194568101083683, -0.7794115442840657, -0.8693436455476118, -0.8693436455476118, -0.8243775949158387, -0.7794115442840657, -0.7794115442840657, -0.749434177196217, -0.79440022782799, -0.79440022782799, -0.7194568101083683, -0.7044681265644439, -0.7344454936522926, -0.7794115442840657, -0.8243775949158387, -0.7794115442840657, -0.7194568101083683, -0.6894794430205196, -0.7044681265644439, -0.6595020759326709, -0.6145360253008979, -0.6295247088448221, -0.7044681265644439, -0.7794115442840657, -0.7794115442840657, -0.79440022782799, -0.8393662784597631, -0.8243775949158387, -0.7194568101083683, -0.6744907594765952]"
104,66,493798,N,N,N,V,0.93331456,False,0.0031897016,0.042074382,0.93331456,0.014867156,0.006554184,"[0.3478952338352964, 0.3478952338352964, 0.39049465022329194, 0.39049465022329194, 0.39049465022329194, 0.4330940666112874, 0.404694455685957, 0.3478952338352964, 0.3194956229099661, 0.2342967901339751, 0.24849659559664028, 0.2626964010593055, 0.2342967901339751, 0.2342967901339751, 0.19169737374597967, 0.14909795735798415, 0.19169737374597967, 0.1774975682833145, 0.16329776282064934, 0.09229873550732347, 0.12069834643265381, 0.09229873550732347, 0.13489815189531898, 0.13489815189531898, 0.12069834643265381, 0.09229873550732347, 0.07809893004465845, 0.04969931911932811, 0.07809893004465845, 0.10649854096998863, 0.10649854096998863, 0.09229873550732347, 0.04969931911932811, 0.02129970819399776, 0.02129970819399776, 0.04969931911932811, 0.10649854096998863, 0.06389912458199327, 0.04969931911932811, 0.035499513656662936, 0.06389912458199327, 0.035499513656662936, 0.07809893004465845, 0.09229873550732347, -0.0070999027313325865, 0.02129970819399776, 0.035499513656662936, 0.04969931911932811, 0.035499513656662936, 0.04969931911932811, -0.0070999027313325865, 0.0070999027313325865, -0.0070999027313325865, 0.035499513656662936, 0.04969931911932811, 0.02129970819399776, -0.0070999027313325865, -0.02129970819399776, -0.0070999027313325865, -0.0070999027313325865, 0.02129970819399776, 0.035499513656662936, -0.0070999027313325865, -0.02129970819399776, 0.0070999027313325865, 0.02129970819399776, 0.035499513656662936, 0.04969931911932811, 0.02129970819399776, 0.02129970819399776, 0.06389912458199327, 0.07809893004465845, 0.09229873550732347, 0.035499513656662936, -0.0070999027313325865, 0.0070999027313325865, 0.14909795735798415, 0.2910960119846358, 0.4756934829992829, 0.6318913430885996, 0.745489786789921, 0.9442870632672332, 1.1856837561325408, 1.370281227147188, 1.6116779200124958, 1.9240736401911291, 2.364267609533749, 2.8470609952643646, 3.344054186457645, 3.7132491284869396, 3.9546458213522473, 3.983045432277578, 3.7416487394122693, 3.315654575532315, 2.7334625515630435, 2.1228709166684414, 1.4412802544605139, 0.8590882304912422, 0.46149367753661774, 0.24849659559664028, -0.02129970819399776, -0.3194956229099661, -0.5182928993872783, -0.6318913430885997, -0.6744907594765952, -0.6886905649392604, -0.7028903704019256, -0.6744907594765952, -0.6886905649392604, -0.7170901758645905, -0.7170901758645905, -0.7312899813272556, -0.7028903704019256, -0.7170901758645905, -0.6744907594765952, -0.6460911485512649, -0.6602909540139301, -0.7028903704019256, -0.6744907594765952, -0.6744907594765952, -0.7170901758645905, -0.6744907594765952, -0.7170901758645905, -0.7170901758645905, -0.7028903704019256, -0.7028903704019256, -0.6602909540139301, -0.6744907594765952, -0.7170901758645905, -0.7454897867899208, -0.7312899813272556, -0.7028903704019256, -0.7170901758645905, -0.7170901758645905, -0.7170901758645905, -0.7454897867899208, -0.7454897867899208, -0.7028903704019256, -0.7170901758645905, -0.7170901758645905, -0.7596895922525859, -0.7454897867899208, -0.7880892031779163, -0.7454897867899208, -0.7596895922525859, -0.7596895922525859, -0.8164888141032467, -0.8022890086405815, -0.8164888141032467, -0.7738893977152511, -0.7738893977152511, -0.8306886195659118, -0.8590882304912422, -0.8732880359539074, -0.844888425028577, -0.8164888141032467, -0.8164888141032467, -0.844888425028577, -0.8732880359539074, -0.9442870632672332, -0.9016876468792377, -0.8590882304912422, -0.8164888141032467, -0.9016876468792377, -0.8874878414165726, -0.930087257804568, -0.8874878414165726, -0.8590882304912422, -0.8590882304912422, -0.8590882304912422, -0.9158874523419028, -0.9158874523419028, -0.8874878414165726, -0.9016876468792377, -0.8874878414165726, -0.9016876468792377, -0.8874878414165726, -0.9158874523419028, -0.8732880359539074, -0.8306886195659118]"
104,66,443562,N,N,N,V,0.9067213,False,0.003191639,0.0628996,0.9067213,0.020070948,0.007116468,"[0.2981959147159685, 0.3265955256412988, 0.3123957201786336, 0.2839961092533033, 0.255596498327973, 0.255596498327973, 0.21299708193997755, 0.18459747101464719, 0.15619786008931685, 0.12779824916398658, 0.09939863823865623, 0.15619786008931685, 0.14199805462665166, 0.15619786008931685, 0.12779824916398658, 0.09939863823865623, 0.08519883277599105, 0.08519883277599105, 0.09939863823865623, 0.08519883277599105, 0.0567992218506607, 0.042599416387995526, 0.0567992218506607, 0.0567992218506607, 0.1135984437013214, 0.15619786008931685, 0.1135984437013214, 0.08519883277599105, 0.02839961092533035, 0.07099902731332587, 0.08519883277599105, 0.07099902731332587, 0.07099902731332587, 0.0, 0.014199805462665175, 0.0567992218506607, 0.07099902731332587, 0.07099902731332587, 0.02839961092533035, -0.014199805462665017, -0.014199805462665017, 0.02839961092533035, 0.042599416387995526, 0.08519883277599105, 0.0567992218506607, 0.014199805462665175, 0.02839961092533035, 0.014199805462665175, 0.02839961092533035, 0.014199805462665175, 0.014199805462665175, 0.014199805462665175, 0.0, 0.014199805462665175, 0.02839961092533035, 0.02839961092533035, 0.0, 0.0, -0.042599416387995366, -0.028399610925330193, 0.014199805462665175, 0.0567992218506607, 0.042599416387995526, 0.02839961092533035, 0.0, 0.0, 0.042599416387995526, 0.08519883277599105, 0.0567992218506607, 0.042599416387995526, 0.042599416387995526, 0.0567992218506607, 0.07099902731332587, 0.08519883277599105, 0.1135984437013214, 0.15619786008931685, 0.15619786008931685, 0.3691949420292943, 0.5679922185066065, 0.7525896895212536, 0.9655867714612312, 1.135984437013213, 1.3205819080278602, 1.5193791845051725, 1.7749756828331453, 2.1015712084744442, 2.527565372354399, 3.0103587580850144, 3.3795537001143083, 3.7345488366809376, 3.975945529546246, 3.93334611315825, 3.578350976591621, 3.0103587580850144, 2.357167706802417, 1.7891754882958104, 1.2779824916398648, 0.7383898840585885, 0.17039766555198202, -0.21299708193997732, -0.4685935802679503, -0.6389912458199323, -0.7241900785959233, -0.7667894949839188, -0.809388911371914, -0.7951891059092492, -0.809388911371914, -0.7667894949839188, -0.7241900785959233, -0.6815906622079277, -0.6815906622079277, -0.7241900785959233, -0.7525896895212536, -0.7383898840585885, -0.6531910512825975, -0.6531910512825975, -0.6531910512825975, -0.7099902731332581, -0.7241900785959233, -0.6673908567452626, -0.6531910512825975, -0.6673908567452626, -0.6531910512825975, -0.6957904676705929, -0.6815906622079277, -0.6957904676705929, -0.7099902731332581, -0.7099902731332581, -0.7383898840585885, -0.7099902731332581, -0.7099902731332581, -0.7099902731332581, -0.7383898840585885, -0.7241900785959233, -0.7241900785959233, -0.7667894949839188, -0.7383898840585885, -0.7383898840585885, -0.6815906622079277, -0.7099902731332581, -0.7241900785959233, -0.7525896895212536, -0.8377885222972444, -0.780989300446584, -0.780989300446584, -0.780989300446584, -0.7951891059092492, -0.8519883277599095, -0.8661881332225747, -0.8519883277599095, -0.7667894949839188, -0.7241900785959233, -0.809388911371914, -0.8661881332225747, -0.9229873550732355, -0.8803879386852399, -0.8519883277599095, -0.8377885222972444, -0.8377885222972444, -0.8803879386852399, -0.9087875496105703, -0.8945877441479051, -0.8661881332225747, -0.8945877441479051, -0.9087875496105703, -0.9371871605359006, -0.9513869659985658, -0.9087875496105703, -0.8803879386852399, -0.8945877441479051, -0.8945877441479051, -0.8945877441479051, -0.8945877441479051, -0.8661881332225747, -0.8377885222972444, -0.8235887168345792, -0.809388911371914, -0.8235887168345792, -0.8235887168345792, -0.7951891059092492]"
104,66,468698,N,N,N,V,0.9311021,False,0.0031947838,0.044515684,0.9311021,0.0146124195,0.0065750177,"[0.41617514946428213, 0.43052601668718843, 0.40182428224137584, 0.40182428224137584, 0.38747341501846955, 0.2870173444581256, 0.2726664772352193, 0.2726664772352193, 0.3013682116810319, 0.3013682116810319, 0.2726664772352193, 0.24396474278940672, 0.15785953945196904, 0.18656127389778163, 0.21526300834359421, 0.18656127389778163, 0.17221040667487533, 0.14350867222906283, 0.12915780500615653, 0.14350867222906283, 0.18656127389778163, 0.15785953945196904, 0.14350867222906283, 0.11480693778325025, 0.07175433611453139, 0.07175433611453139, 0.10045607056034396, 0.11480693778325025, 0.08610520333743767, 0.05740346889162517, 0.028701734445812584, 0.07175433611453139, 0.11480693778325025, 0.08610520333743767, 0.08610520333743767, 0.07175433611453139, 0.043052601668718875, 0.07175433611453139, 0.07175433611453139, 0.07175433611453139, 0.05740346889162517, 0.043052601668718875, 0.028701734445812584, 0.028701734445812584, 0.043052601668718875, 0.028701734445812584, 0.028701734445812584, -0.014350867222906292, -0.014350867222906292, 0.0, 0.0, 0.014350867222906292, 0.014350867222906292, -0.0430526016687188, -0.0430526016687188, 0.0, 0.028701734445812584, -0.014350867222906292, 0.014350867222906292, -0.028701734445812505, -0.014350867222906292, 0.028701734445812584, 0.043052601668718875, 0.043052601668718875, 0.028701734445812584, -0.028701734445812505, 0.028701734445812584, 0.028701734445812584, 0.05740346889162517, 0.014350867222906292, 0.028701734445812584, 0.028701734445812584, 0.028701734445812584, 0.028701734445812584, 0.07175433611453139, 0.10045607056034396, 0.21526300834359421, 0.35877168057265696, 0.5022803528017198, 0.6888416266995013, 0.9041046350430956, 1.1050167761637835, 1.2485254483928463, 1.4350867222906278, 1.6790514650800346, 2.066524880098504, 2.5401034984544113, 3.071085585701944, 3.501611602389132, 3.831681548515977, 3.975190220745039, 3.917786751853414, 3.5590150712807573, 2.927576913472881, 2.152630083435942, 1.4494375895135343, 1.0189115728263458, 0.817999431705658, 0.48792948557881355, 0.028701734445812584, -0.3731225477955632, -0.5596838216933449, -0.6027364233620637, -0.6314381578078763, -0.6601398922536889, -0.6744907594765952, -0.7031924939224076, -0.6888416266995014, -0.7031924939224076, -0.6888416266995014, -0.7031924939224076, -0.6888416266995014, -0.6888416266995014, -0.7031924939224076, -0.7031924939224076, -0.6744907594765952, -0.6888416266995014, -0.6888416266995014, -0.6457890250307826, -0.7175433611453139, -0.7462450955911265, -0.7031924939224076, -0.6888416266995014, -0.6888416266995014, -0.6744907594765952, -0.6744907594765952, -0.7175433611453139, -0.7031924939224076, -0.6601398922536889, -0.6888416266995014, -0.7031924939224076, -0.7462450955911265, -0.7462450955911265, -0.7318942283682203, -0.7031924939224076, -0.7175433611453139, -0.7462450955911265, -0.7605959628140329, -0.7892976972598454, -0.7749468300369391, -0.7605959628140329, -0.7605959628140329, -0.7749468300369391, -0.8036485644827517, -0.8036485644827517, -0.7749468300369391, -0.7605959628140329, -0.7892976972598454, -0.7749468300369391, -0.8036485644827517, -0.817999431705658, -0.8323502989285643, -0.8036485644827517, -0.8036485644827517, -0.8467011661514706, -0.8467011661514706, -0.8610520333743769, -0.8323502989285643, -0.8467011661514706, -0.8610520333743769, -0.8610520333743769, -0.8610520333743769, -0.8897537678201894, -0.8610520333743769, -0.8754029005972832, -0.8754029005972832, -0.8754029005972832, -0.9328063694889084, -0.9758589711576269, -0.8897537678201894, -0.9328063694889084, -0.9328063694889084, -0.918455502266002, -0.9328063694889084, -0.961508103934721, -0.9328063694889084, -0.8897537678201894, -0.8754029005972832, -0.8754029005972832, -0.9041046350430958]"
108,87,171581,N,N,N,V,0.8906162,False,0.0032006945,0.08080652,0.8906162,0.019188171,0.006188404,"[0.1138750632882563, 0.2189905063235698, 0.23650974682945533, 0.2715482278412265, 0.2890674683471121, 0.2890674683471121, 0.32410594935888326, 0.3941829113824256, 0.4467406329000824, 0.464259873405968, 0.5168175949236248, 0.5518560759353959, 0.5868945569471671, 0.6219330379589383, 0.6744907594765951, 0.7796062025119085, 0.8672024050413365, 0.8496831645354509, 0.762086962006023, 0.7971254430177941, 0.8496831645354509, 0.9372793670648787, 1.0774332911119635, 1.0774332911119635, 0.9898370885825355, 0.9372793670648787, 0.8146446835236797, 0.6920099999824806, 0.5168175949236248, 0.3941829113824256, 0.23650974682945533, 0.1489135443000274, 0.061317341770599505, 0.026278860758828303, 0.026278860758828303, -0.0087596202529428, -0.043798101264714, -0.0963558227823707, -0.0613173417705996, -0.043798101264714, -0.0262788607588284, -0.0262788607588284, -0.0087596202529428, -0.0262788607588284, 0.026278860758828303, 0.0437981012647139, 0.0963558227823707, 0.13139430379414183, 0.061317341770599505, 0.0087596202529428, 0.0087596202529428, -0.0087596202529428, 0.026278860758828303, -0.0262788607588284, 0.0087596202529428, 0.0437981012647139, 0.0788365822764851, 0.0963558227823707, 0.061317341770599505, 0.0437981012647139, 0.0087596202529428, 0.0087596202529428, 0.026278860758828303, 0.0437981012647139, 0.0963558227823707, 0.061317341770599505, 0.0437981012647139, 0.0087596202529428, 0.0437981012647139, 0.0963558227823707, 0.0788365822764851, 0.1138750632882563, 0.1839520253117986, 0.3065867088529977, 0.5343368354295104, 0.8847216455472221, 1.2000679746531626, 1.6730874683120736, 2.1811454429827553, 2.6366456961357807, 2.8118381011946365, 2.7067226581593227, 2.654164936641666, 2.794318860688751, 2.969511265747607, 3.1797421518182336, 3.337415316371204, 3.4600499999124033, 3.5301269619359457, 3.6878001264889155, 3.845473291041886, 3.933069493571314, 3.862992531547772, 3.6878001264889155, 3.3724537973829753, 2.8118381011946365, 2.233703164500412, 1.72564518982973, 1.2701449366767048, 0.7095292404883662, 0.1489135443000274, -0.44674063290008253, -0.9723178480766499, -1.3402218987002472, -1.4278181012296751, -1.305183417688476, -1.1650294936413914, -1.1124717721237347, -1.094952531617849, -1.007356329088421, -0.9197601265589931, -0.7971254430177942, -0.7796062025119086, -0.6744907594765952, -0.7270484809942518, -0.6920099999824807, -0.6219330379589384, -0.5693753164412816, -0.5343368354295104, -0.6219330379589384, -0.6744907594765952, -0.639452278464824, -0.6219330379589384, -0.551856075935396, -0.551856075935396, -0.5693753164412816, -0.639452278464824, -0.6569715189707096, -0.6744907594765952, -0.6569715189707096, -0.6219330379589384, -0.6219330379589384, -0.6569715189707096, -0.6920099999824807, -0.7095292404883662, -0.6920099999824807, -0.7095292404883662, -0.762086962006023, -0.7971254430177942, -0.762086962006023, -0.7796062025119086, -0.762086962006023, -0.7971254430177942, -0.7971254430177942, -0.8321639240295654, -0.8321639240295654, -0.7445677215001374, -0.7796062025119086, -0.7796062025119086, -0.8146446835236798, -0.8672024050413366, -0.849683164535451, -0.7971254430177942, -0.8146446835236798, -0.7796062025119086, -0.7971254430177942, -0.8321639240295654, -0.7796062025119086, -0.762086962006023, -0.7270484809942518, -0.762086962006023, -0.7971254430177942, -0.7971254430177942, -0.7445677215001374, -0.639452278464824, -0.6569715189707096, -0.6744907594765952, -0.7445677215001374, -0.7796062025119086, -0.7445677215001374, -0.6744907594765952, -0.7095292404883662, -0.6569715189707096, -0.6569715189707096, -0.6569715189707096, -0.639452278464824, -0.6044137974530528, -0.551856075935396, -0.5868945569471672, -0.6044137974530528]"
108,87,265315,N,N,N,V,0.8991135,False,0.0032019492,0.07293972,0.8991135,0.018615007,0.00612981,"[0.1475448536355053, 0.10538918116821808, 0.06323350870093085, 0.1475448536355053, 0.18970052610279253, 0.18970052610279253, 0.18970052610279253, 0.2529340348037234, 0.27401187103736696, 0.37940105220558457, 0.37940105220558457, 0.37940105220558457, 0.37940105220558457, 0.37940105220558457, 0.37940105220558457, 0.44263456090651543, 0.6112572507756644, 0.737724268177526, 0.8009577768784566, 0.779879940644813, 0.8220356131121003, 0.8641912855793875, 0.9906583029812491, 1.096047484149467, 1.1382031566167543, 1.1382031566167543, 1.1382031566167543, 1.2225145015513288, 1.2435923377849722, 1.3068258464859028, 1.2225145015513288, 0.9906583029812491, 0.6955685957102388, 0.48479023337380267, 0.3372453797382978, 0.27401187103736696, 0.1475448536355053, 0.0, -0.08431134493457446, 0.0, 0.08431134493457446, 0.1264670174018617, 0.06323350870093085, 0.021077836233643614, -0.04215567246728723, -0.021077836233643614, 0.0, 0.04215567246728723, 0.06323350870093085, 0.04215567246728723, 0.0, 0.0, -0.021077836233643614, 0.04215567246728723, 0.08431134493457446, 0.06323350870093085, -0.021077836233643614, 0.0, -0.021077836233643614, 0.10538918116821808, 0.1264670174018617, 0.08431134493457446, 0.021077836233643614, 0.0, 0.0, 0.04215567246728723, 0.04215567246728723, 0.021077836233643614, 0.021077836233643614, 0.06323350870093085, 0.10538918116821808, 0.10538918116821808, 0.10538918116821808, 0.08431134493457446, 0.1264670174018617, 0.37940105220558457, 0.8852691218130311, 1.4543707001214081, 2.0656279508970723, 2.5714960205045188, 2.92981923647646, 2.9508970727101036, 2.9087414002428162, 3.0773640901119648, 3.3092202886820448, 3.4356873060839064, 3.604309995953055, 3.8361661945231345, 3.9837110481586397, 4.110178065560501, 4.278800755429651, 4.405267772831511, 4.3420342641305805, 4.194489410495075, 3.646465668420342, 3.035208417644678, 2.4028733306353702, 1.8759274247942803, 1.1803588290840414, 0.4004788884392282, -0.4004788884392282, -1.1171253203831106, -1.6651490624578438, -1.8337717523269925, -1.7705382436260622, -1.454370700121408, -1.2435923377849718, -1.0749696479158235, -1.0538918116821798, -0.9695804667476053, -0.8641912855793873, -0.6744907594765952, -0.632335087009308, -0.5058680696074462, -0.5480237420747335, -0.5691015783083772, -0.6955685957102383, -0.6744907594765952, -0.5901794145420207, -0.5269459058410899, -0.5269459058410899, -0.5480237420747335, -0.632335087009308, -0.632335087009308, -0.6534129232429515, -0.6534129232429515, -0.716646431943882, -0.7798799406448128, -0.8009577768784564, -0.6955685957102383, -0.716646431943882, -0.6744907594765952, -0.632335087009308, -0.6112572507756644, -0.716646431943882, -0.716646431943882, -0.7588021044111691, -0.7588021044111691, -0.8220356131121, -0.8220356131121, -0.8641912855793873, -0.8431134493457436, -0.7588021044111691, -0.6955685957102383, -0.716646431943882, -0.7798799406448128, -0.8641912855793873, -0.8641912855793873, -0.7588021044111691, -0.716646431943882, -0.716646431943882, -0.7377242681775256, -0.8009577768784564, -0.716646431943882, -0.716646431943882, -0.6955685957102383, -0.6955685957102383, -0.7588021044111691, -0.7588021044111691, -0.6955685957102383, -0.6744907594765952, -0.6955685957102383, -0.716646431943882, -0.8220356131121, -0.8220356131121, -0.7588021044111691, -0.6534129232429515, -0.6112572507756644, -0.6534129232429515, -0.716646431943882, -0.6955685957102383, -0.5269459058410899, -0.358323215971941, -0.3372453797382974, -0.44263456090651543, -0.5269459058410899, -0.5480237420747335, -0.5058680696074462, -0.4215567246728718, -0.4215567246728718]"
104,66,565951,N,N,N,V,0.92963046,False,0.003209039,0.04479781,0.92963046,0.015380701,0.0069820196,"[0.22050659444427148, 0.22050659444427148, 0.20753561830049083, 0.15565171372536812, 0.09079683300646475, 0.11673878529402605, 0.12970976143780674, 0.1686226898691488, 0.10376780915024543, 0.07782585686268406, 0.038912928431341996, 0.025941952287561378, 0.025941952287561378, 0.09079683300646475, 0.11673878529402605, 0.09079683300646475, 0.07782585686268406, 0.05188390457512268, 0.06485488071890337, 0.06485488071890337, 0.07782585686268406, 0.06485488071890337, 0.07782585686268406, 0.05188390457512268, 0.05188390457512268, 0.10376780915024543, 0.09079683300646475, 0.10376780915024543, 0.06485488071890337, 0.038912928431341996, 0.05188390457512268, 0.05188390457512268, 0.07782585686268406, 0.09079683300646475, 0.05188390457512268, 0.0, 0.025941952287561378, 0.038912928431341996, 0.038912928431341996, 0.025941952287561378, 0.0, -0.012970976143780689, 0.0, 0.038912928431341996, 0.025941952287561378, 0.012970976143780689, -0.012970976143780689, -0.025941952287561378, 0.0, 0.012970976143780689, 0.0, 0.0, -0.05188390457512268, -0.05188390457512268, -0.025941952287561378, 0.012970976143780689, 0.05188390457512268, 0.012970976143780689, 0.0, -0.025941952287561378, 0.012970976143780689, 0.038912928431341996, 0.05188390457512268, 0.025941952287561378, 0.0, -0.012970976143780689, 0.012970976143780689, 0.012970976143780689, 0.038912928431341996, 0.05188390457512268, 0.038912928431341996, 0.0, 0.05188390457512268, 0.05188390457512268, 0.09079683300646475, 0.20753561830049083, 0.31130342745073625, 0.41507123660098166, 0.5966649026139111, 0.7652875924830599, 0.9468812584959894, 1.1025329722213575, 1.206300781371603, 1.3878944473845323, 1.6732559225477073, 2.036443254573566, 2.412601562743206, 2.8017308470566262, 3.177889155226266, 3.4632506303894406, 3.6837572248337125, 3.696728200977493, 3.4502796542456604, 2.9962954892133364, 2.451514491174548, 1.932675445423321, 1.439778351959655, 1.0376780915024542, 0.5188390457512271, 0.14268073758158742, -0.12970976143780674, -0.4280422127447623, -0.6096358787576918, -0.7004327117641566, -0.726374664051718, -0.7652875924830599, -0.7782585686268406, -0.8171714970581826, -0.7912295447706212, -0.7393456401954985, -0.6874617356203759, -0.7004327117641566, -0.726374664051718, -0.726374664051718, -0.7004327117641566, -0.6874617356203759, -0.6615197833328146, -0.6744907594765952, -0.6874617356203759, -0.726374664051718, -0.7134036879079373, -0.6744907594765952, -0.6744907594765952, -0.7134036879079373, -0.6744907594765952, -0.7004327117641566, -0.6744907594765952, -0.6874617356203759, -0.6485488071890338, -0.6744907594765952, -0.726374664051718, -0.7004327117641566, -0.7004327117641566, -0.7004327117641566, -0.6744907594765952, -0.6615197833328146, -0.7134036879079373, -0.7523166163392792, -0.726374664051718, -0.7523166163392792, -0.726374664051718, -0.7004327117641566, -0.7393456401954985, -0.7523166163392792, -0.7393456401954985, -0.7393456401954985, -0.726374664051718, -0.7393456401954985, -0.7782585686268406, -0.7912295447706212, -0.7652875924830599, -0.7782585686268406, -0.7523166163392792, -0.7652875924830599, -0.7912295447706212, -0.8301424732019633, -0.804200520914402, -0.7912295447706212, -0.7782585686268406, -0.804200520914402, -0.8171714970581826, -0.8301424732019633, -0.8301424732019633, -0.8301424732019633, -0.8171714970581826, -0.8301424732019633, -0.8431134493457441, -0.8560844254895247, -0.8301424732019633, -0.8301424732019633, -0.8301424732019633, -0.8301424732019633, -0.8171714970581826, -0.8690554016333054, -0.8560844254895247, -0.8560844254895247, -0.804200520914402, -0.8171714970581826, -0.8171714970581826, -0.8690554016333054]"
108,87,306677,N,N,N,V,0.9013274,False,0.0032458305,0.06594755,0.9013274,0.023107428,0.00637185,"[0.1854849588560637, 0.16862268986914883, 0.20234722784297857, 0.1854849588560637, 0.23607176581680836, 0.1854849588560637, 0.15176042088223393, 0.15176042088223393, 0.15176042088223393, 0.16862268986914883, 0.25293403480372323, 0.286658572777553, 0.286658572777553, 0.25293403480372323, 0.23607176581680836, 0.2697963037906381, 0.23607176581680836, 0.25293403480372323, 0.32038311075138276, 0.3541076487252125, 0.4890058006205316, 0.5564548765681911, 0.6576284904896804, 0.7082152974504251, 0.7419398354242548, 0.7082152974504251, 0.7082152974504251, 0.7419398354242548, 0.7082152974504251, 0.6576284904896804, 0.5733171455551059, 0.5227303385943614, 0.4721435316336167, 0.3709699177121274, 0.25293403480372323, 0.15176042088223393, 0.10117361392148928, 0.016862268986914897, 0.033724537973829745, 0.033724537973829745, 0.05058680696074464, 0.033724537973829745, 0.05058680696074464, 0.0, 0.0, 0.033724537973829745, 0.06744907594765955, 0.05058680696074464, 0.016862268986914897, -0.033724537973829745, 0.016862268986914897, 0.033724537973829745, 0.05058680696074464, 0.033724537973829745, 0.033724537973829745, -0.05058680696074464, -0.033724537973829745, 0.0, 0.016862268986914897, 0.05058680696074464, 0.0, -0.05058680696074464, -0.033724537973829745, 0.033724537973829745, 0.05058680696074464, 0.016862268986914897, -0.033724537973829745, -0.05058680696074464, 0.0, 0.033724537973829745, 0.033724537973829745, 0.05058680696074464, 0.05058680696074464, 0.10117361392148928, 0.1854849588560637, 0.286658572777553, 0.4721435316336167, 0.7419398354242548, 1.0623229461756376, 1.4838796708485094, 1.9391609334952113, 2.394442196141913, 2.5124780790503176, 2.394442196141913, 2.3607176581680833, 2.4618912720895727, 2.7316875758802106, 2.849723458788615, 2.883447996762445, 2.849723458788615, 2.9340348037231894, 3.001483879670849, 3.068932955618508, 3.052070686631594, 2.9508970727101045, 2.6473762309456363, 2.10778362336436, 1.4164305949008502, 0.8431134493457441, 0.286658572777553, -0.32038311075138276, -0.9442870632672334, -1.5007419398354247, -1.719951436665318, -1.703089167678403, -1.5344664778092545, -1.281532443005531, -1.1803588290840417, -1.1972210980709566, -1.1972210980709566, -1.0791852151625523, -0.9274247942803185, -0.7419398354242548, -0.6744907594765952, -0.6576284904896803, -0.6913530284635101, -0.6070416835289358, -0.6239039525158507, -0.6070416835289358, -0.6576284904896803, -0.708215297450425, -0.708215297450425, -0.6744907594765952, -0.6407662215027654, -0.6407662215027654, -0.6407662215027654, -0.6576284904896803, -0.6913530284635101, -0.6913530284635101, -0.6744907594765952, -0.6744907594765952, -0.6744907594765952, -0.7250775664373399, -0.7756643733980846, -0.7588021044111697, -0.7250775664373399, -0.7419398354242548, -0.7588021044111697, -0.7925266423849995, -0.7925266423849995, -0.7756643733980846, -0.7419398354242548, -0.7419398354242548, -0.7756643733980846, -0.7756643733980846, -0.8262511803588293, -0.7925266423849995, -0.7925266423849995, -0.7756643733980846, -0.7588021044111697, -0.7756643733980846, -0.8093889113719144, -0.7925266423849995, -0.7588021044111697, -0.7756643733980846, -0.7588021044111697, -0.7756643733980846, -0.8431134493457441, -0.8431134493457441, -0.7419398354242548, -0.7419398354242548, -0.7419398354242548, -0.7756643733980846, -0.8431134493457441, -0.7925266423849995, -0.7588021044111697, -0.708215297450425, -0.7419398354242548, -0.7419398354242548, -0.7756643733980846, -0.7419398354242548, -0.7250775664373399, -0.6744907594765952, -0.708215297450425, -0.708215297450425, -0.7419398354242548, -0.6913530284635101, -0.6407662215027654, -0.6576284904896803, -0.6407662215027654]"
104,66,424261,N,N,N,V,0.93635035,False,0.003248774,0.03984942,0.93635035,0.013915907,0.0066355527,"[0.32681511026185533, 0.32681511026185533, 0.3685361881676242, 0.39635024010480335, 0.4380713180105721, 0.4519783439791617, 0.4519783439791617, 0.4658853699477513, 0.49369942188493043, 0.4797923959163409, 0.4380713180105721, 0.42416429204198247, 0.34072213623044495, 0.32681511026185533, 0.2850940323560866, 0.32681511026185533, 0.2850940323560866, 0.31290808429326583, 0.22946592848172828, 0.2155589025131387, 0.22946592848172828, 0.22946592848172828, 0.17383782460736988, 0.18774485057595947, 0.18774485057595947, 0.2155589025131387, 0.20165187654454908, 0.22946592848172828, 0.17383782460736988, 0.17383782460736988, 0.14602377267019068, 0.15993079863878026, 0.15993079863878026, 0.18774485057595947, 0.14602377267019068, 0.13211674670160106, 0.09039566879583241, 0.14602377267019068, 0.18774485057595947, 0.15993079863878026, 0.13211674670160106, 0.09039566879583241, 0.09039566879583241, 0.10430269476442186, 0.10430269476442186, 0.10430269476442186, 0.10430269476442186, 0.06258161685865321, 0.07648864282724281, 0.06258161685865321, 0.09039566879583241, 0.06258161685865321, 0.04867459089006361, -0.006953512984294801, -0.020860538952884405, -0.006953512984294801, 0.020860538952884405, 0.03476756492147401, -0.006953512984294801, -0.020860538952884405, -0.020860538952884405, 0.006953512984294801, 0.03476756492147401, 0.006953512984294801, 0.006953512984294801, -0.020860538952884405, -0.006953512984294801, -0.020860538952884405, 0.020860538952884405, 0.020860538952884405, 0.020860538952884405, -0.006953512984294801, 0.006953512984294801, 0.03476756492147401, 0.04867459089006361, 0.03476756492147401, 0.03476756492147401, 0.07648864282724281, 0.15993079863878026, 0.35462916219903456, 0.5632345517278784, 0.7857469672253118, 0.9665383048169766, 1.1612366683772306, 1.3837490838746642, 1.661889603246456, 2.0512863303669646, 2.510218187330421, 3.0247781481682354, 3.4837100051316923, 3.789664576440663, 3.998269965969507, 3.8452926803150214, 3.400267849320155, 2.6910095249220856, 1.8426809408381206, 1.0777945125656934, 0.6188626556022367, 0.39635024010480335, 0.03476756492147401, -0.34072213623044495, -0.6049556296336472, -0.7023048114137741, -0.6744907594765952, -0.6744907594765952, -0.6605837335080057, -0.7023048114137741, -0.7023048114137741, -0.7162118373823637, -0.7023048114137741, -0.7023048114137741, -0.6883977854451846, -0.6744907594765952, -0.7162118373823637, -0.6883977854451846, -0.6883977854451846, -0.6744907594765952, -0.6883977854451846, -0.6883977854451846, -0.6883977854451846, -0.7162118373823637, -0.6744907594765952, -0.6605837335080057, -0.6605837335080057, -0.7023048114137741, -0.7301188633509533, -0.7301188633509533, -0.7162118373823637, -0.7162118373823637, -0.7301188633509533, -0.7301188633509533, -0.7440258893195429, -0.813561019162491, -0.7996539931939014, -0.7857469672253118, -0.7579329152881326, -0.7440258893195429, -0.7857469672253118, -0.7857469672253118, -0.7857469672253118, -0.7996539931939014, -0.7857469672253118, -0.7857469672253118, -0.7996539931939014, -0.8552820970682598, -0.8274680451310805, -0.7996539931939014, -0.813561019162491, -0.8552820970682598, -0.8552820970682598, -0.9109102009426182, -0.9109102009426182, -0.8691891230368494, -0.8970031749740286, -0.8970031749740286, -0.9109102009426182, -0.9526312788483869, -0.9248172269112078, -0.8970031749740286, -0.8970031749740286, -0.9248172269112078, -0.9387242528797974, -0.9804453307855662, -0.9665383048169766, -0.9387242528797974, -0.9248172269112078, -0.9109102009426182, -0.9526312788483869, -0.9665383048169766, -0.9248172269112078, -0.9248172269112078, -0.9665383048169766, -0.9248172269112078, -0.9526312788483869, -0.9526312788483869, -0.9109102009426182, -0.8691891230368494, -0.8552820970682598, -0.8691891230368494, -0.883096149005439]"
108,87,170047,N,N,N,V,0.8724473,False,0.0032489423,0.09290962,0.8724473,0.024139475,0.0072546233,"[0.11629151025458541, 0.09303320820366831, 0.13954981230550245, 0.20932471845825368, 0.23258302050917076, 0.20932471845825368, 0.25584132256008785, 0.2790996246110049, 0.4419077389674244, 0.48842434306925864, 0.4419077389674244, 0.41864943691650736, 0.3488745307637562, 0.4651660410183415, 0.5116826451201757, 0.6047158533238439, 0.6512324574256781, 0.7210073635784293, 0.8140405717820975, 0.8838154779348488, 0.907073779985766, 1.0001069881894342, 1.0466235922912683, 1.1163984984440196, 1.1163984984440196, 1.2559483107495222, 1.3257232169022735, 1.3722398210041076, 1.3489815189531904, 1.3954981230550247, 1.3489815189531904, 1.2559483107495222, 1.0931401963931024, 0.8605571758839318, 0.6512324574256781, 0.41864943691650736, 0.20932471845825368, 0.09303320820366831, 0.0, -0.09303320820366826, -0.06977490615275116, 0.0, -0.023258302050917095, 0.0, 0.0, 0.09303320820366831, 0.11629151025458541, 0.09303320820366831, -0.023258302050917095, 0.04651660410183419, 0.06977490615275123, 0.09303320820366831, 0.09303320820366831, 0.11629151025458541, 0.11629151025458541, 0.13954981230550245, 0.04651660410183419, 0.023258302050917095, -0.04651660410183419, 0.023258302050917095, 0.09303320820366831, 0.11629151025458541, 0.13954981230550245, 0.06977490615275123, 0.0, -0.023258302050917095, 0.06977490615275123, 0.11629151025458541, 0.11629151025458541, 0.09303320820366831, 0.0, 0.06977490615275123, 0.04651660410183419, 0.04651660410183419, 0.09303320820366831, 0.20932471845825368, 0.48842434306925864, 0.9535903840876001, 1.6745977476660294, 2.535154923549961, 3.2096456830265567, 3.465487005586644, 3.25616228712839, 3.2096456830265567, 3.5352619117393953, 3.8841364425031513, 4.046944556859571, 4.046944556859571, 4.000427952757737, 4.0934611609614056, 4.4655939937760785, 4.721435316336167, 4.698177014285249, 4.558627201979746, 4.0934611609614056, 3.4887453076375614, 2.790996246110049, 2.139763788684371, 1.535047935360527, 0.9535903840876001, 0.16280811435641954, -0.7210073635784292, -1.3954981230550245, -1.7908892579206148, -1.6978560497169464, -1.51178963330961, -1.3257232169022732, -1.2792066128004391, -1.2094317066476878, -0.9768486861385173, -0.7442656656293463, -0.6744907594765952, -0.6744907594765952, -0.6047158533238439, -0.5814575512729269, -0.5814575512729269, -0.5349409471710926, -0.5581992492220098, -0.6047158533238439, -0.6279741553747611, -0.6047158533238439, -0.6047158533238439, -0.6047158533238439, -0.6512324574256781, -0.7675239676802633, -0.7907822697311805, -0.8372988738330147, -0.7907822697311805, -0.7907822697311805, -0.8605571758839318, -0.7907822697311805, -0.7442656656293463, -0.6977490615275124, -0.6744907594765952, -0.7210073635784292, -0.7907822697311805, -0.8605571758839318, -0.8605571758839318, -0.8372988738330147, -0.8605571758839318, -0.8140405717820975, -0.7907822697311805, -0.8140405717820975, -0.7442656656293463, -0.7675239676802633, -0.7907822697311805, -0.7210073635784292, -0.7675239676802633, -0.8140405717820975, -0.7675239676802633, -0.7907822697311805, -0.7675239676802633, -0.7675239676802633, -0.6744907594765952, -0.7675239676802633, -0.8140405717820975, -0.7907822697311805, -0.7210073635784292, -0.7210073635784292, -0.7442656656293463, -0.8140405717820975, -0.7210073635784292, -0.7675239676802633, -0.7442656656293463, -0.6977490615275124, -0.6279741553747611, -0.5814575512729269, -0.4651660410183415, -0.4651660410183415, -0.4419077389674244, -0.4651660410183415, -0.41864943691650736, -0.41864943691650736, -0.348874530763756, -0.37213283281467313, -0.30235792666192196, -0.348874530763756, -0.348874530763756, -0.348874530763756, -0.2558413225600878]"
104,66,496725,N,N,N,V,0.93110406,False,0.0032515882,0.04385102,0.93110406,0.014903441,0.006889878,"[0.22483025315886498, 0.21198281012121556, 0.1991353670835661, 0.1991353670835661, 0.18628792404591665, 0.1477455949329684, 0.1477455949329684, 0.16059303797061786, 0.13489815189531898, 0.1092032658200201, 0.1092032658200201, 0.1092032658200201, 0.12205070885766954, 0.12205070885766954, 0.09635582278237066, 0.0449660506317729, 0.0321186075941236, 0.09635582278237066, 0.1092032658200201, 0.09635582278237066, 0.08350837974472122, 0.05781349366942234, 0.0449660506317729, 0.07066093670707178, 0.09635582278237066, 0.08350837974472122, 0.0449660506317729, 0.0321186075941236, 0.0321186075941236, 0.07066093670707178, 0.08350837974472122, 0.08350837974472122, 0.07066093670707178, 0.0321186075941236, 0.07066093670707178, 0.08350837974472122, 0.05781349366942234, 0.05781349366942234, 0.05781349366942234, 0.01927116455647416, 0.00642372151882472, 0.0321186075941236, 0.0449660506317729, 0.07066093670707178, 0.0449660506317729, -0.00642372151882472, -0.00642372151882472, -0.01927116455647416, 0.01927116455647416, 0.00642372151882472, -0.00642372151882472, -0.01927116455647416, -0.01927116455647416, 0.01927116455647416, 0.0321186075941236, 0.01927116455647416, 0.00642372151882472, 0.00642372151882472, -0.00642372151882472, 0.00642372151882472, 0.00642372151882472, 0.01927116455647416, -0.00642372151882472, -0.01927116455647416, -0.01927116455647416, 0.01927116455647416, 0.01927116455647416, 0.05781349366942234, 0.0321186075941236, 0.00642372151882472, 0.01927116455647416, 0.0449660506317729, 0.0449660506317729, 0.0449660506317729, 0.0321186075941236, 0.09635582278237066, 0.1991353670835661, 0.314762354422411, 0.5074739999871524, 0.6359484303636467, 0.7901177468154399, 0.944287063267233, 1.1113038227566756, 1.304015468321417, 1.573811772112055, 1.882150405015641, 2.2804211391827733, 2.652996987274607, 2.9870305062534923, 3.3467589113076754, 3.565165442947717, 3.565165442947717, 3.3339114682700264, 2.9227932910652448, 2.3703532404463195, 1.8307606328650434, 1.3425577974343652, 0.8286600759283882, 0.44323678479890527, 0.18628792404591665, -0.1477455949329684, -0.43038934176125593, -0.5717112151753997, -0.6616433164389457, -0.6873382025142444, -0.764422860740141, -0.764422860740141, -0.7130330885895432, -0.7001856455518938, -0.6873382025142444, -0.6873382025142444, -0.7001856455518938, -0.7387279746648421, -0.7130330885895432, -0.6744907594765952, -0.6616433164389457, -0.6616433164389457, -0.6744907594765952, -0.7001856455518938, -0.6744907594765952, -0.6744907594765952, -0.6616433164389457, -0.7001856455518938, -0.7258805316271927, -0.7258805316271927, -0.7001856455518938, -0.6873382025142444, -0.6873382025142444, -0.7001856455518938, -0.7258805316271927, -0.7258805316271927, -0.7130330885895432, -0.7001856455518938, -0.7001856455518938, -0.7258805316271927, -0.7387279746648421, -0.764422860740141, -0.7387279746648421, -0.7001856455518938, -0.7387279746648421, -0.7515754177024915, -0.764422860740141, -0.7772703037777904, -0.7387279746648421, -0.7387279746648421, -0.7387279746648421, -0.764422860740141, -0.7901177468154399, -0.8029651898530893, -0.8029651898530893, -0.764422860740141, -0.7772703037777904, -0.7772703037777904, -0.8158126328907387, -0.8158126328907387, -0.7901177468154399, -0.7901177468154399, -0.8029651898530893, -0.8286600759283882, -0.8672024050413365, -0.8543549620036871, -0.8415075189660376, -0.8543549620036871, -0.8543549620036871, -0.8415075189660376, -0.8672024050413365, -0.9057447341542848, -0.8543549620036871, -0.8415075189660376, -0.8543549620036871, -0.8672024050413365, -0.8800498480789859, -0.8672024050413365, -0.8928972911166354, -0.8543549620036871, -0.8415075189660376, -0.8543549620036871, -0.9185921771919342, -0.8672024050413365, -0.8029651898530893]"
108,87,172326,N,N,N,V,0.90010685,False,0.0032646358,0.07317712,0.90010685,0.017283566,0.0061678784,"[0.2134464428723403, 0.24759787373191472, 0.2646735891617019, 0.23052215830212752, 0.24759787373191472, 0.28174930459148917, 0.38420359717021246, 0.4525064588893613, 0.38420359717021246, 0.4012793125999997, 0.4012793125999997, 0.4525064588893613, 0.5208093206085103, 0.6403393286170207, 0.7257179057659568, 0.7086421903361697, 0.7086421903361697, 0.6915664749063825, 0.7427936211957441, 0.8623236292042545, 0.9135507754936163, 0.896475060063829, 0.9135507754936163, 0.9477022063531908, 1.0501564989319139, 1.0501564989319139, 0.9989293526425522, 0.9135507754936163, 0.7257179057659568, 0.5891121823276592, 0.503733605178723, 0.350052166310638, 0.24759787373191472, 0.17929501201276588, 0.07684071943404255, 0.05976500400425532, 0.04268928857446808, 0.1280678657234042, 0.07684071943404255, -0.008537857714893522, -0.04268928857446799, -0.04268928857446799, 0.02561357314468085, 0.07684071943404255, 0.09391643486382974, 0.07684071943404255, -0.008537857714893522, -0.07684071943404246, -0.059765004004255225, -0.008537857714893522, 0.02561357314468085, 0.04268928857446808, 0.05976500400425532, 0.04268928857446808, 0.07684071943404255, 0.1280678657234042, 0.07684071943404255, 0.04268928857446808, 0.04268928857446808, 0.008537857714893618, 0.04268928857446808, 0.09391643486382974, -0.008537857714893522, 0.02561357314468085, -0.04268928857446799, -0.059765004004255225, 0.04268928857446808, 0.1280678657234042, 0.1451435811531914, 0.1451435811531914, 0.07684071943404255, 0.008537857714893618, 0.11099215029361698, 0.1280678657234042, 0.19637072744255304, 0.36712788174042527, 0.6403393286170207, 1.0160050680723396, 1.579503677255318, 2.17715371729787, 2.604046603042551, 2.6552737493319127, 2.569895172182976, 2.6552737493319127, 2.826030903629785, 2.996788057927657, 3.030939488787231, 3.0821666350765935, 3.184620927655317, 3.4066052282425505, 3.6627409596893585, 3.7310438214085075, 3.679816675119146, 3.4749080899616995, 3.030939488787231, 2.3991380178851047, 1.7502608315531898, 1.2209136532297864, 0.657415044046808, 0.02561357314468085, -0.6403393286170207, -1.13553507608085, -1.3916708075276585, -1.425822238387233, -1.2379893686595733, -1.1013836452212757, -1.0672322143617012, -1.0843079297914884, -0.9477022063531906, -0.8110964829148929, -0.7086421903361695, -0.6915664749063822, -0.6915664749063822, -0.6744907594765952, -0.5720364668978718, -0.5037336051787229, -0.46958217431914856, -0.52080932060851, -0.6232636131872334, -0.7257179057659567, -0.7257179057659567, -0.6232636131872334, -0.6232636131872334, -0.6403393286170207, -0.7257179057659567, -0.7598693366255311, -0.7086421903361695, -0.6915664749063822, -0.6915664749063822, -0.6915664749063822, -0.6915664749063822, -0.7598693366255311, -0.7940207674851056, -0.7598693366255311, -0.7940207674851056, -0.8452479137744674, -0.8452479137744674, -0.896475060063829, -0.9135507754936161, -0.8793993446340418, -0.8110964829148929, -0.7257179057659567, -0.742793621195744, -0.7769450520553184, -0.7598693366255311, -0.7257179057659567, -0.742793621195744, -0.6915664749063822, -0.8110964829148929, -0.8281721983446801, -0.8793993446340418, -0.8623236292042545, -0.8452479137744674, -0.8110964829148929, -0.7086421903361695, -0.7086421903361695, -0.6744907594765952, -0.6915664749063822, -0.6744907594765952, -0.742793621195744, -0.7598693366255311, -0.7940207674851056, -0.7257179057659567, -0.657415044046808, -0.6061878977574463, -0.6232636131872334, -0.6744907594765952, -0.6744907594765952, -0.657415044046808, -0.6232636131872334, -0.6061878977574463, -0.6744907594765952, -0.6403393286170207, -0.5720364668978718, -0.4525064588893613, -0.41835502802978686, -0.46958217431914856, -0.5378850360382973, -0.5037336051787229, -0.5037336051787229]"
108,87,247341,N,N,N,V,0.8866442,False,0.0032646896,0.08375838,0.8866442,0.019950073,0.006382699,"[0.06423721518824722, 0.17129924050199247, 0.23553645569023957, 0.2997736708784868, 0.2997736708784868, 0.2783612658157377, 0.2997736708784868, 0.385423291129483, 0.42824810125498114, 0.4496605063177302, 0.4496605063177302, 0.47107291138047913, 0.4496605063177302, 0.5138977215059773, 0.6209597468197227, 0.6851969620079698, 0.7494341771962169, 0.7280217721334677, 0.8136713923844641, 0.9421458227609584, 1.0277954430119547, 1.0277954430119547, 1.0277954430119547, 1.0706202531374527, 1.0920326582002018, 1.1348574683257, 1.2847443037649433, 1.2847443037649433, 1.156269873388449, 0.9421458227609584, 0.7494341771962169, 0.5781349366942246, 0.4496605063177302, 0.3640108860667339, 0.2141240506274905, 0.06423721518824722, -0.042824810125498144, -0.042824810125498144, 0.021412405062749072, 0.021412405062749072, 0.0, -0.021412405062749072, -0.042824810125498144, -0.042824810125498144, 0.0, 0.021412405062749072, 0.10706202531374524, 0.08564962025099618, 0.08564962025099618, 0.08564962025099618, 0.08564962025099618, 0.06423721518824722, 0.0, -0.021412405062749072, -0.021412405062749072, 0.042824810125498144, 0.10706202531374524, 0.10706202531374524, 0.08564962025099618, 0.042824810125498144, 0.0, 0.06423721518824722, 0.12847443037649434, 0.10706202531374524, 0.08564962025099618, 0.06423721518824722, 0.042824810125498144, 0.042824810125498144, 0.08564962025099618, 0.06423721518824722, 0.0, -0.042824810125498144, -0.021412405062749072, 0.08564962025099618, 0.19271164556474155, 0.3640108860667339, 0.6423721518824717, 1.0277954430119547, 1.5845179746434301, 2.1840653164004036, 2.7836126581573772, 3.019149113847617, 2.9977367087848674, 2.9334994935966208, 3.083386329035864, 3.3617475948516016, 3.533046835353594, 3.7043460758555864, 3.789995696106583, 3.7471708859810846, 3.832820506232081, 4.046944556859571, 4.025532151796822, 3.897057721420328, 3.533046835353594, 2.8692622784083732, 2.205477721463153, 1.6701675948944263, 1.1776822784511982, 0.5995473417569736, -0.17129924050199236, -0.9207334176982095, -1.563105569580681, -1.841466835396419, -1.8200544303336699, -1.5845179746434301, -1.3275691138904415, -1.2847443037649435, -1.2419194936394453, -1.0920326582002018, -0.8993210126354604, -0.770846582258966, -0.7066093670707188, -0.7066093670707188, -0.7280217721334677, -0.6851969620079696, -0.6423721518824718, -0.6423721518824718, -0.6851969620079696, -0.6851969620079696, -0.6851969620079696, -0.6423721518824718, -0.5995473417569736, -0.5781349366942246, -0.6851969620079696, -0.6637845569452208, -0.7922589873217151, -0.6851969620079696, -0.7280217721334677, -0.770846582258966, -0.770846582258966, -0.8993210126354604, -0.8350837974472132, -0.770846582258966, -0.7066093670707188, -0.7280217721334677, -0.8136713923844641, -0.8564962025099623, -0.8779086075727113, -0.770846582258966, -0.7280217721334677, -0.770846582258966, -0.770846582258966, -0.8136713923844641, -0.8350837974472132, -0.770846582258966, -0.7066093670707188, -0.7280217721334677, -0.7066093670707188, -0.7922589873217151, -0.7494341771962169, -0.7280217721334677, -0.7066093670707188, -0.7494341771962169, -0.7066093670707188, -0.7066093670707188, -0.7494341771962169, -0.6851969620079696, -0.6209597468197227, -0.6209597468197227, -0.6637845569452208, -0.6851969620079696, -0.6637845569452208, -0.6423721518824718, -0.5567225316314754, -0.47107291138047913, -0.47107291138047913, -0.5567225316314754, -0.6209597468197227, -0.47107291138047913, -0.4068356961922319, -0.3854232911294831, -0.34259848100398493, -0.34259848100398493, -0.4496605063177301, -0.34259848100398493, -0.3211860759412359, -0.2569488607529887, -0.2569488607529887, -0.2569488607529887]"
108,87,264186,N,N,N,V,0.90316975,False,0.0032653196,0.06899541,0.90316975,0.018538684,0.0060308347,"[0.1722104066748754, 0.20091214112068792, 0.18656127389778163, 0.20091214112068792, 0.18656127389778163, 0.2870173444581256, 0.3300699461268444, 0.3300699461268444, 0.35877168057265696, 0.35877168057265696, 0.37312254779556325, 0.35877168057265696, 0.3300699461268444, 0.3444208133497507, 0.37312254779556325, 0.48792948557881355, 0.5453329544704386, 0.6601398922536889, 0.6744907594765952, 0.7175433611453139, 0.6888416266995013, 0.6744907594765952, 0.6744907594765952, 0.7318942283682203, 0.7605959628140329, 0.7749468300369391, 0.817999431705658, 0.8036485644827517, 0.7892976972598454, 0.7031924939224077, 0.6314381578078764, 0.5309820872475324, 0.41617514946428213, 0.3444208133497507, 0.25831561001231307, 0.21526300834359421, 0.1435086722290628, 0.07175433611453141, 0.028701734445812584, 0.028701734445812584, 0.05740346889162513, 0.10045607056034396, 0.08610520333743771, 0.11480693778325025, 0.08610520333743771, 0.05740346889162513, 0.014350867222906292, 0.028701734445812584, 0.07175433611453141, 0.043052601668718875, 0.014350867222906292, -0.028701734445812505, -0.0430526016687188, 0.014350867222906292, 0.05740346889162513, 0.07175433611453141, 0.05740346889162513, 0.028701734445812584, 0.014350867222906292, 0.0, -0.014350867222906292, -0.0430526016687188, -0.07175433611453139, -0.12915780500615648, -0.10045607056034396, 0.0, 0.10045607056034396, 0.10045607056034396, 0.05740346889162513, 0.0, -0.014350867222906292, 0.028701734445812584, 0.014350867222906292, 0.10045607056034396, 0.25831561001231307, 0.5309820872475324, 0.8467011661514706, 1.1911219795012213, 1.5642445272967842, 1.7364549339716597, 1.707753199525847, 1.6216479961884094, 1.6790514650800346, 1.894314473423629, 2.0378231456526916, 2.0952266145443166, 2.066524880098504, 2.0952266145443166, 2.152630083435942, 2.3391913573337235, 2.439647427894067, 2.425296560671161, 2.367893091779536, 2.1956826851046607, 1.894314473423629, 1.535542792850972, 1.1337185106095962, 0.7605959628140329, 0.2870173444581256, -0.28701734445812555, -0.8179994317056578, -1.1911219795012213, -1.3776832533990027, -1.4207358550677216, -1.3489815189531902, -1.248525448392846, -1.2054728467241276, -1.1050167761637835, -0.9758589711576269, -0.8467011661514704, -0.8036485644827516, -0.7892976972598452, -0.7749468300369391, -0.7318942283682203, -0.6170872905849699, -0.5740346889162512, -0.6027364233620636, -0.6457890250307825, -0.6170872905849699, -0.5309820872475324, -0.47357861835590714, -0.48792948557881344, -0.5309820872475324, -0.6170872905849699, -0.6027364233620636, -0.5453329544704386, -0.5309820872475324, -0.6170872905849699, -0.6601398922536887, -0.7175433611453139, -0.7175433611453139, -0.7031924939224077, -0.6601398922536887, -0.6457890250307825, -0.6457890250307825, -0.6888416266995013, -0.7175433611453139, -0.7175433611453139, -0.7318942283682203, -0.7749468300369391, -0.7462450955911265, -0.7462450955911265, -0.7605959628140329, -0.7318942283682203, -0.7175433611453139, -0.7749468300369391, -0.7892976972598452, -0.7892976972598452, -0.7749468300369391, -0.7605959628140329, -0.7462450955911265, -0.7892976972598452, -0.8036485644827516, -0.8179994317056578, -0.8036485644827516, -0.7318942283682203, -0.6888416266995013, -0.7318942283682203, -0.7175433611453139, -0.7462450955911265, -0.7892976972598452, -0.7749468300369391, -0.7749468300369391, -0.7605959628140329, -0.7318942283682203, -0.7749468300369391, -0.7462450955911265, -0.7318942283682203, -0.7031924939224077, -0.7031924939224077, -0.7318942283682203, -0.7749468300369391, -0.7749468300369391, -0.7605959628140329, -0.7031924939224077, -0.6744907594765951, -0.6314381578078762, -0.6888416266995013, -0.6314381578078762, -0.6027364233620636]"
104,66,540554,N,N,N,V,0.93708074,False,0.003265894,0.035678484,0.93708074,0.01678574,0.007189247,"[0.17986420252709207, 0.19271164556474152, 0.15416931645179321, 0.10277954430119547, 0.14132187341414376, 0.12847443037649434, 0.14132187341414376, 0.15416931645179321, 0.12847443037649434, 0.06423721518824714, 0.10277954430119547, 0.12847443037649434, 0.11562698733884492, 0.11562698733884492, 0.0770846582258966, 0.0770846582258966, 0.0770846582258966, 0.10277954430119547, 0.12847443037649434, 0.10277954430119547, 0.10277954430119547, 0.06423721518824714, 0.0770846582258966, 0.0770846582258966, 0.0770846582258966, 0.10277954430119547, 0.05138977215059778, 0.03854232911294833, 0.05138977215059778, 0.05138977215059778, 0.08993210126354603, 0.08993210126354603, 0.06423721518824714, 0.03854232911294833, 0.0, 0.02569488607529889, 0.0770846582258966, 0.0770846582258966, 0.05138977215059778, 0.012847443037649444, 0.02569488607529889, 0.05138977215059778, 0.03854232911294833, 0.06423721518824714, 0.012847443037649444, 0.0, 0.012847443037649444, 0.02569488607529889, 0.02569488607529889, 0.03854232911294833, 0.02569488607529889, 0.0, 0.0, 0.03854232911294833, 0.05138977215059778, 0.02569488607529889, 0.012847443037649444, 0.0, 0.0, 0.0, 0.012847443037649444, 0.02569488607529889, 0.0, -0.03854232911294826, 0.0, 0.0, 0.012847443037649444, 0.012847443037649444, 0.0, 0.0, -0.012847443037649444, 0.0, 0.03854232911294833, 0.03854232911294833, 0.012847443037649444, 0.012847443037649444, 0.12847443037649434, 0.2312539746776898, 0.3982707341671324, 0.5138977215059773, 0.6937619240330694, 0.8736261265601614, 1.040642886049604, 1.2590494176896443, 1.5288457214802824, 1.837184354383869, 2.235455088551001, 2.6337258227181333, 3.0962337720735134, 3.443114734090048, 3.6486738226924387, 3.7257584809183353, 3.5458942783912435, 3.1347761011864614, 2.5694886075298866, 1.9399638986850642, 1.336134075915541, 0.9250158987107591, 0.6937619240330694, 0.43681306328008074, 0.08993210126354603, -0.2826437468282875, -0.5010502784683278, -0.590982379731874, -0.6423721518824715, -0.7066093670707189, -0.7451516961836672, -0.7066093670707189, -0.6680670379577704, -0.6680670379577704, -0.7194568101083683, -0.7323042531460178, -0.7579991392213166, -0.7066093670707189, -0.6937619240330694, -0.6680670379577704, -0.7066093670707189, -0.7194568101083683, -0.6937619240330694, -0.6937619240330694, -0.68091448099542, -0.6680670379577704, -0.7066093670707189, -0.7194568101083683, -0.7194568101083683, -0.7066093670707189, -0.68091448099542, -0.6937619240330694, -0.7066093670707189, -0.7323042531460178, -0.7194568101083683, -0.7066093670707189, -0.6937619240330694, -0.68091448099542, -0.7323042531460178, -0.7323042531460178, -0.7323042531460178, -0.7323042531460178, -0.7323042531460178, -0.7323042531460178, -0.7451516961836672, -0.7323042531460178, -0.7323042531460178, -0.7323042531460178, -0.7323042531460178, -0.7066093670707189, -0.7194568101083683, -0.7579991392213166, -0.7579991392213166, -0.7323042531460178, -0.7194568101083683, -0.7579991392213166, -0.7708465822589661, -0.7836940252966152, -0.7579991392213166, -0.7836940252966152, -0.7836940252966152, -0.7708465822589661, -0.7836940252966152, -0.8479312404848625, -0.835083797447213, -0.809388911371914, -0.7965414683342646, -0.8222363544095636, -0.8222363544095636, -0.8736261265601614, -0.8479312404848625, -0.8222363544095636, -0.8222363544095636, -0.8222363544095636, -0.8479312404848625, -0.8479312404848625, -0.8736261265601614, -0.835083797447213, -0.809388911371914, -0.835083797447213, -0.8479312404848625, -0.8607786835225119, -0.8607786835225119, -0.835083797447213]"
104,66,466051,N,N,N,V,0.92428815,False,0.0032844744,0.049869664,0.92428815,0.015808884,0.0067488677,"[0.28399610925330326, 0.22719688740264266, 0.26979630379063807, 0.28399610925330326, 0.3265955256412988, 0.25559649832797293, 0.25559649832797293, 0.18459747101464713, 0.1277982491639865, 0.17039766555198194, 0.18459747101464713, 0.15619786008931685, 0.09939863823865615, 0.08519883277599097, 0.07099902731332587, 0.07099902731332587, 0.09939863823865615, 0.1277982491639865, 0.0567992218506607, 0.0567992218506607, 0.09939863823865615, 0.1277982491639865, 0.1277982491639865, 0.07099902731332587, 0.0567992218506607, 0.07099902731332587, 0.07099902731332587, 0.08519883277599097, 0.11359844370132133, 0.0567992218506607, 0.02839961092533035, -0.02839961092533035, 0.0, 0.02839961092533035, 0.08519883277599097, 0.02839961092533035, 0.0, -0.02839961092533035, 0.02839961092533035, 0.042599416387995526, 0.08519883277599097, 0.014199805462665175, 0.0, -0.0567992218506607, -0.02839961092533035, 0.0, 0.042599416387995526, 0.014199805462665175, 0.0, -0.014199805462665175, 0.0, 0.014199805462665175, 0.02839961092533035, 0.0, -0.042599416387995526, -0.07099902731332572, -0.042599416387995526, 0.014199805462665175, 0.014199805462665175, 0.0567992218506607, 0.042599416387995526, 0.02839961092533035, 0.0, 0.0, 0.0, 0.02839961092533035, 0.014199805462665175, 0.014199805462665175, 0.042599416387995526, 0.042599416387995526, 0.07099902731332587, 0.07099902731332587, 0.0567992218506607, 0.042599416387995526, 0.07099902731332587, 0.1277982491639865, 0.17039766555198194, 0.28399610925330326, 0.4117943584172898, 0.6247914403572672, 0.7951891059092492, 1.0081861878492264, 1.235383075251869, 1.3773811298785208, 1.5477787954305025, 1.831774904683806, 2.328768095877087, 2.8115614816077024, 3.2801550618756528, 3.677749614830277, 3.9475459186209148, 3.9049465022329195, 3.5641511711289553, 3.038758369010345, 2.385567317727747, 1.8175750992211408, 1.3631813244158555, 0.8093889113719144, 0.24139669286530782, -0.07099902731332572, -0.29819591471596835, -0.4685935802679503, -0.6389912458199323, -0.7667894949839188, -0.7951891059092492, -0.8093889113719144, -0.8093889113719144, -0.780989300446584, -0.7667894949839188, -0.7383898840585885, -0.7241900785959233, -0.7099902731332581, -0.7241900785959233, -0.7241900785959233, -0.7099902731332581, -0.6957904676705929, -0.6531910512825975, -0.6389912458199323, -0.6531910512825975, -0.6815906622079277, -0.7241900785959233, -0.7525896895212536, -0.6957904676705929, -0.6957904676705929, -0.6389912458199323, -0.6957904676705929, -0.7241900785959233, -0.7241900785959233, -0.6957904676705929, -0.6957904676705929, -0.6815906622079277, -0.6673908567452626, -0.7099902731332581, -0.7383898840585885, -0.7241900785959233, -0.6957904676705929, -0.7099902731332581, -0.7099902731332581, -0.7383898840585885, -0.7525896895212536, -0.7383898840585885, -0.7099902731332581, -0.7241900785959233, -0.7667894949839188, -0.780989300446584, -0.8093889113719144, -0.7667894949839188, -0.780989300446584, -0.7241900785959233, -0.7667894949839188, -0.780989300446584, -0.8235887168345796, -0.8093889113719144, -0.780989300446584, -0.780989300446584, -0.7667894949839188, -0.8519883277599098, -0.8519883277599098, -0.7951891059092492, -0.780989300446584, -0.7383898840585885, -0.7951891059092492, -0.8519883277599098, -0.8377885222972447, -0.8377885222972447, -0.8377885222972447, -0.8377885222972447, -0.8235887168345796, -0.8519883277599098, -0.8945877441479051, -0.8377885222972447, -0.8377885222972447, -0.8377885222972447, -0.8803879386852399, -0.8803879386852399, -0.9087875496105703, -0.8945877441479051, -0.8661881332225747, -0.8377885222972447, -0.8945877441479051]"
108,87,246151,N,N,N,V,0.89882356,False,0.0032904684,0.07267247,0.89882356,0.018777618,0.006435838,"[0.3320569892807853, 0.3113034274507362, 0.3113034274507362, 0.4150712366009817, 0.4565783602610798, 0.5603461694113252, 0.5603461694113252, 0.5188390457512271, 0.5188390457512271, 0.6018532930714234, 0.6018532930714234, 0.6641139785615707, 0.6848675403916197, 0.7056211022216687, 0.7263746640517179, 0.8301424732019634, 0.8924031586921106, 0.9961709678423559, 0.9754174060123069, 0.9546638441822578, 0.9546638441822578, 0.9754174060123069, 1.0999387769926015, 1.1414459006526998, 1.1621994624827485, 1.1829530243127977, 1.1414459006526998, 1.1621994624827485, 1.1206923388226506, 0.9961709678423559, 0.7886353495418652, 0.5603461694113252, 0.43582479843103067, 0.3113034274507362, 0.2282891801305399, 0.10376780915024528, -0.020753561830049103, -0.041507123660098205, -0.041507123660098205, 0.06226068549014731, 0.06226068549014731, 0.08301424732019641, 0.10376780915024528, 0.06226068549014731, 0.0, 0.0, 0.08301424732019641, 0.08301424732019641, 0.020753561830049103, 0.0, -0.041507123660098205, 0.0, -0.041507123660098205, 0.06226068549014731, 0.020753561830049103, 0.041507123660098205, 0.0, -0.020753561830049103, 0.020753561830049103, 0.10376780915024528, 0.08301424732019641, 0.08301424732019641, 0.0, 0.08301424732019641, 0.10376780915024528, 0.14527493281034348, 0.1660284946403926, 0.06226068549014731, 0.020753561830049103, 0.020753561830049103, 0.08301424732019641, 0.14527493281034348, 0.10376780915024528, 0.10376780915024528, 0.10376780915024528, 0.35281055111083437, 0.747128225881767, 1.2037065861428469, 1.743299193724123, 2.3243989249654975, 2.7602237233965283, 2.9262522180369213, 2.8639915325467733, 2.9054986562068716, 3.0922807126773133, 3.2168020836576074, 3.258309207317706, 3.3828305782980004, 3.507351949278295, 3.61111975842854, 3.6941340057487366, 3.818655376729031, 3.818655376729031, 3.6941340057487366, 3.4658448256181966, 3.009266465357117, 2.303645363135448, 1.7017920700640248, 1.1829530243127977, 0.7056211022216687, 0.20753561830049078, -0.41507123660098183, -1.0169245296724052, -1.5150100135935833, -1.764052755554172, -1.6810385082339756, -1.4112422044433377, -1.2867208334630431, -1.1829530243127977, -1.2037065861428469, -1.1621994624827485, -0.9754174060123071, -0.767881787711816, -0.6641139785615708, -0.6433604167315217, -0.6226068549014726, -0.6226068549014726, -0.6018532930714235, -0.6018532930714235, -0.5810997312413744, -0.6018532930714235, -0.5810997312413744, -0.6433604167315217, -0.6848675403916197, -0.6641139785615708, -0.6226068549014726, -0.6848675403916197, -0.6848675403916197, -0.7056211022216687, -0.7056211022216687, -0.7263746640517179, -0.6641139785615708, -0.7056211022216687, -0.7056211022216687, -0.7263746640517179, -0.7886353495418652, -0.7886353495418652, -0.747128225881767, -0.767881787711816, -0.7886353495418652, -0.8716495968620616, -0.8093889113719143, -0.747128225881767, -0.747128225881767, -0.767881787711816, -0.8508960350320125, -0.8301424732019634, -0.7886353495418652, -0.8093889113719143, -0.8301424732019634, -0.7886353495418652, -0.8508960350320125, -0.8508960350320125, -0.8093889113719143, -0.747128225881767, -0.7056211022216687, -0.747128225881767, -0.7886353495418652, -0.767881787711816, -0.6848675403916197, -0.6018532930714235, -0.6433604167315217, -0.6641139785615708, -0.6433604167315217, -0.7056211022216687, -0.6848675403916197, -0.6433604167315217, -0.6018532930714235, -0.6018532930714235, -0.6018532930714235, -0.6641139785615708, -0.6226068549014726, -0.5395926075812761, -0.49808548392117796, -0.4773319220911289, -0.5188390457512271, -0.5395926075812761, -0.5188390457512271, -0.4565783602610798, -0.3943176747709327]"
108,87,267557,N,N,N,V,0.8462407,False,0.0033011115,0.11059428,0.8462407,0.03182321,0.008040684,"[0.07494341771962175, 0.12490569619936959, 0.07494341771962175, 0.04996227847974784, 0.07494341771962175, 0.1998491139189912, 0.24981139239873904, 0.1998491139189912, 0.24981139239873904, 0.24981139239873904, 0.3497359493582346, 0.4246793670778563, 0.5246039240373519, 0.5495850632772258, 0.474641645557604, 0.44966050631773025, 0.44966050631773025, 0.49962278479747796, 0.749434177196217, 0.8993210126354602, 0.9243021518753342, 0.8993210126354602, 1.0242267088348298, 1.174113544274073, 1.224075822753821, 1.2490569619936949, 1.199094683513947, 1.199094683513947, 1.2990192404734426, 1.4239249366728122, 1.5238494936323077, 1.5238494936323077, 1.3989437974329384, 1.224075822753821, 0.9243021518753342, 0.749434177196217, 0.6495096202367213, 0.44966050631773025, 0.22483025315886512, 0.0, -0.02498113923987392, 0.0, 0.02498113923987392, 0.0, -0.02498113923987392, -0.04996227847974784, -0.02498113923987392, 0.04996227847974784, 0.09992455695949568, 0.04996227847974784, 0.0, -0.07494341771962175, 0.02498113923987392, 0.07494341771962175, 0.04996227847974784, 0.02498113923987392, -0.02498113923987392, -0.04996227847974784, -0.04996227847974784, 0.02498113923987392, 0.09992455695949568, 0.02498113923987392, 0.0, -0.04996227847974784, 0.02498113923987392, 0.04996227847974784, 0.07494341771962175, 0.1498868354392435, 0.12490569619936959, 0.09992455695949568, 0.07494341771962175, 0.07494341771962175, 0.07494341771962175, 0.07494341771962175, 0.04996227847974784, 0.1498868354392435, 0.49962278479747796, 0.9992455695949559, 1.698717468311425, 2.3981893670278938, 3.0476989872646154, 3.422416075862724, 3.422416075862724, 3.422416075862724, 3.747170885981084, 4.0219634176196974, 4.2218125315386885, 4.446642784697554, 4.571548480896923, 4.721435316336167, 4.871322151775409, 5.021208987214653, 5.071171265694401, 4.921284430255158, 4.521586202417176, 3.797133164460832, 3.022717848024741, 2.3981893670278938, 1.7486797467911728, 0.8243775949158386, -0.27479253163861284, -1.1491324050341991, -1.7986420252709203, -2.1983402531089027, -2.1483779746291547, -1.873585442990542, -1.648755189831677, -1.4738872151525602, -1.3489815189531904, -1.174113544274073, -0.9992455695949559, -0.8243775949158385, -0.7244530379563427, -0.6495096202367213, -0.5745662025170996, -0.5745662025170996, -0.6744907594765952, -0.6994718987164692, -0.6744907594765952, -0.6495096202367213, -0.6495096202367213, -0.6994718987164692, -0.7244530379563427, -0.7494341771962167, -0.7244530379563427, -0.5995473417569734, -0.6245284809968474, -0.6994718987164692, -0.8243775949158385, -0.8743398733955863, -0.7993964556759645, -0.7744153164360906, -0.6994718987164692, -0.7744153164360906, -0.8243775949158385, -0.8493587341557124, -0.8243775949158385, -0.7744153164360906, -0.7494341771962167, -0.8243775949158385, -0.7993964556759645, -0.7993964556759645, -0.7993964556759645, -0.7993964556759645, -0.7494341771962167, -0.6744907594765952, -0.7494341771962167, -0.8743398733955863, -0.7993964556759645, -0.7244530379563427, -0.7244530379563427, -0.6744907594765952, -0.7244530379563427, -0.7744153164360906, -0.7993964556759645, -0.7244530379563427, -0.6495096202367213, -0.6744907594765952, -0.6744907594765952, -0.6744907594765952, -0.6495096202367213, -0.6245284809968474, -0.5495850632772257, -0.5246039240373517, -0.5995473417569734, -0.5246039240373517, -0.5495850632772257, -0.4996227847974778, -0.3747170885981085, -0.3747170885981085, -0.39969822783798215, -0.44966050631772997, -0.44966050631772997, -0.32475481011836066, -0.2498113923987389, -0.27479253163861284, -0.22483025315886498, -0.22483025315886498, -0.12490569619936931, -0.0999245569594954]"
108,87,345623,N,N,N,V,0.9139989,False,0.0033028235,0.06169607,0.9139989,0.015272939,0.005729133,"[0.4692109631141529, 0.49853664830878747, 0.49853664830878747, 0.4398852779195183, 0.4692109631141529, 0.5278623335034219, 0.5571880186980565, 0.6011765464900084, 0.6598279168792776, 0.6598279168792776, 0.7184792872685466, 0.7624678150604984, 0.8357820280470849, 0.8651077132417195, 0.8504448706444022, 0.8064563428524504, 0.8504448706444022, 0.8944333984363539, 0.9824104540202577, 0.9824104540202577, 0.9824104540202577, 0.9970732966175749, 0.9677476114229404, 0.8797705558390366, 0.7478049724631811, 0.6305022316846429, 0.49853664830878747, 0.38123390753024916, 0.30791969454366286, 0.24926832415439368, 0.1759541111678072, 0.10263989818122073, 0.05865137038926885, 0.014662842597317293, 0.04398852779195188, 0.07331421298658614, 0.08797705558390344, 0.10263989818122073, 0.04398852779195188, 0.0, 0.029325685194634587, 0.05865137038926885, 0.08797705558390344, 0.029325685194634587, 0.014662842597317293, 0.0, -0.014662842597317293, 0.014662842597317293, 0.029325685194634587, 0.029325685194634587, 0.029325685194634587, -0.029325685194634587, -0.029325685194634587, 0.04398852779195188, 0.07331421298658614, 0.0, -0.04398852779195188, -0.058651370389269174, 0.0, 0.029325685194634587, 0.04398852779195188, 0.0, -0.014662842597317293, 0.0, 0.029325685194634587, 0.05865137038926885, 0.04398852779195188, 0.029325685194634587, 0.0, -0.014662842597317293, 0.014662842597317293, 0.0, 0.04398852779195188, 0.1466284259731726, 0.26393116675171097, 0.4838738057114702, 0.7624678150604984, 1.1437017225907478, 1.5249356301209973, 1.8915066950539292, 2.0821236488190538, 2.0088094358324673, 1.9794837506378327, 2.0674608062217366, 2.2727406025841783, 2.31672913037613, 2.3900433433627164, 2.463357556349303, 2.463357556349303, 2.4780203989466205, 2.5366717693358893, 2.5953231397251586, 2.5953231397251586, 2.565997454530524, 2.375380500765399, 2.0381351210271017, 1.5542613153156315, 1.0410618244095269, 0.6598279168792776, 0.20527979636244179, -0.27859400934902856, -0.7624678150604987, -1.0850503522014787, -1.3343186763558723, -1.4076328893424592, -1.4222957319397762, -1.290330148563921, -1.1290388799934306, -1.0117361392148927, -1.0117361392148927, -0.9384219262283061, -0.9090962410336716, -0.7478049724631813, -0.6305022316846433, -0.5571880186980568, -0.5425251761007396, -0.5425251761007396, -0.5865137038926914, -0.5865137038926914, -0.5718508612953741, -0.5425251761007396, -0.5718508612953741, -0.5571880186980568, -0.6451650742819606, -0.6011765464900087, -0.5865137038926914, -0.5571880186980568, -0.6011765464900087, -0.6598279168792779, -0.6891536020739122, -0.6305022316846433, -0.6451650742819606, -0.6451650742819606, -0.6451650742819606, -0.6598279168792779, -0.7184792872685467, -0.7184792872685467, -0.6744907594765952, -0.6451650742819606, -0.6891536020739122, -0.733142129865864, -0.7771306576578159, -0.7038164446712294, -0.7038164446712294, -0.6744907594765952, -0.7184792872685467, -0.733142129865864, -0.7624678150604987, -0.7624678150604987, -0.733142129865864, -0.7184792872685467, -0.7038164446712294, -0.7184792872685467, -0.7624678150604987, -0.7624678150604987, -0.733142129865864, -0.7184792872685467, -0.7184792872685467, -0.733142129865864, -0.7771306576578159, -0.7771306576578159, -0.7478049724631813, -0.7038164446712294, -0.7184792872685467, -0.7478049724631813, -0.7478049724631813, -0.733142129865864, -0.7038164446712294, -0.6891536020739122, -0.7184792872685467, -0.733142129865864, -0.7624678150604987, -0.733142129865864, -0.6891536020739122, -0.6744907594765952, -0.6744907594765952, -0.7038164446712294, -0.7038164446712294, -0.7038164446712294, -0.6598279168792779]"
104,66,471610,N,N,N,V,0.9261599,False,0.0033067635,0.048144348,0.9261599,0.015812626,0.0065763597,"[0.44966050631773025, 0.41968313922988154, 0.4346718227738059, 0.4346718227738059, 0.4646491898616545, 0.4946265569495032, 0.5246039240373518, 0.4646491898616545, 0.41968313922988154, 0.2997736708784868, 0.2548076202467137, 0.2847849873345624, 0.3297510379663355, 0.2548076202467137, 0.20984156961494077, 0.1348981518953191, 0.11990946835139474, 0.14988683543924344, 0.19485288607101642, 0.17986420252709207, 0.14988683543924344, 0.1348981518953191, 0.1348981518953191, 0.11990946835139474, 0.1648755189831677, 0.07494341771962168, 0.07494341771962168, 0.029977367087848705, 0.04496605063177306, 0.07494341771962168, 0.05995473417569741, 0.08993210126354603, 0.11990946835139474, 0.04496605063177306, 0.07494341771962168, 0.10492078480747039, 0.10492078480747039, 0.07494341771962168, 0.04496605063177306, 0.0, 0.029977367087848705, 0.04496605063177306, 0.04496605063177306, 0.05995473417569741, 0.029977367087848705, 0.014988683543924353, 0.0, 0.029977367087848705, 0.05995473417569741, 0.029977367087848705, -0.014988683543924353, -0.044966050631772975, -0.014988683543924353, 0.029977367087848705, 0.029977367087848705, 0.04496605063177306, 0.014988683543924353, 0.014988683543924353, 0.029977367087848705, 0.029977367087848705, 0.04496605063177306, 0.05995473417569741, 0.0, -0.014988683543924353, 0.0, -0.014988683543924353, 0.04496605063177306, 0.07494341771962168, 0.05995473417569741, 0.0, -0.014988683543924353, 0.014988683543924353, 0.05995473417569741, 0.04496605063177306, 0.08993210126354603, 0.14988683543924344, 0.2847849873345624, 0.4946265569495032, 0.6744907594765952, 0.8393662784597631, 1.0342191645307792, 1.199094683513947, 1.4089362531288878, 1.6187778227438288, 1.9185514936223154, 2.3232459493082724, 2.8028838227138513, 3.2525443290315814, 3.792136936612858, 4.181842708754891, 4.361706911281983, 4.241797442930588, 3.8371029872446307, 3.207578278399809, 2.5480762024671377, 2.023472278429786, 1.5588230885681313, 1.1241512657943253, 0.6295247088448223, 0.20984156961494077, -0.19485288607101633, -0.4946265569495032, -0.6445133923887466, -0.7044681265644439, -0.7494341771962169, -0.8243775949158387, -0.79440022782799, -0.7644228607401413, -0.7344454936522925, -0.659502075932671, -0.6894794430205196, -0.7494341771962169, -0.7344454936522925, -0.7194568101083683, -0.659502075932671, -0.6445133923887466, -0.6744907594765952, -0.7644228607401413, -0.7344454936522925, -0.6744907594765952, -0.6744907594765952, -0.7044681265644439, -0.6894794430205196, -0.7494341771962169, -0.7344454936522925, -0.6894794430205196, -0.6894794430205196, -0.6744907594765952, -0.6744907594765952, -0.7194568101083683, -0.7194568101083683, -0.6894794430205196, -0.6894794430205196, -0.6894794430205196, -0.7194568101083683, -0.7794115442840657, -0.7794115442840657, -0.7194568101083683, -0.7044681265644439, -0.7644228607401413, -0.7794115442840657, -0.8093889113719144, -0.8093889113719144, -0.7494341771962169, -0.7644228607401413, -0.7644228607401413, -0.8093889113719144, -0.8543549620036874, -0.8093889113719144, -0.7794115442840657, -0.7644228607401413, -0.79440022782799, -0.8243775949158387, -0.8693436455476118, -0.8543549620036874, -0.8393662784597631, -0.8243775949158387, -0.8393662784597631, -0.8543549620036874, -0.8693436455476118, -0.9143096961793848, -0.8843323290915361, -0.8693436455476118, -0.8693436455476118, -0.8693436455476118, -0.9292983797233092, -0.9143096961793848, -0.9292983797233092, -0.8993210126354605, -0.9143096961793848, -0.9442870632672336, -0.9742644303550823, -0.9442870632672336, -0.9592757468111579, -0.8993210126354605, -0.9143096961793848, -0.9442870632672336, -0.9442870632672336, -0.9143096961793848, -0.8993210126354605]"
104,66,421334,N,N,N,V,0.9204381,False,0.0033069411,0.05112387,0.9204381,0.017177844,0.00795318,"[0.2202418806454189, 0.20647676310508023, 0.2202418806454189, 0.2202418806454189, 0.2202418806454189, 0.19271164556474155, 0.16518141048406415, 0.19271164556474155, 0.23400699818575763, 0.24777211572609623, 0.23400699818575763, 0.15141629294372555, 0.16518141048406415, 0.12388605786304815, 0.13765117540338684, 0.13765117540338684, 0.20647676310508023, 0.16518141048406415, 0.15141629294372555, 0.16518141048406415, 0.15141629294372555, 0.12388605786304815, 0.06882558770169346, 0.013765117540338693, 0.06882558770169346, 0.12388605786304815, 0.15141629294372555, 0.12388605786304815, 0.08259070524203208, 0.08259070524203208, 0.08259070524203208, 0.08259070524203208, 0.09635582278237077, 0.09635582278237077, 0.09635582278237077, 0.08259070524203208, 0.09635582278237077, 0.12388605786304815, 0.11012094032270946, 0.04129535262101608, 0.027530235080677385, 0.0, 0.0, 0.0, 0.013765117540338693, 0.0, 0.013765117540338693, -0.02753023508067731, 0.0, 0.013765117540338693, 0.04129535262101608, 0.04129535262101608, 0.027530235080677385, 0.027530235080677385, 0.027530235080677385, 0.027530235080677385, 0.027530235080677385, 0.027530235080677385, -0.02753023508067731, -0.013765117540338616, 0.027530235080677385, 0.04129535262101608, 0.027530235080677385, -0.055060470161354694, -0.02753023508067731, 0.0, 0.04129535262101608, 0.11012094032270946, 0.11012094032270946, 0.06882558770169346, 0.027530235080677385, 0.013765117540338693, 0.027530235080677385, 0.08259070524203208, 0.11012094032270946, 0.13765117540338684, 0.24777211572609623, 0.35789305604880567, 0.5368395840732085, 0.7433163471782888, 0.9773233453640462, 1.1838001084691265, 1.3627466364935292, 1.5279280469775935, 1.8307606328650445, 2.216183923994527, 2.670432802825704, 3.1522119167375577, 3.5514003254073794, 3.85423291129483, 4.046944556859572, 3.9505887340772015, 3.565165442947718, 3.0007956237938322, 2.3951304520189303, 1.7757001627036897, 1.1975652260094651, 0.6331954068555793, 0.13765117540338684, -0.13765117540338684, -0.3716581735891443, -0.6194302893152406, -0.7708465822589662, -0.7983768173396435, -0.7983768173396435, -0.8396721699606596, -0.8809675225816757, -0.8672024050413369, -0.8534372875009983, -0.8259070524203209, -0.7708465822589662, -0.7157861120976113, -0.6744907594765952, -0.72955122963795, -0.7157861120976113, -0.7020209945572727, -0.7433163471782888, -0.72955122963795, -0.7020209945572727, -0.7157861120976113, -0.6882558770169339, -0.6607256419362565, -0.7020209945572727, -0.7157861120976113, -0.6744907594765952, -0.7020209945572727, -0.7020209945572727, -0.6607256419362565, -0.646960524395918, -0.6331954068555793, -0.646960524395918, -0.7433163471782888, -0.7020209945572727, -0.7020209945572727, -0.7020209945572727, -0.7570814647186275, -0.7708465822589662, -0.8259070524203209, -0.7708465822589662, -0.7433163471782888, -0.7157861120976113, -0.7433163471782888, -0.7570814647186275, -0.7708465822589662, -0.7020209945572727, -0.72955122963795, -0.72955122963795, -0.7570814647186275, -0.7570814647186275, -0.7983768173396435, -0.7708465822589662, -0.7846116997993049, -0.7708465822589662, -0.7846116997993049, -0.8259070524203209, -0.8396721699606596, -0.8396721699606596, -0.7983768173396435, -0.8121419348799822, -0.8121419348799822, -0.8534372875009983, -0.8947326401220144, -0.8947326401220144, -0.8534372875009983, -0.8259070524203209, -0.8534372875009983, -0.8947326401220144, -0.9084977576623531, -0.9084977576623531, -0.8534372875009983, -0.8672024050413369, -0.8672024050413369, -0.8809675225816757, -0.9360279927430302, -0.9222628752026915, -0.9222628752026915, -0.9084977576623531, -0.9222628752026915, -0.9360279927430302, -0.9497931102833689]"
104,66,586986,N,N,N,V,0.9374446,False,0.0033326705,0.03738603,0.9374446,0.0147387795,0.0070979185,"[0.1399886481932556, 0.16544112968293845, 0.2036198519174627, 0.19089361117262127, 0.19089361117262127, 0.152714888938097, 0.1272624074484142, 0.1399886481932556, 0.1399886481932556, 0.152714888938097, 0.1399886481932556, 0.11453616670357276, 0.11453616670357276, 0.152714888938097, 0.1272624074484142, 0.11453616670357276, 0.11453616670357276, 0.1272624074484142, 0.08908368521388994, 0.11453616670357276, 0.1272624074484142, 0.1399886481932556, 0.10180992595873135, 0.08908368521388994, 0.06363120372420708, 0.10180992595873135, 0.11453616670357276, 0.08908368521388994, 0.08908368521388994, 0.06363120372420708, 0.06363120372420708, 0.08908368521388994, 0.11453616670357276, 0.11453616670357276, 0.08908368521388994, 0.06363120372420708, 0.06363120372420708, 0.050904962979365684, 0.08908368521388994, 0.08908368521388994, 0.0763574444690485, 0.050904962979365684, 0.01272624074484143, 0.050904962979365684, 0.0763574444690485, 0.06363120372420708, 0.03817872223452425, 0.025452481489682825, 0.03817872223452425, 0.03817872223452425, 0.0763574444690485, 0.03817872223452425, 0.03817872223452425, 0.01272624074484143, 0.0, 0.025452481489682825, 0.050904962979365684, 0.050904962979365684, -0.025452481489682825, -0.03817872223452425, -0.03817872223452425, -0.03817872223452425, 0.0, 0.025452481489682825, 0.0, -0.025452481489682825, -0.025452481489682825, 0.01272624074484143, 0.0, 0.03817872223452425, -0.01272624074484143, 0.01272624074484143, -0.01272624074484143, 0.01272624074484143, 0.03817872223452425, 0.03817872223452425, 0.10180992595873135, 0.19089361117262127, 0.3690609816004012, 0.547228352028181, 0.7381219632008024, 0.9162893336285821, 1.1071829448012036, 1.272624074484142, 1.5398751301258116, 1.9598410747055786, 2.3798070192853453, 2.8252254453547945, 3.2324651491897205, 3.525168686321073, 3.6906098160040113, 3.6651573345143285, 3.3979062788726586, 2.888856649079002, 2.2907233340714552, 1.6544112968293845, 1.0817304633115208, 0.6872170002214366, 0.4072397038349254, 0.03817872223452425, -0.3436085001107183, -0.6108595557523882, -0.6744907594765952, -0.6744907594765952, -0.6744907594765952, -0.7126694817111195, -0.7381219632008024, -0.725395722455961, -0.7381219632008024, -0.6872170002214366, -0.6490382779869124, -0.6999432409662781, -0.725395722455961, -0.7126694817111195, -0.6999432409662781, -0.6744907594765952, -0.6744907594765952, -0.6872170002214366, -0.7126694817111195, -0.725395722455961, -0.725395722455961, -0.6744907594765952, -0.6872170002214366, -0.6872170002214366, -0.7126694817111195, -0.6999432409662781, -0.7126694817111195, -0.6872170002214366, -0.6872170002214366, -0.6490382779869124, -0.6872170002214366, -0.6999432409662781, -0.725395722455961, -0.6872170002214366, -0.6999432409662781, -0.725395722455961, -0.725395722455961, -0.7381219632008024, -0.725395722455961, -0.725395722455961, -0.6872170002214366, -0.7126694817111195, -0.7508482039456438, -0.7381219632008024, -0.7381219632008024, -0.7381219632008024, -0.725395722455961, -0.7381219632008024, -0.7635744446904852, -0.7763006854353267, -0.7890269261801681, -0.8017531669250092, -0.7635744446904852, -0.7635744446904852, -0.8144794076698507, -0.8272056484146921, -0.8399318891595335, -0.8272056484146921, -0.8017531669250092, -0.8017531669250092, -0.8017531669250092, -0.8653843706492164, -0.8908368521388993, -0.8144794076698507, -0.8399318891595335, -0.8272056484146921, -0.8144794076698507, -0.8399318891595335, -0.9162893336285821, -0.852658129904375, -0.8272056484146921, -0.8272056484146921, -0.8272056484146921, -0.8399318891595335, -0.852658129904375, -0.8272056484146921, -0.7890269261801681, -0.7890269261801681, -0.7890269261801681, -0.7890269261801681]"
108,87,349491,N,N,N,V,0.92713,False,0.0033329665,0.048174452,0.92713,0.015151842,0.006210649,"[0.3559812341682031, 0.33724537973829766, 0.26230196201867595, 0.26230196201867595, 0.24356610758877048, 0.29977367087848683, 0.33724537973829766, 0.29977367087848683, 0.2810378164485814, 0.29977367087848683, 0.33724537973829766, 0.4309246518878247, 0.48713221517754096, 0.5246039240373519, 0.48713221517754096, 0.44966050631773014, 0.5058680696074465, 0.5808114873270682, 0.6744907594765953, 0.6744907594765953, 0.7306983227663115, 0.7869058860560277, 0.8056417404859332, 0.8056417404859332, 0.8805851582055548, 0.9742644303550819, 0.9930002847849874, 1.0304719936447984, 1.0492078480747038, 1.1054154113644201, 1.199094683513947, 1.2178305379438525, 1.1428871202242308, 1.011736139214893, 0.8056417404859332, 0.6932266139065006, 0.5433397784672573, 0.3747170885981085, 0.24356610758877048, 0.18735854429905427, 0.07494341771962175, 0.037471708859810875, 0.018735854429905437, 0.037471708859810875, 0.018735854429905437, 0.0, -0.05620756328971621, -0.018735854429905333, 0.037471708859810875, 0.037471708859810875, 0.037471708859810875, 0.018735854429905437, 0.0, 0.037471708859810875, 0.056207563289716315, 0.09367927214952719, 0.0, -0.018735854429905333, -0.05620756328971621, -0.018735854429905333, 0.07494341771962175, 0.09367927214952719, 0.07494341771962175, 0.018735854429905437, -0.018735854429905333, -0.018735854429905333, 0.037471708859810875, 0.037471708859810875, 0.0, 0.037471708859810875, -0.03747170885981077, 0.07494341771962175, 0.07494341771962175, 0.056207563289716315, 0.07494341771962175, 0.07494341771962175, 0.056207563289716315, 0.22483025315886504, 0.5246039240373519, 0.8618493037756494, 1.2740381012335689, 1.8173778797008258, 2.4169252214577996, 2.7916423100559085, 2.7916423100559085, 2.7729064556260026, 2.90405743663534, 3.0539442720745837, 3.278774525233449, 3.4848689239624084, 3.5785481961119356, 3.6534916138315574, 3.822114303700706, 3.8033784492708, 3.728435031551179, 3.3911896518128812, 2.7354347467661917, 1.8361137341307312, 0.9930002847849874, 0.11241512657943252, -0.749434177196217, -1.386453227813001, -1.7424344619812042, -1.7986420252709205, -1.6674910442615827, -1.423924936672812, -1.3115098100933797, -1.236566392373758, -1.0866795569345145, -0.9742644303550819, -0.843113449345744, -0.749434177196217, -0.6557549050466898, -0.5246039240373519, -0.5995473417569734, -0.5620756328971626, -0.580811487327068, -0.6370190506167843, -0.6370190506167843, -0.5995473417569734, -0.5995473417569734, -0.5995473417569734, -0.6370190506167843, -0.6182831961868789, -0.6557549050466898, -0.6557549050466898, -0.6557549050466898, -0.6744907594765952, -0.7306983227663115, -0.7119624683364061, -0.7681700316261224, -0.7119624683364061, -0.6557549050466898, -0.7119624683364061, -0.7306983227663115, -0.7306983227663115, -0.7306983227663115, -0.7306983227663115, -0.7119624683364061, -0.7681700316261224, -0.8243775949158385, -0.843113449345744, -0.7681700316261224, -0.7306983227663115, -0.8056417404859331, -0.7681700316261224, -0.749434177196217, -0.7306983227663115, -0.7681700316261224, -0.7119624683364061, -0.7119624683364061, -0.749434177196217, -0.7681700316261224, -0.7681700316261224, -0.8056417404859331, -0.7681700316261224, -0.6932266139065006, -0.6744907594765952, -0.7681700316261224, -0.7869058860560276, -0.749434177196217, -0.7306983227663115, -0.6557549050466898, -0.6370190506167843, -0.7306983227663115, -0.749434177196217, -0.749434177196217, -0.7119624683364061, -0.6744907594765952, -0.6744907594765952, -0.7306983227663115, -0.7306983227663115, -0.7306983227663115, -0.6932266139065006, -0.6370190506167843, -0.5995473417569734, -0.580811487327068, -0.580811487327068, -0.6182831961868789, -0.6182831961868789]"
108,87,238802,N,N,N,V,0.88772935,False,0.0033838362,0.083723284,0.88772935,0.019028215,0.0061353967,"[0.25293403480372323, 0.21920949682989344, 0.21920949682989344, 0.20234722784297854, 0.23607176581680833, 0.2697963037906381, 0.3203831107513827, 0.3541076487252125, 0.3709699177121274, 0.3541076487252125, 0.4046944556859571, 0.421556724672872, 0.47214353163361666, 0.5733171455551059, 0.6407662215027654, 0.6913530284635101, 0.7419398354242547, 0.7756643733980845, 0.8937002563064886, 0.8937002563064886, 0.843113449345744, 0.7925266423849994, 0.8093889113719143, 0.9274247942803184, 1.0454606771887225, 1.0960474841494672, 1.0791852151625523, 0.9442870632672333, 0.826251180358829, 0.6070416835289356, 0.47214353163361666, 0.421556724672872, 0.3203831107513827, 0.21920949682989344, 0.10117361392148927, 0.016862268986914893, 0.0, 0.0, 0.033724537973829787, 0.016862268986914893, 0.06744907594765957, 0.10117361392148927, 0.08431134493457447, 0.016862268986914893, -0.033724537973829787, -0.08431134493457428, -0.05058680696074468, -0.05058680696074468, 0.0, 0.0, 0.06744907594765957, 0.06744907594765957, 0.033724537973829787, 0.033724537973829787, 0.033724537973829787, 0.016862268986914893, 0.0, -0.05058680696074468, 0.0, -0.016862268986914893, 0.06744907594765957, 0.05058680696074468, 0.05058680696074468, -0.033724537973829787, -0.033724537973829787, 0.033724537973829787, 0.05058680696074468, 0.033724537973829787, 0.016862268986914893, 0.016862268986914893, 0.0, 0.033724537973829787, 0.10117361392148927, 0.15176042088223396, 0.3203831107513827, 0.5227303385943614, 0.7925266423849994, 1.1803588290840414, 1.669364629704573, 2.208957237285849, 2.5462026170241465, 2.5462026170241465, 2.3944421961419127, 2.5799271549979763, 2.8328611898016995, 3.0352084176446783, 3.186968838526912, 3.2881424524484015, 3.3555915283960607, 3.507351949278295, 3.810872791042762, 3.9626332119249965, 3.9120464049642525, 3.6928369081343586, 3.2712801834614864, 2.7316875758802106, 2.1077836233643596, 1.4838796708485094, 0.826251180358829, 0.11803588290840417, -0.6239039525158505, -1.1466342911102116, -1.399568325913935, -1.399568325913935, -1.247807905031701, -1.1634965600971265, -1.1297720221232967, -1.079185215162552, -1.011736139214893, -0.8937002563064886, -0.843113449345744, -0.7419398354242546, -0.6744907594765952, -0.6070416835289356, -0.5733171455551058, -0.5901794145420207, -0.6070416835289356, -0.6239039525158505, -0.6407662215027654, -0.6407662215027654, -0.6070416835289356, -0.6070416835289356, -0.6576284904896803, -0.6576284904896803, -0.6913530284635101, -0.7082152974504248, -0.6744907594765952, -0.6913530284635101, -0.7250775664373397, -0.7419398354242546, -0.843113449345744, -0.7925266423849993, -0.7419398354242546, -0.7419398354242546, -0.7419398354242546, -0.7756643733980844, -0.7925266423849993, -0.7756643733980844, -0.7419398354242546, -0.7250775664373397, -0.7756643733980844, -0.826251180358829, -0.8093889113719142, -0.7419398354242546, -0.7419398354242546, -0.7588021044111695, -0.7756643733980844, -0.8093889113719142, -0.843113449345744, -0.7925266423849993, -0.7925266423849993, -0.7082152974504248, -0.6913530284635101, -0.7925266423849993, -0.8093889113719142, -0.7419398354242546, -0.7925266423849993, -0.8093889113719142, -0.7756643733980844, -0.7588021044111695, -0.7082152974504248, -0.6913530284635101, -0.6744907594765952, -0.6576284904896803, -0.6744907594765952, -0.7250775664373397, -0.6913530284635101, -0.6070416835289356, -0.5058680696074462, -0.5058680696074462, -0.5564548765681909, -0.6070416835289356, -0.6239039525158505, -0.5227303385943611, -0.43841899365978687, -0.421556724672872, -0.45528126264670177, -0.45528126264670177, -0.45528126264670177, -0.4046944556859571]"
104,66,634366,N,N,N,V,0.92107654,False,0.0033885932,0.050967082,0.92107654,0.017743032,0.0068246825,"[0.14838796708485094, 0.10791852151625518, 0.10791852151625518, 0.134898151895319, 0.14838796708485094, 0.14838796708485094, 0.134898151895319, 0.0674490759476595, 0.08093889113719142, 0.09442870632672326, 0.10791852151625518, 0.09442870632672326, 0.08093889113719142, 0.0674490759476595, 0.026979630379063757, 0.026979630379063757, 0.013489815189531842, 0.08093889113719142, 0.08093889113719142, 0.04046944556859567, 0.05395926075812759, 0.08093889113719142, 0.08093889113719142, 0.08093889113719142, 0.0674490759476595, 0.026979630379063757, 0.0, 0.026979630379063757, 0.05395926075812759, 0.08093889113719142, 0.09442870632672326, 0.05395926075812759, 0.013489815189531842, 0.026979630379063757, 0.013489815189531842, 0.013489815189531842, 0.0, 0.0, -0.013489815189531917, 0.0, 0.026979630379063757, 0.04046944556859567, 0.08093889113719142, 0.026979630379063757, 0.0, -0.013489815189531917, 0.0, 0.013489815189531842, 0.026979630379063757, -0.026979630379063833, 0.013489815189531842, 0.026979630379063757, 0.04046944556859567, 0.0674490759476595, 0.013489815189531842, 0.0, -0.05395926075812767, -0.026979630379063833, 0.013489815189531842, 0.05395926075812759, 0.05395926075812759, 0.026979630379063757, -0.026979630379063833, 0.0, 0.05395926075812759, 0.04046944556859567, 0.05395926075812759, 0.04046944556859567, -0.04046944556859575, -0.013489815189531917, 0.013489815189531842, 0.09442870632672326, 0.0674490759476595, 0.0674490759476595, 0.08093889113719142, 0.09442870632672326, 0.1214083367057871, 0.21583704303251044, 0.37771482530689326, 0.4991231620126804, 0.6610009442870632, 0.9173074328881694, 1.1466342911102119, 1.3489815189531904, 1.6187778227438285, 1.969513017671658, 2.401187103736679, 2.900310265749359, 3.3589639821934445, 3.7366788075003368, 3.885066774585188, 3.7906380682584646, 3.3859436125725075, 2.805881559422636, 2.1718602455146363, 1.551328746796169, 0.971266693646297, 0.4586537164440847, 0.2967759341697019, 0.026979630379063757, -0.3372453797382976, -0.6205314987184677, -0.7284500202347228, -0.7689194658033186, -0.8093889113719144, -0.7824092809928506, -0.7419398354242548, -0.7284500202347228, -0.6879805746661272, -0.714960205045191, -0.7284500202347228, -0.714960205045191, -0.7284500202347228, -0.6879805746661272, -0.7419398354242548, -0.714960205045191, -0.714960205045191, -0.6879805746661272, -0.6744907594765952, -0.701470389855659, -0.6879805746661272, -0.6879805746661272, -0.7284500202347228, -0.701470389855659, -0.6879805746661272, -0.6744907594765952, -0.6744907594765952, -0.701470389855659, -0.7419398354242548, -0.7554296506137868, -0.714960205045191, -0.714960205045191, -0.7419398354242548, -0.7284500202347228, -0.7554296506137868, -0.714960205045191, -0.6610009442870632, -0.6744907594765952, -0.701470389855659, -0.7284500202347228, -0.7554296506137868, -0.7554296506137868, -0.7824092809928506, -0.7958990961823824, -0.8093889113719144, -0.7958990961823824, -0.7958990961823824, -0.7958990961823824, -0.7824092809928506, -0.7958990961823824, -0.8363685417509782, -0.876837987319574, -0.863348172130042, -0.8093889113719144, -0.7824092809928506, -0.8093889113719144, -0.8363685417509782, -0.8498583569405102, -0.8903278025091056, -0.8903278025091056, -0.8228787265614463, -0.8363685417509782, -0.8498583569405102, -0.876837987319574, -0.9173074328881694, -0.9442870632672332, -0.876837987319574, -0.863348172130042, -0.8363685417509782, -0.8498583569405102, -0.9173074328881694, -0.876837987319574, -0.876837987319574, -0.876837987319574, -0.876837987319574, -0.876837987319574, -0.7958990961823824, -0.7419398354242548, -0.7554296506137868, -0.714960205045191]"
108,87,186808,N,N,N,V,0.8901316,False,0.0033908954,0.08202363,0.8901316,0.018201247,0.006252614,"[0.2402295855670064, 0.22175038667723665, 0.18479198889769727, 0.20327118778746703, 0.27718798334654593, 0.3511047789056248, 0.40654237557493406, 0.38806317668516427, 0.332625580015855, 0.332625580015855, 0.36958397779539454, 0.48045917113401293, 0.5728551655828615, 0.609813563362401, 0.6652511600317103, 0.7022095578112497, 0.7206887567010194, 0.7761263533703285, 0.8500431489294076, 0.9054807455987168, 0.9424391433782563, 0.9609183422680261, 0.9424391433782563, 0.9978767400475653, 1.0717935356066444, 1.090272734496414, 1.090272734496414, 1.0348351378271048, 0.9978767400475653, 0.9793975411577955, 0.8685223478191773, 0.6652511600317103, 0.5358967678033222, 0.4250215744647038, 0.29566718223631566, 0.12935439222838802, 0.07391679555907879, 0.018479198889769746, -0.018479198889769746, 0.0, 0.018479198889769746, 0.0, 0.0, 0.0, 0.018479198889769746, 0.018479198889769746, 0.018479198889769746, 0.0, 0.0, 0.03695839777953929, 0.018479198889769746, -0.018479198889769746, 0.018479198889769746, 0.03695839777953929, 0.03695839777953929, 0.03695839777953929, 0.07391679555907879, 0.0, 0.018479198889769746, 0.018479198889769746, 0.09239599444884854, 0.07391679555907879, 0.05543759666930904, 0.018479198889769746, 0.07391679555907879, 0.09239599444884854, 0.11087519333861828, 0.09239599444884854, 0.0, -0.055437596669309246, 0.0, 0.05543759666930904, 0.12935439222838802, 0.22175038667723665, 0.332625580015855, 0.5728551655828615, 0.9054807455987168, 1.36746071784296, 1.9218366845360522, 2.476212651229144, 2.75340063457569, 2.73492143568592, 2.661004640126841, 2.864275827914308, 3.1229846123710843, 3.326255800158551, 3.45561019238694, 3.529526987946019, 3.6404021812846366, 3.8067149712925645, 3.991506960190262, 4.046944556859571, 3.954548562410723, 3.6588813801744067, 3.2153806068199327, 2.5686086456779926, 1.9587950823155915, 1.3120231211736508, 0.5358967678033222, -0.33262558001585524, -0.979397541157796, -1.3674607178429603, -1.5707319056304272, -1.5707319056304272, -1.459856712291809, -1.3674607178429603, -1.2011479278350325, -1.0717935356066444, -0.905480745598717, -0.831563950039638, -0.7761263533703288, -0.7206887567010195, -0.6467719611419408, -0.5728551655828618, -0.5358967678033223, -0.5728551655828618, -0.6098135633624012, -0.6467719611419408, -0.5913343644726315, -0.554375966693092, -0.4989383700237828, -0.5728551655828618, -0.6652511600317103, -0.7206887567010195, -0.7206887567010195, -0.68373035892148, -0.6098135633624012, -0.628292762252171, -0.6467719611419408, -0.7391679555907893, -0.7946055522600985, -0.7576471544805591, -0.7206887567010195, -0.7391679555907893, -0.7391679555907893, -0.7946055522600985, -0.7946055522600985, -0.7576471544805591, -0.7206887567010195, -0.68373035892148, -0.7022095578112498, -0.7946055522600985, -0.7946055522600985, -0.7761263533703288, -0.7391679555907893, -0.7391679555907893, -0.7391679555907893, -0.7946055522600985, -0.7576471544805591, -0.7576471544805591, -0.7391679555907893, -0.7576471544805591, -0.7391679555907893, -0.7391679555907893, -0.7391679555907893, -0.7022095578112498, -0.7022095578112498, -0.7022095578112498, -0.7206887567010195, -0.68373035892148, -0.7206887567010195, -0.7206887567010195, -0.7391679555907893, -0.68373035892148, -0.6652511600317103, -0.7576471544805591, -0.68373035892148, -0.6098135633624012, -0.554375966693092, -0.5174175689135525, -0.5728551655828618, -0.5358967678033223, -0.46197997224424325, -0.425021574464704, -0.4435007733544735, -0.4435007733544735, -0.4435007733544735, -0.4435007733544735, -0.4065423755749342, -0.35110477890562497]"
104,66,474231,N,N,N,V,0.9273041,False,0.0033960203,0.04786258,0.9273041,0.014313926,0.007123413,"[0.29204754534038146, 0.29204754534038146, 0.27814051937179185, 0.2503264674346127, 0.1946983635602543, 0.1668843116230751, 0.2503264674346127, 0.2503264674346127, 0.20860538952884392, 0.20860538952884392, 0.15297728565448548, 0.1668843116230751, 0.1807913375916647, 0.22251241549743345, 0.15297728565448548, 0.12516323371730637, 0.06953512984294795, 0.11125620774871676, 0.12516323371730637, 0.1668843116230751, 0.15297728565448548, 0.1390702596858959, 0.08344215581153755, 0.08344215581153755, 0.1390702596858959, 0.11125620774871676, 0.06953512984294795, 0.11125620774871676, 0.06953512984294795, 0.08344215581153755, 0.08344215581153755, 0.09734918178012715, 0.09734918178012715, 0.06953512984294795, 0.02781405193717921, 0.041721077905768816, 0.06953512984294795, 0.06953512984294795, 0.1390702596858959, 0.06953512984294795, 0.013907025968589604, 0.041721077905768816, 0.041721077905768816, 0.041721077905768816, 0.02781405193717921, 0.0, -0.013907025968589604, 0.0, -0.013907025968589604, 0.041721077905768816, 0.013907025968589604, 0.02781405193717921, -0.02781405193717921, -0.013907025968589604, 0.02781405193717921, 0.02781405193717921, 0.013907025968589604, 0.02781405193717921, 0.0, -0.02781405193717921, 0.02781405193717921, 0.041721077905768816, 0.02781405193717921, 0.013907025968589604, -0.041721077905768816, -0.013907025968589604, 0.0, 0.0, 0.0, 0.041721077905768816, -0.013907025968589604, 0.02781405193717921, 0.041721077905768816, 0.05562810387435834, 0.05562810387435834, 0.013907025968589604, 0.041721077905768816, 0.08344215581153755, 0.26423349340320224, 0.44502483099486695, 0.611909142617942, 0.7927004802096068, 0.9595847918326817, 1.1542831553929362, 1.3907025968589593, 1.668843116230751, 2.03042579141408, 2.4337295445031786, 2.9065684274352246, 3.337686232461502, 3.6992689076448317, 3.8661532192679062, 3.6853618816762417, 3.2542440766499645, 2.5727998041890747, 1.8496344538224159, 1.1960042332987049, 0.6258161685865317, 0.29204754534038146, 0.02781405193717921, -0.3476756492147398, -0.5840950906807629, -0.6953512984294796, -0.6953512984294796, -0.7231653503666589, -0.750979402303838, -0.7787934542410172, -0.7648864282724276, -0.7231653503666589, -0.6953512984294796, -0.7231653503666589, -0.7231653503666589, -0.750979402303838, -0.7092583243980692, -0.6675372464923004, -0.6397231945551212, -0.6675372464923004, -0.6953512984294796, -0.750979402303838, -0.7648864282724276, -0.68144427246089, -0.6675372464923004, -0.68144427246089, -0.6953512984294796, -0.7648864282724276, -0.7231653503666589, -0.7092583243980692, -0.68144427246089, -0.7370723763352485, -0.7370723763352485, -0.7648864282724276, -0.7648864282724276, -0.750979402303838, -0.7231653503666589, -0.750979402303838, -0.7927004802096068, -0.8066075061781964, -0.7787934542410172, -0.7927004802096068, -0.7787934542410172, -0.7648864282724276, -0.7787934542410172, -0.820514532146786, -0.8066075061781964, -0.8066075061781964, -0.8066075061781964, -0.7787934542410172, -0.7927004802096068, -0.8622356100525549, -0.8483285840839653, -0.8483285840839653, -0.820514532146786, -0.8483285840839653, -0.8900496619897338, -0.8900496619897338, -0.8900496619897338, -0.8483285840839653, -0.8344215581153757, -0.8622356100525549, -0.9039566879583234, -0.9456777658640921, -0.9317707398955025, -0.917863713926913, -0.8900496619897338, -0.9039566879583234, -0.8900496619897338, -0.9456777658640921, -0.9317707398955025, -0.9039566879583234, -0.8900496619897338, -0.8900496619897338, -0.917863713926913, -0.9456777658640921, -0.9317707398955025, -0.917863713926913, -0.9039566879583234, -0.917863713926913, -0.9039566879583234, -0.9039566879583234, -0.8900496619897338]"
104,66,535288,N,N,N,V,0.91787815,False,0.0034016322,0.05587749,0.91787815,0.016284231,0.0065583466,"[0.38650594082366696, 0.35619174938651654, 0.37134884510509175, 0.38650594082366696, 0.477448515135118, 0.4622914194165428, 0.4168201322608173, 0.37134884510509175, 0.3107204622307911, 0.3410346536679414, 0.3410346536679414, 0.3107204622307911, 0.23493498363791523, 0.18946369648218966, 0.17430660076361448, 0.18946369648218966, 0.1591495050450393, 0.1591495050450393, 0.11367821788931383, 0.08336402645216345, 0.09852112217073863, 0.06820693073358826, 0.128835313607889, 0.11367821788931383, 0.06820693073358826, 0.037892739296437966, 0.09852112217073863, 0.08336402645216345, 0.11367821788931383, 0.09852112217073863, 0.037892739296437966, 0.007578547859287594, 0.022735643577862782, 0.037892739296437966, 0.06820693073358826, 0.06820693073358826, 0.037892739296437966, 0.007578547859287594, 0.037892739296437966, 0.037892739296437966, 0.09852112217073863, 0.06820693073358826, 0.053049835015013154, 0.022735643577862782, -0.007578547859287594, 0.007578547859287594, 0.06820693073358826, 0.022735643577862782, 0.007578547859287594, -0.037892739296437966, -0.007578547859287594, -0.022735643577862782, 0.037892739296437966, 0.007578547859287594, -0.022735643577862782, -0.007578547859287594, 0.037892739296437966, 0.037892739296437966, 0.022735643577862782, 0.022735643577862782, 0.007578547859287594, -0.022735643577862782, -0.007578547859287594, 0.022735643577862782, 0.053049835015013154, 0.053049835015013154, 0.007578547859287594, -0.007578547859287594, 0.007578547859287594, 0.007578547859287594, 0.053049835015013154, 0.06820693073358826, 0.06820693073358826, -0.007578547859287594, -0.007578547859287594, 0.06820693073358826, 0.25009207935649036, 0.35619174938651654, 0.4926056108536932, 0.6290194723208697, 0.8412188123809222, 1.0685752481595499, 1.265617492501027, 1.4626597368425045, 1.6900161726211318, 1.9931580869926353, 2.4327138628313154, 2.9328980215442964, 3.448239275975852, 3.8120095732216557, 4.054523104718859, 4.084837296156009, 3.8574808603773816, 3.4027679888201265, 2.85711254295142, 2.2811429056455634, 1.7658016512140078, 1.2504603967824517, 0.7351191423508959, 0.3258775579493663, 0.007578547859287594, -0.3410346536679414, -0.5987052808837194, -0.7351191423508959, -0.7805904295066215, -0.7654333337880463, -0.7654333337880463, -0.7502762380694711, -0.7957475252251967, -0.7502762380694711, -0.7502762380694711, -0.7199620466323208, -0.7048049509137455, -0.6896478551951704, -0.7351191423508959, -0.7351191423508959, -0.6896478551951704, -0.644176568039445, -0.644176568039445, -0.6744907594765952, -0.7048049509137455, -0.6744907594765952, -0.7048049509137455, -0.6744907594765952, -0.644176568039445, -0.6593336637580199, -0.7048049509137455, -0.7351191423508959, -0.6896478551951704, -0.7048049509137455, -0.6744907594765952, -0.6593336637580199, -0.7048049509137455, -0.7502762380694711, -0.7502762380694711, -0.7502762380694711, -0.7199620466323208, -0.7048049509137455, -0.7351191423508959, -0.7805904295066215, -0.7805904295066215, -0.7654333337880463, -0.7502762380694711, -0.7502762380694711, -0.7502762380694711, -0.7805904295066215, -0.8109046209437719, -0.7957475252251967, -0.7502762380694711, -0.7502762380694711, -0.7805904295066215, -0.8109046209437719, -0.8260617166623471, -0.7805904295066215, -0.7654333337880463, -0.7502762380694711, -0.8109046209437719, -0.8260617166623471, -0.8866900995366478, -0.8109046209437719, -0.7957475252251967, -0.8412188123809222, -0.8412188123809222, -0.8715330038180726, -0.8715330038180726, -0.8412188123809222, -0.8412188123809222, -0.8563759080994974, -0.8866900995366478, -0.9321613866923734, -0.9170042909737982, -0.9018471952552229, -0.8563759080994974, -0.8866900995366478, -0.9170042909737982, -0.9170042909737982, -0.9170042909737982, -0.9018471952552229, -0.8715330038180726, -0.8866900995366478]"
104,66,625303,N,N,N,V,0.90869415,False,0.0034117799,0.06344076,0.90869415,0.017919973,0.006533416,"[0.24396474278940683, 0.28701734445812555, 0.25831561001231296, 0.25831561001231296, 0.22961387556650054, 0.17221040667487536, 0.18656127389778165, 0.20091214112068795, 0.21526300834359424, 0.18656127389778165, 0.17221040667487536, 0.15785953945196907, 0.14350867222906277, 0.15785953945196907, 0.20091214112068795, 0.20091214112068795, 0.18656127389778165, 0.12915780500615648, 0.12915780500615648, 0.15785953945196907, 0.14350867222906277, 0.1148069377832502, 0.1148069377832502, 0.1148069377832502, 0.1148069377832502, 0.12915780500615648, 0.14350867222906277, 0.15785953945196907, 0.14350867222906277, 0.1004560705603439, 0.07175433611453147, 0.08610520333743761, 0.1148069377832502, 0.1004560705603439, 0.1004560705603439, 0.057403468891625176, 0.07175433611453147, 0.1004560705603439, 0.1148069377832502, 0.1004560705603439, 0.08610520333743761, 0.07175433611453147, 0.057403468891625176, 0.08610520333743761, 0.07175433611453147, 0.057403468891625176, 0.04305260166871888, 0.0, 0.028701734445812588, 0.057403468891625176, 0.07175433611453147, 0.057403468891625176, 0.057403468891625176, 0.0, 0.0, 0.014350867222906294, 0.04305260166871888, 0.028701734445812588, 0.028701734445812588, 0.0, -0.014350867222906294, 0.014350867222906294, 0.04305260166871888, 0.0, -0.014350867222906294, -0.028701734445812588, -0.014350867222906294, 0.014350867222906294, 0.057403468891625176, 0.04305260166871888, 0.014350867222906294, -0.014350867222906294, 0.0, 0.014350867222906294, 0.014350867222906294, 0.028701734445812588, 0.1004560705603439, 0.18656127389778165, 0.3444208133497507, 0.559683821693345, 0.7462450955911266, 0.9471572367118146, 1.1337185106095964, 1.3059289172844717, 1.5498936600738784, 1.9373670750923482, 2.396594826225349, 2.8414717101354436, 3.243295992376819, 3.559015071280758, 3.788628946847258, 3.8029798140701643, 3.5016116023891324, 2.956278647918694, 2.310489622887911, 1.7221040667487537, 1.1480693778325026, 0.6601398922536889, 0.559683821693345, 0.43052601668718843, -0.028701734445812588, -0.50228035280172, -0.7318942283682204, -0.7031924939224078, -0.6888416266995014, -0.7318942283682204, -0.7318942283682204, -0.760595962814033, -0.760595962814033, -0.6888416266995014, -0.6744907594765952, -0.6888416266995014, -0.717543361145314, -0.7318942283682204, -0.7318942283682204, -0.6744907594765952, -0.6601398922536889, -0.6601398922536889, -0.7318942283682204, -0.7462450955911266, -0.7318942283682204, -0.6888416266995014, -0.6457890250307826, -0.6744907594765952, -0.6744907594765952, -0.717543361145314, -0.7318942283682204, -0.7031924939224078, -0.6888416266995014, -0.6744907594765952, -0.7031924939224078, -0.7318942283682204, -0.7462450955911266, -0.717543361145314, -0.6888416266995014, -0.7318942283682204, -0.7462450955911266, -0.760595962814033, -0.7749468300369392, -0.760595962814033, -0.717543361145314, -0.6744907594765952, -0.717543361145314, -0.760595962814033, -0.760595962814033, -0.760595962814033, -0.7318942283682204, -0.7462450955911266, -0.7749468300369392, -0.8036485644827518, -0.8179994317056581, -0.8036485644827518, -0.7892976972598456, -0.7892976972598456, -0.8036485644827518, -0.861052033374377, -0.8323502989285644, -0.8323502989285644, -0.8179994317056581, -0.8179994317056581, -0.8467011661514707, -0.9041046350430959, -0.8754029005972833, -0.861052033374377, -0.8036485644827518, -0.7892976972598456, -0.8467011661514707, -0.8897537678201896, -0.8323502989285644, -0.8323502989285644, -0.8467011661514707, -0.8467011661514707, -0.8467011661514707, -0.8754029005972833, -0.861052033374377, -0.8467011661514707, -0.8036485644827518, -0.7749468300369392, -0.8179994317056581, -0.8323502989285644]"
108,87,236000,N,N,N,V,0.8993893,False,0.00342335,0.07457984,0.8993893,0.016736984,0.0058705322,"[0.3878321866990422, 0.3709699177121273, 0.4046944556859571, 0.43841899365978687, 0.421556724672872, 0.5058680696074463, 0.5733171455551058, 0.6407662215027654, 0.69135302846351, 0.6744907594765952, 0.6576284904896803, 0.7419398354242547, 0.826251180358829, 0.8937002563064886, 0.8937002563064886, 0.8768379873195737, 0.8599757183326588, 0.9442870632672333, 1.0117361392148927, 1.0623229461756374, 1.0285984082018076, 0.9442870632672333, 0.8093889113719142, 0.7250775664373398, 0.6744907594765952, 0.5901794145420207, 0.43841899365978687, 0.3035208417644678, 0.16862268986914875, 0.06744907594765948, 0.033724537973829696, 0.033724537973829696, 0.06744907594765948, 0.050586806960744586, 0.016862268986914893, 0.050586806960744586, 0.050586806960744586, 0.10117361392148927, 0.11803588290840411, 0.06744907594765948, 0.050586806960744586, 0.0, 0.016862268986914893, 0.06744907594765948, 0.033724537973829696, -0.033724537973829787, 0.016862268986914893, 0.0, 0.0, 0.033724537973829696, 0.033724537973829696, -0.05058680696074468, -0.10117361392148927, -0.033724537973829787, 0.033724537973829696, 0.10117361392148927, 0.06744907594765948, 0.033724537973829696, 0.016862268986914893, 0.0, 0.050586806960744586, 0.050586806960744586, 0.06744907594765948, 0.033724537973829696, 0.033724537973829696, 0.016862268986914893, 0.050586806960744586, 0.016862268986914893, -0.033724537973829787, -0.06744907594765957, -0.11803588290840417, 0.0, 0.1517604208822339, 0.3878321866990422, 0.7082152974504249, 1.0791852151625523, 1.4501551328746798, 1.8548495885606369, 2.1077836233643596, 2.1246458923512748, 2.0066100094428707, 2.1077836233643596, 2.242681775259679, 2.529340348037232, 2.7148253068932955, 2.8497234587886147, 2.934034803723189, 3.0014838796708485, 3.1532443005530824, 3.372453797382976, 3.49048968029138, 3.507351949278295, 3.3555915283960607, 3.1195197625792526, 2.647376230945636, 2.1246458923512748, 1.686226898691488, 1.2983947119924457, 0.8599757183326588, 0.20234722784297854, -0.48900580062053145, -1.0623229461756376, -1.4164305949008495, -1.4670174018615942, -1.2815324430055308, -1.1297720221232967, -1.096047484149467, -1.0454606771887227, -0.9274247942803184, -0.843113449345744, -0.7756643733980845, -0.7082152974504249, -0.6744907594765951, -0.5901794145420208, -0.5733171455551059, -0.556454876568191, -0.6070416835289357, -0.6239039525158506, -0.6239039525158506, -0.6407662215027655, -0.6070416835289357, -0.5733171455551059, -0.5733171455551059, -0.6407662215027655, -0.69135302846351, -0.6576284904896802, -0.6239039525158506, -0.6070416835289357, -0.6576284904896802, -0.69135302846351, -0.6744907594765951, -0.7588021044111696, -0.7419398354242547, -0.7082152974504249, -0.7250775664373398, -0.7419398354242547, -0.8262511803588292, -0.8093889113719143, -0.7756643733980845, -0.7419398354242547, -0.7250775664373398, -0.7756643733980845, -0.8093889113719143, -0.7925266423849994, -0.7588021044111696, -0.7419398354242547, -0.7925266423849994, -0.7925266423849994, -0.8093889113719143, -0.8093889113719143, -0.8093889113719143, -0.7925266423849994, -0.7925266423849994, -0.8262511803588292, -0.8262511803588292, -0.7588021044111696, -0.7082152974504249, -0.7250775664373398, -0.7419398354242547, -0.7250775664373398, -0.7756643733980845, -0.8093889113719143, -0.7419398354242547, -0.7082152974504249, -0.69135302846351, -0.7250775664373398, -0.7588021044111696, -0.7588021044111696, -0.6744907594765951, -0.6576284904896802, -0.6576284904896802, -0.6407662215027655, -0.6744907594765951, -0.6744907594765951, -0.5901794145420208, -0.5733171455551059, -0.556454876568191, -0.5901794145420208, -0.5733171455551059, -0.5395926075812761]"
108,87,345179,N,N,N,V,0.89191866,False,0.0034255814,0.07909867,0.89191866,0.019281046,0.0062760143,"[0.10538918116821809, 0.06323350870093086, 0.06323350870093086, 0.08431134493457448, 0.12646701740186173, 0.16862268986914897, 0.2950897072710104, 0.2950897072710104, 0.2950897072710104, 0.3583232159719413, 0.4004788884392285, 0.5269459058410901, 0.6112572507756645, 0.7166464319438824, 0.7588021044111697, 0.7377242681775261, 0.8009577768784569, 0.7588021044111697, 0.6744907594765953, 0.7166464319438824, 0.6323350870093081, 0.6323350870093081, 0.695568595710239, 0.7166464319438824, 0.6534129232429517, 0.5480237420747337, 0.4847902333738029, 0.3794010522055849, 0.2740118710373668, 0.2950897072710104, 0.2740118710373668, 0.2950897072710104, 0.2318561985700798, 0.14754485363550535, 0.12646701740186173, 0.16862268986914897, 0.12646701740186173, 0.08431134493457448, 0.04215567246728724, 0.0, -0.042155672467287006, 0.0, 0.08431134493457448, 0.06323350870093086, -0.042155672467287006, -0.042155672467287006, -0.042155672467287006, -0.021077836233643385, 0.02107783623364362, 0.04215567246728724, 0.02107783623364362, -0.042155672467287006, -0.021077836233643385, 0.02107783623364362, 0.06323350870093086, 0.04215567246728724, 0.0, 0.0, 0.0, 0.06323350870093086, 0.10538918116821809, 0.08431134493457448, 0.02107783623364362, 0.02107783623364362, 0.06323350870093086, 0.06323350870093086, 0.12646701740186173, 0.08431134493457448, 0.08431134493457448, 0.02107783623364362, 0.04215567246728724, 0.08431134493457448, 0.08431134493457448, 0.08431134493457448, 0.18970052610279256, 0.2740118710373668, 0.44263456090651576, 0.8220356131121006, 1.222514501551329, 1.8759274247942805, 2.4871846755699454, 3.014130581411035, 3.288142452448402, 3.2459867799811146, 3.2459867799811146, 3.4778429785511937, 3.68862134088763, 3.7307770133549174, 3.794010522055849, 3.857244030756779, 4.068022393093215, 4.194489410495077, 4.236645082962364, 4.110178065560502, 3.8783218669904223, 3.39353163361662, 2.4871846755699454, 1.5597598812896265, 0.7798799406448134, -0.08431134493457425, -0.9274247942803185, -1.5808377175232697, -1.897005261027924, -1.8759274247942805, -1.622993389990557, -1.4543707001214086, -1.3489815189531904, -1.264670174018616, -1.1382031566167543, -0.9695804667476053, -0.8009577768784568, -0.7798799406448133, -0.6744907594765951, -0.6534129232429515, -0.6112572507756643, -0.6534129232429515, -0.6534129232429515, -0.6534129232429515, -0.6744907594765951, -0.6534129232429515, -0.6323350870093079, -0.6323350870093079, -0.6955685957102388, -0.7798799406448133, -0.7798799406448133, -0.6955685957102388, -0.7166464319438823, -0.7588021044111696, -0.7798799406448133, -0.8009577768784568, -0.8009577768784568, -0.7798799406448133, -0.7588021044111696, -0.7588021044111696, -0.8431134493457441, -0.8220356131121005, -0.8220356131121005, -0.8009577768784568, -0.7798799406448133, -0.7798799406448133, -0.8009577768784568, -0.8431134493457441, -0.7798799406448133, -0.737724268177526, -0.7166464319438823, -0.7798799406448133, -0.8009577768784568, -0.8220356131121005, -0.8220356131121005, -0.737724268177526, -0.6955685957102388, -0.7798799406448133, -0.8009577768784568, -0.8220356131121005, -0.8220356131121005, -0.7588021044111696, -0.737724268177526, -0.7166464319438823, -0.7588021044111696, -0.8009577768784568, -0.7798799406448133, -0.7166464319438823, -0.6534129232429515, -0.6955685957102388, -0.6534129232429515, -0.7166464319438823, -0.6955685957102388, -0.7166464319438823, -0.5901794145420206, -0.6534129232429515, -0.6744907594765951, -0.7166464319438823, -0.7166464319438823, -0.7166464319438823, -0.6323350870093079, -0.569101578308377, -0.6534129232429515, -0.6112572507756643, -0.5901794145420206, -0.5901794145420206]"
108,87,273989,N,N,N,V,0.8779752,False,0.0034288745,0.09139544,0.8779752,0.02077709,0.006423376,"[0.16862268986914883, 0.14988683543924342, 0.22483025315886504, 0.24356610758877048, 0.2810378164485814, 0.26230196201867595, 0.3372453797382976, 0.35598123416820304, 0.4309246518878247, 0.4309246518878247, 0.44966050631773014, 0.4683963607476355, 0.5058680696074465, 0.5246039240373519, 0.7119624683364061, 0.749434177196217, 0.8056417404859332, 0.8056417404859332, 0.843113449345744, 0.8618493037756494, 0.936792721495271, 0.9742644303550819, 1.0304719936447984, 1.0866795569345147, 1.1054154113644201, 1.1616229746541362, 1.2178305379438525, 1.2178305379438525, 1.0866795569345147, 0.8805851582055548, 0.7306983227663115, 0.5995473417569736, 0.4683963607476355, 0.35598123416820304, 0.24356610758877048, 0.07494341771962175, -0.03747170885981077, -0.05620756328971621, 0.056207563289716315, 0.13115098100933797, 0.11241512657943252, 0.07494341771962175, 0.037471708859810875, -0.018735854429905437, 0.018735854429905437, 0.09367927214952709, 0.056207563289716315, -0.03747170885981077, -0.07494341771962165, -0.03747170885981077, 0.018735854429905437, 0.037471708859810875, 0.07494341771962175, 0.037471708859810875, 0.0, -0.03747170885981077, 0.0, 0.0, 0.056207563289716315, 0.09367927214952709, 0.056207563289716315, 0.0, 0.0, 0.056207563289716315, 0.09367927214952709, 0.09367927214952709, 0.056207563289716315, 0.037471708859810875, 0.09367927214952709, 0.07494341771962175, 0.018735854429905437, 0.018735854429905437, 0.056207563289716315, 0.11241512657943252, 0.26230196201867595, 0.5058680696074465, 0.843113449345744, 1.2740381012335689, 1.7236986075512988, 2.2483025315886507, 2.6792271834764754, 2.9040574366353407, 2.829114018915719, 2.86658572777553, 3.0914159809343946, 3.2975103796633545, 3.4848689239624084, 3.7096991771212733, 3.840850158130612, 3.8970577214203277, 4.028208702429666, 4.159359683439004, 4.234303101158626, 4.196831392298815, 3.840850158130612, 3.2975103796633545, 2.5855479113269486, 2.0047364239998804, 1.3677173733830958, 0.6744907594765952, -0.13115098100933797, -0.8993210126354603, -1.3677173733830958, -1.6487551898316772, -1.6300193354017718, -1.461396645532623, -1.330245664523285, -1.2178305379438528, -1.1990946835139473, -1.1054154113644201, -1.011736139214893, -0.8805851582055548, -0.7681700316261223, -0.6932266139065005, -0.6370190506167844, -0.6557549050466899, -0.5620756328971627, -0.5433397784672572, -0.5620756328971627, -0.5808114873270681, -0.618283196186879, -0.6744907594765953, -0.5995473417569736, -0.5058680696074463, -0.5433397784672572, -0.5808114873270681, -0.6557549050466899, -0.711962468336406, -0.6370190506167844, -0.5995473417569736, -0.6744907594765953, -0.7306983227663114, -0.711962468336406, -0.7681700316261223, -0.7494341771962169, -0.6744907594765953, -0.711962468336406, -0.7494341771962169, -0.7681700316261223, -0.843113449345744, -0.8243775949158386, -0.8056417404859332, -0.7494341771962169, -0.8243775949158386, -0.8243775949158386, -0.8243775949158386, -0.7681700316261223, -0.6557549050466899, -0.711962468336406, -0.7494341771962169, -0.7681700316261223, -0.7869058860560277, -0.7306983227663114, -0.6557549050466899, -0.6932266139065005, -0.711962468336406, -0.7306983227663114, -0.7681700316261223, -0.6932266139065005, -0.6744907594765953, -0.7306983227663114, -0.7681700316261223, -0.7869058860560277, -0.8056417404859332, -0.6932266139065005, -0.6557549050466899, -0.6557549050466899, -0.7306983227663114, -0.7494341771962169, -0.7681700316261223, -0.6744907594765953, -0.5995473417569736, -0.5808114873270681, -0.5808114873270681, -0.5995473417569736, -0.6370190506167844, -0.5995473417569736, -0.5620756328971627, -0.5620756328971627, -0.5433397784672572]"
104,66,404091,N,N,N,V,0.91176105,False,0.0034495106,0.0447992,0.91176105,0.022761479,0.017228747,"[0.3835339612710051, 0.4364351973083851, 0.4099845792896951, 0.39675927028035013, 0.3306327252336251, 0.277731489196245, 0.29095679820559006, 0.30418210721493505, 0.277731489196245, 0.277731489196245, 0.25128087117755504, 0.198379635140175, 0.23805556216821003, 0.22483025315886504, 0.198379635140175, 0.18515432613083005, 0.15870370811214002, 0.15870370811214002, 0.17192901712148503, 0.198379635140175, 0.18515432613083005, 0.15870370811214002, 0.13225309009345002, 0.119027781084105, 0.13225309009345002, 0.15870370811214002, 0.13225309009345002, 0.119027781084105, 0.07935185405607002, 0.10580247207475998, 0.14547839910279503, 0.14547839910279503, 0.10580247207475998, 0.13225309009345002, 0.119027781084105, 0.07935185405607002, 0.07935185405607002, 0.09257716306541497, 0.10580247207475998, 0.05290123603737999, 0.03967592702803498, 0.03967592702803498, 0.013225309009344943, 0.05290123603737999, 0.013225309009344943, 0.013225309009344943, 0.0, 0.0, 0.0, 0.06612654504672501, 0.0, -0.02645061801869003, -0.02645061801869003, -0.013225309009345015, 0.0, 0.03967592702803498, 0.026450618018689958, 0.026450618018689958, 0.013225309009344943, 0.013225309009344943, 0.05290123603737999, 0.06612654504672501, 0.026450618018689958, 0.013225309009344943, 0.013225309009344943, 0.013225309009344943, 0.03967592702803498, 0.03967592702803498, 0.013225309009344943, 0.013225309009344943, -0.013225309009345015, -0.013225309009345015, 0.0, 0.026450618018689958, 0.03967592702803498, 0.10580247207475998, 0.15870370811214002, 0.29095679820559006, 0.4364351973083851, 0.6480401414579052, 0.8199691585793902, 0.9918981757008754, 1.1506018838130154, 1.3357562099438454, 1.6134876991400904, 1.9705710423924052, 2.3541050036634106, 2.7905402009717957, 3.081496999177386, 3.3856791063923213, 3.557608123513806, 3.5972840505418415, 3.3856791063923213, 2.9492439090839357, 2.4070062397007903, 1.8515432613083005, 1.2564043558877753, 0.7670679225420102, 0.42320988829904005, 0.18515432613083005, -0.11902778108410507, -0.4628858153270751, -0.6215895234392151, -0.6612654504672502, -0.7141666865046302, -0.7273919955139753, -0.7406173045233203, -0.7406173045233203, -0.7141666865046302, -0.6744907594765952, -0.6877160684859402, -0.7141666865046302, -0.7273919955139753, -0.7406173045233203, -0.7141666865046302, -0.6480401414579052, -0.6348148324485602, -0.6215895234392151, -0.6877160684859402, -0.6877160684859402, -0.7009413774952853, -0.6744907594765952, -0.6744907594765952, -0.7141666865046302, -0.7141666865046302, -0.7009413774952853, -0.6877160684859402, -0.7009413774952853, -0.6877160684859402, -0.7141666865046302, -0.7273919955139753, -0.7406173045233203, -0.7009413774952853, -0.7009413774952853, -0.7141666865046302, -0.7538426135326654, -0.7802932315513552, -0.7935185405607003, -0.7670679225420103, -0.7273919955139753, -0.7406173045233203, -0.7935185405607003, -0.7935185405607003, -0.8199691585793902, -0.7802932315513552, -0.7935185405607003, -0.8199691585793902, -0.8199691585793902, -0.8331944675887353, -0.8596450856074253, -0.8464197765980803, -0.7802932315513552, -0.8199691585793902, -0.8331944675887353, -0.9125463216448053, -0.8464197765980803, -0.8464197765980803, -0.8464197765980803, -0.8331944675887353, -0.8860957036261153, -0.9125463216448053, -0.9257716306541504, -0.9257716306541504, -0.8993210126354604, -0.8993210126354604, -0.8993210126354604, -0.9389969396634954, -0.9786728666915304, -0.9522222486728404, -0.9125463216448053, -0.9389969396634954, -0.9522222486728404, -0.9522222486728404, -0.9522222486728404, -0.9257716306541504, -0.9389969396634954, -0.9389969396634954, -0.9522222486728404, -0.9522222486728404, -0.9389969396634954]"
104,66,514573,N,N,N,V,0.918242,False,0.003458741,0.054413844,0.918242,0.01692969,0.006955691,"[0.33006994612684454, 0.31571907890393824, 0.30136821168103195, 0.24396474278940683, 0.22961387556650054, 0.17221040667487544, 0.18656127389778165, 0.18656127389778165, 0.20091214112068795, 0.15785953945196915, 0.11480693778325027, 0.04305260166871888, 0.057403468891625176, 0.07175433611453147, 0.12915780500615656, 0.11480693778325027, 0.08610520333743776, 0.11480693778325027, 0.10045607056034397, 0.08610520333743776, 0.10045607056034397, 0.04305260166871888, 0.04305260166871888, 0.028701734445812588, 0.08610520333743776, 0.057403468891625176, 0.10045607056034397, 0.07175433611453147, 0.07175433611453147, 0.04305260166871888, 0.028701734445812588, 0.028701734445812588, 0.057403468891625176, 0.04305260166871888, 0.014350867222906294, 0.028701734445812588, 0.014350867222906294, 0.04305260166871888, 0.08610520333743776, 0.057403468891625176, 0.04305260166871888, 0.028701734445812588, 0.028701734445812588, 0.07175433611453147, 0.057403468891625176, 0.028701734445812588, 0.0, -0.028701734445812588, 0.0, -0.014350867222906294, 0.014350867222906294, -0.028701734445812588, 0.0, -0.014350867222906294, -0.028701734445812588, -0.028701734445812588, -0.014350867222906294, 0.0, 0.0, 0.0, 0.028701734445812588, 0.04305260166871888, 0.04305260166871888, 0.014350867222906294, 0.0, -0.057403468891625016, -0.028701734445812588, 0.0, 0.0, 0.07175433611453147, 0.057403468891625176, 0.028701734445812588, 0.057403468891625176, 0.08610520333743776, 0.08610520333743776, 0.08610520333743776, 0.18656127389778165, 0.30136821168103195, 0.4879294855788136, 0.7031924939224079, 0.8754029005972831, 1.0332624400492523, 1.277227182838659, 1.521191925628066, 1.8225601373090978, 2.181331817881755, 2.6692613034605683, 3.1428399218164755, 3.559015071280758, 3.889085017407602, 4.104348025751197, 4.046944556859572, 3.6451202746181957, 3.0710855857019443, 2.4396474278940676, 1.836911004532004, 1.3489815189531904, 0.861052033374377, 0.4161751494642822, 0.08610520333743776, -0.2439647427894067, -0.5740346889162513, -0.6744907594765952, -0.717543361145314, -0.7318942283682204, -0.8323502989285644, -0.8610520333743767, -0.8323502989285644, -0.7462450955911266, -0.7318942283682204, -0.717543361145314, -0.7318942283682204, -0.7318942283682204, -0.7462450955911266, -0.717543361145314, -0.6744907594765952, -0.6744907594765952, -0.6457890250307826, -0.6601398922536889, -0.6744907594765952, -0.6601398922536889, -0.6744907594765952, -0.7031924939224078, -0.6888416266995014, -0.7031924939224078, -0.6888416266995014, -0.6888416266995014, -0.7031924939224078, -0.7318942283682204, -0.717543361145314, -0.760595962814033, -0.7749468300369392, -0.7462450955911266, -0.717543361145314, -0.6744907594765952, -0.6601398922536889, -0.6888416266995014, -0.7318942283682204, -0.7318942283682204, -0.7749468300369392, -0.7892976972598456, -0.7892976972598456, -0.8179994317056581, -0.7892976972598456, -0.7462450955911266, -0.717543361145314, -0.7318942283682204, -0.8036485644827518, -0.875402900597283, -0.8897537678201893, -0.8897537678201893, -0.8610520333743767, -0.7892976972598456, -0.8036485644827518, -0.8179994317056581, -0.8323502989285644, -0.8467011661514707, -0.8323502989285644, -0.8467011661514707, -0.8467011661514707, -0.8610520333743767, -0.9184555022660019, -0.9184555022660019, -0.8897537678201893, -0.8897537678201893, -0.9184555022660019, -0.9471572367118145, -0.9615081039347207, -0.9328063694889082, -0.9041046350430956, -0.8610520333743767, -0.875402900597283, -0.8897537678201893, -0.875402900597283, -0.9184555022660019, -0.875402900597283, -0.8897537678201893, -0.9184555022660019, -0.9328063694889082, -0.9471572367118145]"
108,87,282251,N,N,N,V,0.88421047,False,0.003465176,0.08207193,0.88421047,0.023369761,0.006882709,"[0.17986420252709193, 0.24731327847475149, 0.20234722784297846, 0.17986420252709193, 0.08993210126354596, 0.06744907594765945, 0.1573811772112054, 0.1573811772112054, 0.17986420252709193, 0.22483025315886498, 0.20234722784297846, 0.29227932910652443, 0.35972840505418396, 0.49462655694950297, 0.44966050631772997, 0.44966050631772997, 0.42717748100184344, 0.4721435316336165, 0.5845586582130491, 0.7869058860560275, 0.8318719366878006, 0.89932101263546, 0.9442870632672331, 1.0567021898466655, 1.1241512657943251, 1.1016682404784386, 1.0567021898466655, 1.1691173164260982, 1.1916003417419847, 1.2815324430055306, 1.3040154683214171, 1.3264984936373037, 1.2140833670578712, 1.0117361392148925, 0.7419398354242545, 0.6070416835289355, 0.539592607581276, 0.5620756328971624, 0.4721435316336165, 0.22483025315886498, 0.022483025315886397, -0.022483025315886522, 0.04496605063177292, 0.04496605063177292, 0.08993210126354596, 0.04496605063177292, 0.022483025315886397, 0.022483025315886397, 0.11241512657943249, 0.06744907594765945, 0.022483025315886397, 0.0, -0.044966050631773044, -0.044966050631773044, 0.04496605063177292, 0.04496605063177292, 0.04496605063177292, 0.0, -0.06744907594765957, -0.044966050631773044, 0.0, 0.04496605063177292, -0.044966050631773044, -0.022483025315886522, 0.04496605063177292, 0.11241512657943249, 0.06744907594765945, 0.08993210126354596, 0.06744907594765945, 0.06744907594765945, -0.022483025315886522, 0.04496605063177292, 0.06744907594765945, 0.06744907594765945, 0.06744907594765945, 0.1573811772112054, 0.42717748100184344, 0.809388911371914, 1.2815324430055306, 1.9110571518503527, 2.5630648860110616, 3.035208417644678, 3.102657493592337, 3.125140518908224, 3.2825216961194292, 3.574801025225954, 3.8221143037007055, 4.001978506227798, 4.091910607491344, 4.1593596834390025, 4.271774810018435, 4.406672961913754, 4.474122037861414, 4.429155987229641, 4.069427582175457, 3.439902873330635, 2.6080309366428343, 1.9335401771662393, 1.1916003417419847, 0.17986420252709193, -0.7194568101083683, -1.3489815189531904, -1.7311929493232607, -2.0459553037456715, -2.113404379693331, -1.9785062277980126, -1.7536759746391473, -1.5063626961643954, -1.3939475695849635, -1.2815324430055308, -1.1466342911102116, -0.9892531138990063, -0.9218040379513467, -0.7419398354242548, -0.6295247088448221, -0.539592607581276, -0.539592607581276, -0.6070416835289356, -0.6969737847924817, -0.6969737847924817, -0.5845586582130491, -0.5620756328971626, -0.6744907594765952, -0.6520077341607087, -0.7419398354242548, -0.6520077341607087, -0.6295247088448221, -0.6744907594765952, -0.7644228607401412, -0.7869058860560275, -0.8993210126354602, -0.8318719366878006, -0.7419398354242548, -0.7644228607401412, -0.7419398354242548, -0.6969737847924817, -0.6744907594765952, -0.6744907594765952, -0.6744907594765952, -0.7194568101083683, -0.7419398354242548, -0.809388911371914, -0.7194568101083683, -0.7419398354242548, -0.7419398354242548, -0.7869058860560275, -0.809388911371914, -0.8318719366878006, -0.8543549620036871, -0.809388911371914, -0.8318719366878006, -0.8318719366878006, -0.7869058860560275, -0.7869058860560275, -0.7869058860560275, -0.7644228607401412, -0.7869058860560275, -0.7419398354242548, -0.7644228607401412, -0.809388911371914, -0.8993210126354602, -0.8543549620036871, -0.8318719366878006, -0.7644228607401412, -0.6969737847924817, -0.6744907594765952, -0.5620756328971626, -0.539592607581276, -0.6295247088448221, -0.6744907594765952, -0.6744907594765952, -0.5845586582130491, -0.49462655694950297, -0.3822114303700706, -0.42717748100184366, -0.49462655694950297, -0.4721435316336167, -0.5171095822653895, -0.49462655694950297, -0.4721435316336167]"
104,66,581181,N,N,N,V,0.9205658,False,0.0034682266,0.05213488,0.9205658,0.016578568,0.007252645,"[0.1450517762315259, 0.07252588811576291, 0.1160414209852207, 0.08703106573891552, 0.10153624336206811, 0.1450517762315259, 0.1305465986083733, 0.1305465986083733, 0.07252588811576291, 0.05802071049261039, 0.07252588811576291, 0.08703106573891552, 0.08703106573891552, 0.08703106573891552, 0.05802071049261039, 0.04351553286945779, 0.08703106573891552, 0.10153624336206811, 0.10153624336206811, 0.07252588811576291, 0.07252588811576291, 0.04351553286945779, 0.05802071049261039, 0.05802071049261039, 0.04351553286945779, 0.05802071049261039, 0.04351553286945779, 0.07252588811576291, 0.08703106573891552, 0.1160414209852207, 0.10153624336206811, 0.08703106573891552, 0.04351553286945779, 0.05802071049261039, 0.07252588811576291, 0.04351553286945779, 0.014505177623152598, 0.014505177623152598, -0.04351553286945779, -0.029010355246305197, -0.029010355246305197, 0.029010355246305197, 0.05802071049261039, 0.029010355246305197, 0.014505177623152598, 0.0, 0.0, 0.05802071049261039, 0.04351553286945779, 0.05802071049261039, 0.014505177623152598, 0.029010355246305197, 0.07252588811576291, 0.07252588811576291, 0.05802071049261039, 0.029010355246305197, 0.0, 0.0, 0.05802071049261039, 0.07252588811576291, 0.07252588811576291, 0.05802071049261039, 0.0, -0.014505177623152598, 0.0, 0.014505177623152598, -0.014505177623152598, 0.04351553286945779, 0.014505177623152598, 0.04351553286945779, 0.04351553286945779, 0.05802071049261039, 0.04351553286945779, 0.014505177623152598, 0.05802071049261039, 0.1160414209852207, 0.2320828419704414, 0.3916397958251198, 0.522186394433493, 0.6817433482881715, 0.8848158350123076, 1.044372788866986, 1.261950453214275, 1.4940332951847164, 1.7116109595320053, 2.030724867241362, 2.4078594854433293, 2.799499281268449, 3.2346546099630267, 3.655304761034451, 3.9163979582511983, 4.104965267352182, 3.988923846366961, 3.4957478071797734, 2.872025169384212, 2.2628077092118035, 1.639085071416242, 1.0588779664901387, 0.42065015107142506, -0.072525888115763, -0.30460873008620426, -0.46416568394088265, -0.6817433482881715, -0.7832795916502396, -0.8413003021428501, -0.8413003021428501, -0.8267951245196975, -0.7832795916502396, -0.7542692364039345, -0.7542692364039345, -0.7832795916502396, -0.7542692364039345, -0.6962485259113241, -0.6817433482881715, -0.6962485259113241, -0.6962485259113241, -0.7107537035344766, -0.6962485259113241, -0.6817433482881715, -0.7107537035344766, -0.7397640587807819, -0.7252588811576293, -0.7397640587807819, -0.7252588811576293, -0.6672381706650189, -0.594712282549256, -0.6237226377955611, -0.6962485259113241, -0.6962485259113241, -0.7252588811576293, -0.6817433482881715, -0.6237226377955611, -0.6237226377955611, -0.6237226377955611, -0.6672381706650189, -0.7107537035344766, -0.7252588811576293, -0.7252588811576293, -0.7252588811576293, -0.6817433482881715, -0.6962485259113241, -0.7397640587807819, -0.7252588811576293, -0.7107537035344766, -0.7687744140270871, -0.7542692364039345, -0.7832795916502396, -0.7687744140270871, -0.7252588811576293, -0.6962485259113241, -0.6817433482881715, -0.7107537035344766, -0.7542692364039345, -0.7832795916502396, -0.7542692364039345, -0.7252588811576293, -0.7252588811576293, -0.7832795916502396, -0.7977847692733923, -0.7832795916502396, -0.7977847692733923, -0.7687744140270871, -0.7542692364039345, -0.7977847692733923, -0.8558054797660026, -0.9138261902586128, -0.8848158350123079, -0.8413003021428501, -0.8122899468965449, -0.8267951245196975, -0.8122899468965449, -0.8558054797660026, -0.8558054797660026, -0.8558054797660026, -0.8267951245196975, -0.8848158350123079, -0.8848158350123079, -0.8848158350123079, -0.8848158350123079, -0.7977847692733923]"
108,87,207434,N,N,N,V,0.87423986,False,0.0035015626,0.09465434,0.87423986,0.021102572,0.0065015894,"[0.21077836233643596, 0.2529340348037232, 0.33724537973829755, 0.33724537973829755, 0.31616754350465404, 0.2740118710373668, 0.35832321597194117, 0.42155672467287203, 0.4637123971401592, 0.5058680696074463, 0.4637123971401592, 0.48479023337380284, 0.4637123971401592, 0.5901794145420208, 0.6534129232429516, 0.7166464319438823, 0.8431134493457441, 0.948502630513962, 0.9906583029812491, 1.0749696479158237, 1.0749696479158237, 0.9906583029812491, 1.0328139754485364, 1.0117361392148927, 1.1171253203831109, 1.2014366653176853, 1.2435923377849725, 1.264670174018616, 1.1592809928503982, 1.0117361392148927, 0.9063469580466749, 0.7166464319438823, 0.52694590584109, 0.4004788884392284, 0.21077836233643596, 0.06323350870093086, -0.02107783623364362, -0.02107783623364362, 0.0, 0.02107783623364362, 0.04215567246728724, 0.02107783623364362, 0.08431134493457436, 0.08431134493457436, 0.08431134493457436, 0.06323350870093086, 0.02107783623364362, -0.04215567246728724, -0.02107783623364362, 0.0, 0.0, 0.04215567246728724, 0.06323350870093086, 0.04215567246728724, 0.02107783623364362, 0.08431134493457436, 0.08431134493457436, 0.04215567246728724, 0.04215567246728724, -0.02107783623364362, -0.04215567246728724, -0.06323350870093074, 0.0, 0.08431134493457436, 0.08431134493457436, 0.02107783623364362, -0.02107783623364362, 0.0, -0.02107783623364362, 0.0, 0.0, 0.0, 0.02107783623364362, 0.08431134493457436, 0.18970052610279245, 0.5691015783083773, 1.0117361392148927, 1.5597598812896265, 2.2342506407662217, 2.740118710373668, 2.9719749089437477, 2.824430055308243, 2.803352219074599, 2.950897072710104, 3.2459867799811146, 3.372453797382976, 3.6464656684203427, 3.7729326858222048, 3.7729326858222048, 3.8783218669904223, 4.068022393093215, 4.004788884392284, 3.9204775394577096, 3.751854849588561, 3.288142452448402, 2.676885201672737, 2.0656279508970727, 1.5597598812896265, 1.0749696479158237, 0.31616754350465404, -0.4847902333738029, -1.1171253203831109, -1.5386820450559828, -1.6651490624578444, -1.4543707001214083, -1.3279036827195472, -1.3068258464859035, -1.2857480102522598, -1.0960474841494672, -0.8852691218130312, -0.7166464319438824, -0.5901794145420207, -0.6744907594765952, -0.632335087009308, -0.632335087009308, -0.5901794145420207, -0.632335087009308, -0.6112572507756644, -0.6112572507756644, -0.6534129232429516, -0.632335087009308, -0.6112572507756644, -0.632335087009308, -0.6955685957102389, -0.7166464319438824, -0.7588021044111697, -0.6744907594765952, -0.6744907594765952, -0.6534129232429516, -0.7166464319438824, -0.7588021044111697, -0.7798799406448134, -0.8009577768784567, -0.7166464319438824, -0.7377242681775261, -0.8641912855793876, -0.8852691218130312, -0.9695804667476057, -0.9274247942803184, -0.8220356131121004, -0.7588021044111697, -0.6744907594765952, -0.7377242681775261, -0.7798799406448134, -0.7166464319438824, -0.7798799406448134, -0.843113449345744, -0.8852691218130312, -0.8852691218130312, -0.8009577768784567, -0.7377242681775261, -0.7377242681775261, -0.6955685957102389, -0.7588021044111697, -0.7798799406448134, -0.8220356131121004, -0.7588021044111697, -0.6955685957102389, -0.6112572507756644, -0.632335087009308, -0.6744907594765952, -0.6744907594765952, -0.6744907594765952, -0.6112572507756644, -0.6534129232429516, -0.6744907594765952, -0.6955685957102389, -0.6955685957102389, -0.632335087009308, -0.5901794145420207, -0.5480237420747335, -0.5480237420747335, -0.6112572507756644, -0.6955685957102389, -0.6112572507756644, -0.5269459058410899, -0.44263456090651565, -0.42155672467287203, -0.46371239714015927, -0.5480237420747335]"
108,87,183273,N,N,N,V,0.85534215,False,0.003501744,0.110414244,0.85534215,0.023632266,0.0071095782,"[0.044228902260760386, 0.06634335339114057, 0.15480115791266133, 0.19903006017342173, 0.13268670678228114, 0.15480115791266133, 0.2653734135645622, 0.30960231582532255, 0.3980601203468432, 0.42017457147722337, 0.44228902260760355, 0.44228902260760355, 0.4865179248683638, 0.5528612782595044, 0.6634335339114052, 0.751891338432926, 0.751891338432926, 0.7740057895633062, 0.8624635940848268, 0.9730358497367276, 1.017264751997488, 1.0836081053886286, 1.1057225565190085, 1.149951458779769, 1.1941803610405293, 1.2384092633012898, 1.2605237144316699, 1.2162948121709096, 1.1278370076493889, 0.9951503008671079, 0.7961202406936863, 0.641319082781025, 0.4865179248683638, 0.375945669216463, 0.19903006017342173, 0.06634335339114057, -0.044228902260760136, -0.06634335339114032, -0.044228902260760136, 0.022114451130380193, -0.06634335339114032, -0.06634335339114032, -0.044228902260760136, 0.0, 0.022114451130380193, 0.0, 0.022114451130380193, 0.0, -0.044228902260760136, 0.022114451130380193, -0.022114451130379947, 0.022114451130380193, 0.022114451130380193, 0.06634335339114057, 0.11057225565190096, 0.08845780452152077, 0.11057225565190096, 0.11057225565190096, 0.11057225565190096, 0.08845780452152077, 0.13268670678228114, 0.08845780452152077, 0.11057225565190096, 0.13268670678228114, 0.13268670678228114, 0.022114451130380193, 0.11057225565190096, 0.13268670678228114, 0.13268670678228114, 0.11057225565190096, 0.11057225565190096, 0.08845780452152077, 0.15480115791266133, 0.22114451130380178, 0.4644034737379838, 0.9066924963455871, 1.3932104212139511, 1.9460716994734553, 2.653734135645621, 3.2729387672962655, 3.449854376339307, 3.361396571817786, 3.361396571817786, 3.604655534251968, 3.84791449668615, 4.046944556859572, 4.312317970424133, 4.4450046772064145, 4.555576932858315, 4.754606993031738, 5.019980406596299, 5.10843821111782, 5.15266711337858, 4.909408150944397, 4.378661323815274, 3.5161977297304476, 2.742191940167142, 2.1229873085164965, 1.5480115791266122, 0.7740057895633062, -0.1769156090430413, -0.9951503008671077, -1.5922404813873723, -1.7912705415607941, -1.680698285908893, -1.4153248723443308, -1.30475261669243, -1.2162948121709096, -1.1278370076493889, -0.9951503008671077, -0.774005789563306, -0.7076624361721654, -0.663433533911405, -0.6192046316506447, -0.5749757293898843, -0.44228902260760333, -0.42017457147722315, -0.5086323759987439, -0.663433533911405, -0.6413190827810248, -0.6413190827810248, -0.5970901805202644, -0.5749757293898843, -0.6413190827810248, -0.663433533911405, -0.774005789563306, -0.6855479850417852, -0.663433533911405, -0.6192046316506447, -0.7076624361721654, -0.7297768873025455, -0.774005789563306, -0.7961202406936861, -0.7961202406936861, -0.7518913384329258, -0.7518913384329258, -0.8182346918240664, -0.8182346918240664, -0.7961202406936861, -0.7518913384329258, -0.7297768873025455, -0.7518913384329258, -0.8624635940848265, -0.9066924963455869, -0.8845780452152067, -0.9066924963455869, -0.7961202406936861, -0.7961202406936861, -0.7518913384329258, -0.774005789563306, -0.8403491429544463, -0.774005789563306, -0.7297768873025455, -0.7076624361721654, -0.7297768873025455, -0.7518913384329258, -0.7961202406936861, -0.7297768873025455, -0.7518913384329258, -0.7076624361721654, -0.7297768873025455, -0.774005789563306, -0.774005789563306, -0.663433533911405, -0.6413190827810248, -0.6192046316506447, -0.663433533911405, -0.774005789563306, -0.6855479850417852, -0.6192046316506447, -0.5970901805202644, -0.5749757293898843, -0.5749757293898843, -0.5970901805202644, -0.5086323759987439, -0.3759456692164628, -0.3538312180860826, -0.3759456692164628, -0.44228902260760333, -0.42017457147722315]"
108,87,187978,N,N,N,V,0.8692497,False,0.003502931,0.0985649,0.8692497,0.022231763,0.006450739,"[0.20439113923533178, 0.22483025315886498, 0.18395202531179858, 0.18395202531179858, 0.22483025315886498, 0.22483025315886498, 0.32702582277653075, 0.34746493670006395, 0.40878227847066356, 0.38834316454713036, 0.42922139239419677, 0.4905387341647964, 0.5109778480883295, 0.5314169620118627, 0.4905387341647964, 0.5518560759353959, 0.6949298734001281, 0.7971254430177941, 0.8175645569413272, 0.8993210126354599, 0.8788818987119268, 0.8788818987119268, 0.9606383544060596, 1.0423948101001923, 1.0628339240237257, 1.2059077214884577, 1.2467859493355242, 1.226346835411991, 1.2467859493355242, 1.226346835411991, 1.124151265794325, 0.8788818987119268, 0.674490759476595, 0.4905387341647964, 0.38834316454713036, 0.2861475949294646, 0.16351291138826538, 0.040878227847066406, 0.020439113923533203, -0.020439113923533203, 0.0, 0.020439113923533203, 0.08175645569413258, 0.06131734177059938, 0.020439113923533203, -0.040878227847066406, -0.020439113923533203, 0.06131734177059938, 0.08175645569413258, 0.08175645569413258, 0.06131734177059938, -0.040878227847066406, -0.020439113923533203, 0.020439113923533203, 0.08175645569413258, 0.06131734177059938, 0.0, 0.0, 0.0, 0.040878227847066406, 0.08175645569413258, 0.020439113923533203, 0.0, -0.020439113923533203, 0.08175645569413258, 0.14307379746473217, 0.12263468354119898, 0.10219556961766578, 0.020439113923533203, -0.020439113923533203, 0.06131734177059938, 0.06131734177059938, 0.14307379746473217, 0.16351291138826538, 0.2452693670823982, 0.44966050631772997, 0.7971254430177941, 1.2059077214884577, 1.7373246835003207, 2.3913763290533825, 2.881915063218179, 3.0658670885299775, 3.004549746759378, 3.0658670885299775, 3.3315755695359086, 3.638162278388907, 3.7812360758536387, 3.903870759394838, 4.026505442936037, 4.190018354324303, 4.333092151789035, 4.455726835330234, 4.455726835330234, 4.271774810018435, 3.8425534176242384, 3.2089408859947093, 2.5140110125945814, 1.8599593670415195, 1.2467859493355242, 0.5109778480883295, -0.3065867088529978, -0.8788818987119268, -1.3489815189531904, -1.6351291138826547, -1.6964464556532544, -1.4920553164179224, -1.2672250632590576, -1.2672250632590576, -1.1445903797178585, -1.103712151870792, -0.9606383544060596, -0.8380036708648608, -0.7153689873236616, -0.5927343037824624, -0.4905387341647964, -0.551856075935396, -0.551856075935396, -0.6744907594765952, -0.654051645553062, -0.5927343037824624, -0.6131734177059956, -0.6131734177059956, -0.6744907594765952, -0.654051645553062, -0.5927343037824624, -0.5722951898589292, -0.551856075935396, -0.5927343037824624, -0.6949298734001284, -0.6744907594765952, -0.6949298734001284, -0.6744907594765952, -0.6744907594765952, -0.7153689873236616, -0.7358081012471948, -0.756247215170728, -0.7766863290942612, -0.7766863290942612, -0.7358081012471948, -0.7766863290942612, -0.7766863290942612, -0.8175645569413276, -0.7766863290942612, -0.7971254430177944, -0.8175645569413276, -0.8175645569413276, -0.8380036708648608, -0.8788818987119268, -0.8584427847883935, -0.7766863290942612, -0.7766863290942612, -0.7358081012471948, -0.7766863290942612, -0.7971254430177944, -0.7766863290942612, -0.7766863290942612, -0.7766863290942612, -0.7766863290942612, -0.7971254430177944, -0.7971254430177944, -0.7153689873236616, -0.654051645553062, -0.6949298734001284, -0.654051645553062, -0.6949298734001284, -0.756247215170728, -0.7358081012471948, -0.6744907594765952, -0.6949298734001284, -0.654051645553062, -0.654051645553062, -0.6949298734001284, -0.6131734177059956, -0.551856075935396, -0.5722951898589292, -0.5314169620118628, -0.5927343037824624, -0.5927343037824624, -0.551856075935396, -0.4905387341647964]"
108,87,205063,N,N,N,V,0.8619739,False,0.0035153541,0.103310674,0.8619739,0.024602681,0.00659743,"[0.20439113923533198, 0.14307379746473234, 0.22483025315886518, 0.3065867088529979, 0.2861475949294647, 0.2861475949294647, 0.2861475949294647, 0.3065867088529979, 0.3883431645471307, 0.44966050631773025, 0.44966050631773025, 0.42922139239419704, 0.40878227847066384, 0.42922139239419704, 0.5109778480883298, 0.6131734177059958, 0.6744907594765953, 0.6949298734001286, 0.7153689873236617, 0.7766863290942613, 0.8993210126354604, 1.0015165822531262, 1.0015165822531262, 0.9810774683295932, 1.0015165822531262, 1.0423948101001927, 1.1241512657943256, 1.1854686075649252, 1.1854686075649252, 1.1854686075649252, 1.1037121518707924, 0.8788818987119273, 0.6949298734001286, 0.5722951898589294, 0.42922139239419704, 0.32702582277653114, 0.12263468354119914, 0.02043911392353321, 0.0, 0.06131734177059962, 0.10219556961766604, 0.02043911392353321, 0.02043911392353321, -0.020439113923533096, 0.04087822784706642, 0.12263468354119914, 0.08175645569413284, 0.02043911392353321, -0.020439113923533096, 0.0, 0.04087822784706642, 0.04087822784706642, 0.04087822784706642, 0.02043911392353321, 0.0, -0.020439113923533096, 0.06131734177059962, 0.06131734177059962, 0.02043911392353321, 0.02043911392353321, 0.0, 0.02043911392353321, 0.06131734177059962, 0.04087822784706642, 0.04087822784706642, 0.06131734177059962, 0.02043911392353321, 0.06131734177059962, 0.02043911392353321, 0.0, -0.06131734177059951, 0.0, -0.0408782278470663, 0.08175645569413284, 0.3065867088529979, 0.633612531629529, 1.0015165822531262, 1.3898597468002571, 1.9825940505827195, 2.5344501265181156, 2.8614759492946464, 2.9227932910652465, 2.800158607524047, 2.82059772144758, 3.086306202453512, 3.311136455612377, 3.4133320252300425, 3.4133320252300425, 3.39289291130651, 3.535966708771242, 3.679040506235974, 3.658601392312441, 3.7607969619301067, 3.7812360758536405, 3.3520146834594433, 2.677523923982848, 1.9621549366591864, 1.4511770885708564, 0.9810774683295932, 0.40878227847066384, -0.3065867088529979, -1.0015165822531262, -1.5533726581885223, -1.8395202531179873, -1.6964464556532548, -1.3898597468002571, -1.2263468354119913, -1.2263468354119913, -1.185468607564925, -1.1650294936413919, -1.0423948101001927, -0.8584427847883939, -0.756247215170728, -0.7358081012471949, -0.6744907594765952, -0.5927343037824624, -0.5518560759353962, -0.5518560759353962, -0.6540516455530619, -0.6540516455530619, -0.6949298734001285, -0.7153689873236616, -0.6336125316295288, -0.531416962011863, -0.5109778480883298, -0.5927343037824624, -0.6744907594765952, -0.6949298734001285, -0.6540516455530619, -0.6540516455530619, -0.6131734177059955, -0.6949298734001285, -0.7358081012471949, -0.756247215170728, -0.7358081012471949, -0.8175645569413277, -0.8380036708648608, -0.7766863290942613, -0.6949298734001285, -0.6540516455530619, -0.6744907594765952, -0.756247215170728, -0.7766863290942613, -0.7766863290942613, -0.7766863290942613, -0.7971254430177944, -0.7766863290942613, -0.756247215170728, -0.756247215170728, -0.756247215170728, -0.7766863290942613, -0.8584427847883939, -0.8380036708648608, -0.8175645569413277, -0.7766863290942613, -0.8584427847883939, -0.7971254430177944, -0.7971254430177944, -0.7358081012471949, -0.6744907594765952, -0.7153689873236616, -0.756247215170728, -0.7971254430177944, -0.8380036708648608, -0.7358081012471949, -0.6540516455530619, -0.6949298734001285, -0.756247215170728, -0.7358081012471949, -0.6540516455530619, -0.5927343037824624, -0.5722951898589294, -0.6131734177059955, -0.6131734177059955, -0.5927343037824624, -0.5927343037824624, -0.5722951898589294, -0.5722951898589294, -0.531416962011863, -0.5722951898589294]"
108,87,209649,N,N,N,V,0.83959013,False,0.0035193553,0.123764,0.83959013,0.026241953,0.0068844864,"[0.25293403480372334, 0.2950897072710106, 0.27401187103736696, 0.3161675435046541, 0.3161675435046541, 0.3372453797382977, 0.4215567246728722, 0.4426345609065157, 0.4215567246728722, 0.4637123971401593, 0.5691015783083774, 0.6955685957102391, 0.8220356131121005, 0.8220356131121005, 0.8852691218130314, 0.9485026305139623, 0.9695804667476059, 0.9906583029812495, 1.0749696479158237, 1.1382031566167548, 1.2225145015513292, 1.1803588290840419, 1.1803588290840419, 1.1803588290840419, 1.117125320383111, 0.9906583029812495, 0.8009577768784569, 0.5901794145420209, 0.35832321597194133, 0.3161675435046541, 0.18970052610279248, 0.0, -0.04215567246728701, -0.02107783623364362, -0.02107783623364362, 0.04215567246728724, 0.04215567246728724, 0.02107783623364362, -0.04215567246728701, -0.04215567246728701, -0.06323350870093063, 0.02107783623364362, 0.06323350870093086, 0.06323350870093086, 0.0, 0.0, 0.02107783623364362, 0.08431134493457448, 0.12646701740186173, 0.04215567246728724, 0.02107783623364362, 0.0, -0.02107783623364362, 0.04215567246728724, 0.06323350870093086, 0.1053891811682181, 0.02107783623364362, 0.0, 0.02107783623364362, 0.02107783623364362, 0.1053891811682181, 0.12646701740186173, 0.14754485363550535, 0.1053891811682181, 0.1053891811682181, 0.14754485363550535, 0.12646701740186173, 0.1053891811682181, 0.06323350870093086, 0.02107783623364362, 0.02107783623364362, 0.16862268986914897, 0.3372453797382977, 0.5269459058410902, 0.8852691218130314, 1.3068258464859037, 1.875927424794281, 2.550418184270876, 3.0352084176446787, 3.182753271280184, 2.9930527451773914, 3.0141305814110355, 3.245986779981115, 3.519998651018482, 3.730777013354918, 3.8572440307567795, 4.068022393093215, 4.110178065560502, 4.15233373802779, 4.363112100364226, 4.573890462700661, 4.594968298934305, 4.531734790233376, 4.320956427896938, 3.962633211924998, 3.351375961149333, 2.824430055308243, 2.1499392958316474, 1.6229933899905575, 1.0117361392148931, 0.2950897072710106, -0.3583232159719411, -0.9274247942803184, -1.3911371914204775, -1.6229933899905575, -1.5597598812896265, -1.433292863887765, -1.264670174018616, -1.1592809928503982, -1.117125320383111, -1.0960474841494674, -1.0328139754485366, -0.948502630513962, -0.7166464319438824, -0.5901794145420207, -0.569101578308377, -0.569101578308377, -0.52694590584109, -0.5901794145420207, -0.6112572507756643, -0.632335087009308, -0.569101578308377, -0.6112572507756643, -0.632335087009308, -0.632335087009308, -0.6112572507756643, -0.5480237420747337, -0.632335087009308, -0.6744907594765952, -0.6955685957102388, -0.6534129232429515, -0.6955685957102388, -0.7166464319438824, -0.7166464319438824, -0.737724268177526, -0.7588021044111697, -0.8009577768784569, -0.7798799406448133, -0.6744907594765952, -0.7588021044111697, -0.7798799406448133, -0.8009577768784569, -0.8009577768784569, -0.737724268177526, -0.737724268177526, -0.8220356131121003, -0.8220356131121003, -0.8641912855793875, -0.843113449345744, -0.8009577768784569, -0.7166464319438824, -0.737724268177526, -0.7588021044111697, -0.8009577768784569, -0.8220356131121003, -0.7798799406448133, -0.7166464319438824, -0.7166464319438824, -0.7166464319438824, -0.737724268177526, -0.737724268177526, -0.6955685957102388, -0.632335087009308, -0.737724268177526, -0.6955685957102388, -0.6955685957102388, -0.6955685957102388, -0.6534129232429515, -0.52694590584109, -0.569101578308377, -0.569101578308377, -0.5480237420747337, -0.5058680696074465, -0.52694590584109, -0.5058680696074465, -0.40047888843922835, -0.421556724672872, -0.4637123971401592, -0.4637123971401592, -0.4426345609065156]"
108,87,171188,N,N,N,V,0.87035304,False,0.003542898,0.09964824,0.87035304,0.020000996,0.006454832,"[0.4004788884392284, 0.3794010522055848, 0.3794010522055848, 0.3794010522055848, 0.44263456090651565, 0.48479023337380284, 0.5901794145420208, 0.632335087009308, 0.6955685957102389, 0.7166464319438824, 0.7798799406448133, 0.9274247942803184, 0.9695804667476057, 0.948502630513962, 0.8852691218130313, 0.8220356131121005, 0.8641912855793877, 1.0117361392148927, 1.1592809928503982, 1.2435923377849727, 1.2646701740186161, 1.1803588290840417, 1.2435923377849727, 1.3068258464859033, 1.3068258464859033, 1.1592809928503982, 0.948502630513962, 0.7166464319438824, 0.5691015783083773, 0.4637123971401592, 0.3583232159719412, 0.10538918116821798, 0.04215567246728724, -0.02107783623364362, 0.06323350870093086, 0.08431134493457436, 0.1264670174018616, 0.06323350870093086, 0.04215567246728724, 0.06323350870093086, 0.06323350870093086, 0.08431134493457436, 0.04215567246728724, 0.06323350870093086, 0.0, -0.02107783623364362, 0.0, 0.04215567246728724, 0.04215567246728724, -0.02107783623364362, -0.04215567246728724, -0.02107783623364362, 0.02107783623364362, 0.1897005261027924, 0.16862268986914883, 0.1264670174018616, 0.04215567246728724, -0.04215567246728724, 0.0, 0.06323350870093086, 0.10538918116821798, 0.10538918116821798, 0.0, -0.02107783623364362, 0.06323350870093086, 0.10538918116821798, 0.1475448536355052, 0.06323350870093086, -0.02107783623364362, -0.02107783623364362, 0.06323350870093086, 0.1264670174018616, 0.16862268986914883, 0.316167543504654, 0.632335087009308, 1.0749696479158237, 1.6651490624578444, 2.2974841494671527, 2.845507891541886, 3.16167543504654, 3.0773640901119657, 2.9930527451773914, 3.119519762579253, 3.3724537973829762, 3.541076487252125, 3.562154323485769, 3.604309995953056, 3.6253878321866995, 3.7729326858222048, 4.046944556859572, 4.173411574261433, 4.1312559017941455, 4.004788884392284, 3.68862134088763, 3.2459867799811146, 2.676885201672737, 2.0656279508970727, 1.6019155537569136, 1.0117361392148927, 0.3372453797382976, -0.2950897072710104, -0.8220356131121004, -1.222514501551329, -1.5386820450559828, -1.4965263725886955, -1.3489815189531902, -1.1803588290840417, -1.0749696479158237, -1.0328139754485366, -0.9695804667476057, -0.8852691218130312, -0.843113449345744, -0.7377242681775261, -0.6534129232429516, -0.5691015783083772, -0.5269459058410899, -0.5269459058410899, -0.5269459058410899, -0.5480237420747335, -0.5480237420747335, -0.5901794145420207, -0.6534129232429516, -0.6112572507756644, -0.632335087009308, -0.6112572507756644, -0.5901794145420207, -0.5480237420747335, -0.632335087009308, -0.6955685957102389, -0.8009577768784567, -0.7377242681775261, -0.7166464319438824, -0.6744907594765952, -0.7166464319438824, -0.7588021044111697, -0.7798799406448131, -0.7588021044111697, -0.7798799406448131, -0.7588021044111697, -0.7588021044111697, -0.7798799406448131, -0.843113449345744, -0.7798799406448131, -0.7166464319438824, -0.7377242681775261, -0.7588021044111697, -0.7798799406448131, -0.7377242681775261, -0.8220356131121004, -0.7377242681775261, -0.8009577768784567, -0.7798799406448131, -0.7588021044111697, -0.6955685957102389, -0.7166464319438824, -0.7166464319438824, -0.7166464319438824, -0.7166464319438824, -0.6744907594765952, -0.7166464319438824, -0.7798799406448131, -0.7798799406448131, -0.6744907594765952, -0.632335087009308, -0.6744907594765952, -0.6955685957102389, -0.632335087009308, -0.6112572507756644, -0.5480237420747335, -0.632335087009308, -0.5901794145420207, -0.5691015783083772, -0.5058680696074466, -0.42155672467287203, -0.44263456090651565, -0.44263456090651565, -0.42155672467287203, -0.42155672467287203, -0.33724537973829755, -0.2950897072710104]"
104,66,557513,N,N,N,V,0.9106493,False,0.0035477986,0.061657727,0.9106493,0.017657423,0.006487847,"[0.3566272981140619, 0.2946051593116164, 0.2946051593116164, 0.3101106940122278, 0.3256162287128392, 0.3101106940122278, 0.2325830205091709, 0.2015719511079481, 0.17056088170672531, 0.2015719511079481, 0.2170774858085595, 0.17056088170672531, 0.1550553470061139, 0.1550553470061139, 0.1550553470061139, 0.17056088170672531, 0.1550553470061139, 0.1550553470061139, 0.1085387429042798, 0.0930332082036684, 0.1085387429042798, 0.12404427760489119, 0.1395498123055026, 0.0930332082036684, 0.1085387429042798, 0.031011069401222797, 0.062022138802445594, 0.0930332082036684, 0.0930332082036684, 0.0465166041018342, 0.07752767350305699, 0.0465166041018342, 0.0465166041018342, 0.07752767350305699, 0.0930332082036684, 0.0930332082036684, 0.062022138802445594, 0.0465166041018342, 0.031011069401222797, 0.062022138802445594, 0.0465166041018342, 0.015505534700611398, -0.015505534700611227, -0.015505534700611227, 0.031011069401222797, 0.015505534700611398, 0.07752767350305699, 0.0465166041018342, 0.0, -0.015505534700611227, 0.0, 0.031011069401222797, 0.031011069401222797, 0.015505534700611398, 0.0, -0.031011069401222627, 0.015505534700611398, 0.031011069401222797, 0.0465166041018342, 0.015505534700611398, 0.0, 0.0, 0.031011069401222797, 0.062022138802445594, 0.0465166041018342, 0.031011069401222797, 0.0, -0.015505534700611227, 0.031011069401222797, 0.062022138802445594, 0.07752767350305699, 0.062022138802445594, 0.015505534700611398, 0.0, 0.062022138802445594, 0.2170774858085595, 0.3721328328146733, 0.5271881798207873, 0.7287601309287353, 0.8372988738330148, 1.0853874290427972, 1.3024649148513565, 1.56605900476175, 1.783136490570309, 2.1087527192831486, 2.5118966214990444, 2.961557127816775, 3.411217634134505, 3.814361536350401, 4.046944556859572, 4.201999903865685, 4.015933487458349, 3.643800654643676, 3.1321180095235, 2.527402156199656, 1.9071807681752004, 1.3799925883544135, 0.961343151437906, 0.604715853323844, 0.3101106940122278, -0.07752767350305682, -0.43415497161711863, -0.6357269227250667, -0.7597712003299578, -0.7597712003299578, -0.7597712003299578, -0.7442656656293465, -0.7132545962281237, -0.7442656656293465, -0.7442656656293465, -0.728760130928735, -0.6977490615275123, -0.7132545962281237, -0.7132545962281237, -0.6822435268269008, -0.7597712003299578, -0.7132545962281237, -0.6977490615275123, -0.651232457425678, -0.7132545962281237, -0.7132545962281237, -0.7442656656293465, -0.6822435268269008, -0.6667379921262895, -0.651232457425678, -0.6977490615275123, -0.7132545962281237, -0.6977490615275123, -0.6822435268269008, -0.6977490615275123, -0.6667379921262895, -0.6357269227250667, -0.7132545962281237, -0.7442656656293465, -0.7132545962281237, -0.6667379921262895, -0.651232457425678, -0.6822435268269008, -0.7132545962281237, -0.7597712003299578, -0.7442656656293465, -0.7442656656293465, -0.6822435268269008, -0.7132545962281237, -0.728760130928735, -0.7752767350305693, -0.7597712003299578, -0.7132545962281237, -0.728760130928735, -0.728760130928735, -0.806287804431792, -0.8217933391324035, -0.7752767350305693, -0.7752767350305693, -0.7752767350305693, -0.7907822697311807, -0.8217933391324035, -0.8217933391324035, -0.806287804431792, -0.806287804431792, -0.806287804431792, -0.7907822697311807, -0.8217933391324035, -0.8683099432342376, -0.8683099432342376, -0.8217933391324035, -0.8372988738330148, -0.8838154779348487, -0.9303320820366829, -0.9458376167372943, -0.9148265473360715, -0.8683099432342376, -0.8528044085336263, -0.8683099432342376, -0.9303320820366829, -0.89932101263546, -0.8838154779348487, -0.8528044085336263, -0.8683099432342376, -0.8838154779348487]"
108,87,239205,N,N,N,V,0.87809515,False,0.003550052,0.09148127,0.87809515,0.020564355,0.0063091964,"[0.2325830205091707, 0.1860664164073365, 0.11629151025458535, 0.11629151025458535, 0.2093247184582536, 0.2325830205091707, 0.2325830205091707, 0.30235792666192185, 0.348874530763756, 0.32561622871283896, 0.4419077389674243, 0.5116826451201756, 0.4651660410183414, 0.5349409471710926, 0.5349409471710926, 0.6744907594765951, 0.7442656656293463, 0.9303320820366829, 0.976848686138517, 1.0233652902403512, 1.0698818943421853, 1.0698818943421853, 1.0466235922912683, 1.1629151025458537, 1.232690008698605, 1.3954981230550245, 1.3954981230550245, 1.2559483107495222, 1.2559483107495222, 1.186173404596771, 1.0001069881894342, 0.7907822697311805, 0.5349409471710926, 0.32561622871283896, 0.2325830205091707, 0.13954981230550245, 0.0, -0.06977490615275128, -0.09303320820366838, -0.06977490615275128, 0.023258302050916967, 0.11629151025458535, 0.06977490615275116, 0.06977490615275116, 0.0, -0.04651660410183419, 0.0, 0.11629151025458535, 0.09303320820366826, 0.09303320820366826, -0.023258302050917095, 0.0, 0.06977490615275116, 0.13954981230550245, 0.13954981230550245, 0.11629151025458535, 0.09303320820366826, 0.0, -0.023258302050917095, 0.06977490615275116, 0.09303320820366826, 0.04651660410183406, 0.04651660410183406, 0.04651660410183406, 0.11629151025458535, 0.1628081143564194, 0.13954981230550245, 0.09303320820366826, 0.0, 0.023258302050916967, 0.023258302050916967, 0.06977490615275116, 0.06977490615275116, 0.11629151025458535, 0.1860664164073365, 0.39539113486559024, 0.8372988738330147, 1.4420147271568586, 2.0699888825316193, 2.7444796420082147, 2.9770626625173855, 2.837512850211883, 2.790996246110049, 2.9770626625173855, 3.25616228712839, 3.4887453076375614, 3.7213283281467318, 3.8608781404522343, 4.000427952757737, 4.186494369165073, 4.419077389674244, 4.4655939937760785, 4.419077389674244, 4.163236067114156, 3.6980700260958153, 3.0700958707210533, 2.372346809193542, 1.7908892579206148, 1.186173404596771, 0.30235792666192185, -0.6047158533238439, -1.232690008698605, -1.837405862022449, -2.023472278429786, -1.9304390702261174, -1.628081143564195, -1.3954981230550247, -1.3489815189531904, -1.2792066128004391, -1.186173404596771, -1.1163984984440196, -1.0233652902403514, -0.6977490615275124, -0.6047158533238439, -0.5814575512729269, -0.6047158533238439, -0.6279741553747611, -0.6512324574256781, -0.5814575512729269, -0.5349409471710926, -0.6279741553747611, -0.6744907594765952, -0.6744907594765952, -0.6744907594765952, -0.7210073635784294, -0.6512324574256781, -0.6977490615275124, -0.7907822697311807, -0.7675239676802637, -0.6977490615275124, -0.6744907594765952, -0.6744907594765952, -0.6744907594765952, -0.7442656656293465, -0.8140405717820975, -0.8372988738330147, -0.8140405717820975, -0.7442656656293465, -0.7210073635784294, -0.8140405717820975, -0.8372988738330147, -0.8372988738330147, -0.7907822697311807, -0.7442656656293465, -0.7675239676802637, -0.7907822697311807, -0.8838154779348488, -0.907073779985766, -0.8140405717820975, -0.7675239676802637, -0.7675239676802637, -0.7442656656293465, -0.8140405717820975, -0.8372988738330147, -0.7675239676802637, -0.7907822697311807, -0.8372988738330147, -0.8140405717820975, -0.7442656656293465, -0.6977490615275124, -0.6744907594765952, -0.6744907594765952, -0.7210073635784294, -0.7210073635784294, -0.6977490615275124, -0.6977490615275124, -0.6744907594765952, -0.5814575512729269, -0.5581992492220098, -0.6047158533238439, -0.6047158533238439, -0.6047158533238439, -0.5581992492220098, -0.6047158533238439, -0.5581992492220098, -0.5349409471710926, -0.48842434306925875, -0.46516604101834164, -0.4419077389674246, -0.39539113486559035]"
108,87,206305,N,N,N,V,0.9077207,False,0.0035573402,0.06772945,0.9077207,0.015087262,0.0059052845,"[0.23933543078201777, 0.3481242629556622, 0.36988202939039105, 0.3481242629556622, 0.30460873008620437, 0.2610931972167467, 0.2828509636514756, 0.32636649652093325, 0.36988202939039105, 0.41339756225984886, 0.5004286279987643, 0.5221863944334932, 0.5004286279987643, 0.5004286279987643, 0.5874596937376798, 0.7832795916502399, 0.9138261902586131, 0.9573417231280709, 0.9573417231280709, 0.9573417231280709, 1.0008572559975286, 1.0661305553017153, 1.109646088171173, 1.0661305553017153, 1.0878883217364441, 1.109646088171173, 1.2184349203448175, 1.2837082196490042, 1.327223752518462, 1.3489815189531906, 1.2837082196490042, 1.109646088171173, 0.9573417231280709, 0.7832795916502399, 0.6092174601724087, 0.45691309512930656, 0.30460873008620437, 0.1523043650431023, 0.0435155328694578, 0.0, 0.0217577664347289, 0.0435155328694578, -0.0435155328694578, 0.0, -0.0217577664347289, 0.0652732993041867, 0.0870310657389156, 0.0652732993041867, -0.0435155328694578, 0.0217577664347289, 0.0652732993041867, 0.1305465986083734, 0.0435155328694578, -0.10878883217364425, -0.15230436504310207, -0.10878883217364425, 0.0, 0.0652732993041867, 0.1087888321736445, 0.1305465986083734, 0.0870310657389156, 0.1305465986083734, 0.0652732993041867, 0.0435155328694578, 0.0435155328694578, 0.0, -0.0435155328694578, -0.0217577664347289, 0.0435155328694578, 0.1087888321736445, 0.0870310657389156, 0.0652732993041867, 0.0217577664347289, 0.0870310657389156, 0.2610931972167467, 0.5657019273029509, 0.9138261902586131, 1.2184349203448175, 1.6753480154741238, 2.2628077092118035, 2.8285096365147546, 3.0460873008620433, 2.9155407022536703, 2.8502674029494837, 2.937298468688399, 3.1766338994704166, 3.30718049807879, 3.3942115638177057, 3.3942115638177057, 3.3942115638177057, 3.524758162426079, 3.655304761034452, 3.6770625274691806, 3.6117892281649944, 3.3724537973829767, 2.7197208043411103, 2.0669878112992435, 1.5665591833004793, 1.0008572559975286, 0.3481242629556622, -0.4351553286945775, -1.1314038546059018, -1.653590249039395, -1.7406213147783105, -1.5012858839962926, -1.2401926867795463, -1.066130555301715, -1.066130555301715, -1.0443727888669863, -0.9355839566933417, -0.7832795916502396, -0.6309752266071373, -0.6744907594765952, -0.6744907594765952, -0.6962485259113241, -0.6092174601724085, -0.5874596937376798, -0.6092174601724085, -0.6309752266071373, -0.6744907594765952, -0.718006292346053, -0.7397640587807819, -0.6527329930418663, -0.5657019273029509, -0.5657019273029509, -0.5874596937376798, -0.6962485259113241, -0.6092174601724085, -0.5657019273029509, -0.5657019273029509, -0.6744907594765952, -0.7615218252155108, -0.8485528909544264, -0.8485528909544264, -0.7397640587807819, -0.6962485259113241, -0.6309752266071373, -0.6309752266071373, -0.718006292346053, -0.7397640587807819, -0.718006292346053, -0.6962485259113241, -0.718006292346053, -0.6962485259113241, -0.7832795916502396, -0.7615218252155108, -0.7397640587807819, -0.7397640587807819, -0.7832795916502396, -0.8050373580849686, -0.7832795916502396, -0.6962485259113241, -0.6962485259113241, -0.6744907594765952, -0.7397640587807819, -0.8050373580849686, -0.8050373580849686, -0.8050373580849686, -0.718006292346053, -0.6744907594765952, -0.6309752266071373, -0.6527329930418663, -0.718006292346053, -0.6527329930418663, -0.6527329930418663, -0.6309752266071373, -0.6744907594765952, -0.6962485259113241, -0.6962485259113241, -0.6092174601724085, -0.5657019273029509, -0.5439441608682221, -0.5439441608682221, -0.5221863944334931, -0.5874596937376798, -0.5439441608682221, -0.5439441608682221, -0.5439441608682221, -0.5004286279987642, -0.5874596937376798]"
104,66,589936,N,N,N,V,0.9336643,False,0.0035740442,0.039317094,0.9336643,0.01611761,0.0073269717,"[0.21994263895975924, 0.205279796362442, 0.19061695376512472, 0.21994263895975924, 0.21994263895975924, 0.21994263895975924, 0.19061695376512472, 0.11730274077853822, 0.08797705558390363, 0.14662842597317283, 0.16129126857049012, 0.16129126857049012, 0.10263989818122092, 0.10263989818122092, 0.10263989818122092, 0.1319655833758555, 0.11730274077853822, 0.1319655833758555, 0.11730274077853822, 0.11730274077853822, 0.07331421298658633, 0.10263989818122092, 0.11730274077853822, 0.11730274077853822, 0.11730274077853822, 0.08797705558390363, 0.07331421298658633, 0.10263989818122092, 0.08797705558390363, 0.10263989818122092, 0.10263989818122092, 0.029325685194634597, 0.04398852779195189, 0.058651370389269195, 0.058651370389269195, 0.07331421298658633, 0.04398852779195189, 0.04398852779195189, 0.04398852779195189, 0.04398852779195189, 0.058651370389269195, 0.029325685194634597, 0.029325685194634597, -0.014662842597317299, -0.014662842597317299, 0.0, 0.04398852779195189, 0.04398852779195189, 0.0, -0.014662842597317299, -0.014662842597317299, 0.014662842597317299, 0.058651370389269195, 0.014662842597317299, 0.014662842597317299, 0.014662842597317299, 0.0, 0.014662842597317299, 0.04398852779195189, 0.029325685194634597, -0.014662842597317299, -0.029325685194634597, -0.014662842597317299, 0.029325685194634597, 0.058651370389269195, 0.058651370389269195, 0.0, 0.029325685194634597, 0.014662842597317299, 0.04398852779195189, 0.058651370389269195, 0.058651370389269195, 0.04398852779195189, -0.029325685194634597, 0.0, 0.04398852779195189, 0.14662842597317283, 0.27859400934902845, 0.43988527791951854, 0.5865137038926914, 0.7624678150604989, 0.9824104540202581, 1.1876902503827003, 1.392970046745142, 1.642238370899536, 1.9501580654431991, 2.3900433433627173, 2.9032428342688226, 3.3724537973829753, 3.768350547510542, 4.0176188716649355, 4.090933084651523, 3.841664760497128, 3.4164423251749274, 2.815265778684919, 2.0674608062217374, 1.3636443615505074, 0.7771306576578162, 0.45454812051683585, 0.2932568519463457, -0.04398852779195189, -0.410559592724884, -0.6305022316846434, -0.7184792872685472, -0.7184792872685472, -0.7184792872685472, -0.7038164446712298, -0.6598279168792779, -0.6891536020739125, -0.7184792872685472, -0.7331421298658645, -0.7184792872685472, -0.7038164446712298, -0.6744907594765952, -0.6744907594765952, -0.6744907594765952, -0.7038164446712298, -0.6744907594765952, -0.6598279168792779, -0.6891536020739125, -0.7184792872685472, -0.7038164446712298, -0.7184792872685472, -0.7184792872685472, -0.6891536020739125, -0.6891536020739125, -0.7038164446712298, -0.7331421298658645, -0.7624678150604987, -0.7184792872685472, -0.6891536020739125, -0.7038164446712298, -0.7331421298658645, -0.7917935002551333, -0.8064563428524506, -0.7331421298658645, -0.7331421298658645, -0.7478049724631817, -0.7624678150604987, -0.7917935002551333, -0.8357820280470852, -0.8064563428524506, -0.7917935002551333, -0.7917935002551333, -0.8064563428524506, -0.8211191854497679, -0.8504448706444024, -0.8211191854497679, -0.7917935002551333, -0.8211191854497679, -0.8797705558390371, -0.8944333984363544, -0.8797705558390371, -0.9090962410336717, -0.8797705558390371, -0.8944333984363544, -0.923759083630989, -0.923759083630989, -0.923759083630989, -0.9384219262283062, -0.9090962410336717, -0.9384219262283062, -0.9677476114229409, -0.9824104540202582, -1.0117361392148927, -0.9677476114229409, -0.9384219262283062, -0.923759083630989, -0.9530847688256235, -0.9677476114229409, -0.9970732966175755, -0.9677476114229409, -0.9530847688256235, -0.9530847688256235, -0.9530847688256235, -0.9530847688256235, -0.9530847688256235, -0.923759083630989, -0.8944333984363544, -0.8797705558390371]"
108,87,257615,N,N,N,V,0.87630695,False,0.0036096796,0.09209504,0.87630695,0.02166081,0.0063275257,"[0.20052427984439322, 0.14583583988683138, 0.18229479985853927, 0.25521271980195503, 0.4192780396746404, 0.4921959596180562, 0.47396647963220223, 0.5286549195897641, 0.47396647963220223, 0.47396647963220223, 0.47396647963220223, 0.40104855968878644, 0.4192780396746404, 0.546884399575618, 0.6198023195190338, 0.6380317995048876, 0.7291791994341573, 0.802097119377573, 0.802097119377573, 0.8385560793492809, 0.9114739992926966, 0.9479329592644045, 1.075539319165382, 1.0390803591936741, 1.0208508792078201, 1.0573098391795281, 1.0026213992219664, 0.9479329592644045, 0.8385560793492809, 0.7656381594058651, 0.6562612794907415, 0.4921959596180562, 0.3099011597595169, 0.25521271980195503, 0.18229479985853927, 0.05468843995756184, 0.0, -0.036458959971707894, 0.0, -0.018229479985853947, 0.05468843995756184, 0.07291791994341579, 0.07291791994341579, 0.10937687991512368, 0.036458959971707894, 0.018229479985853947, 0.0, -0.036458959971707894, -0.05468843995756184, -0.09114739992926973, -0.036458959971707894, 0.05468843995756184, 0.07291791994341579, 0.07291791994341579, 0.0, -0.036458959971707894, -0.018229479985853947, 0.0, 0.0, 0.0, 0.05468843995756184, 0.05468843995756184, 0.036458959971707894, 0.0, 0.036458959971707894, 0.0, 0.05468843995756184, 0.07291791994341579, 0.05468843995756184, 0.09114739992926973, 0.036458959971707894, 0.036458959971707894, 0.05468843995756184, 0.12760635990097763, 0.43750751966049434, 0.8203265993634269, 1.1849161990805055, 1.5495057987975842, 1.9870133184580787, 2.3333734381893034, 2.424520838118573, 2.3333734381893034, 2.351602918175157, 2.4427503181044266, 2.588586157991258, 2.6797335579205277, 2.8620283577790673, 2.953175757708337, 3.0078641976658984, 3.0807821176093144, 3.208388477510292, 3.244847437482, 3.208388477510292, 3.0990115975951684, 2.8620283577790673, 2.3333734381893034, 1.7318005986561233, 1.1302277591229437, 0.6015728395331797, 0.18229479985853927, -0.3099011597595169, -0.8750150393209887, -1.3307520389673368, -1.6771121586985616, -1.7500300786419773, -1.6224237187409998, -1.3854404789248989, -1.294293078995629, -1.2396046390380673, -1.294293078995629, -1.2396046390380673, -1.1302277591229435, -0.9297034792785505, -0.7838676393917189, -0.6927202394624492, -0.5833433595473259, -0.47396647963220223, -0.43750751966049434, -0.47396647963220223, -0.546884399575618, -0.6744907594765952, -0.7109497194483031, -0.6744907594765952, -0.5286549195897641, -0.47396647963220223, -0.43750751966049434, -0.546884399575618, -0.6744907594765952, -0.6927202394624492, -0.565113879561472, -0.546884399575618, -0.5833433595473259, -0.765638159405865, -0.8385560793492808, -0.8020971193775729, -0.747408679420011, -0.7291791994341571, -0.7838676393917189, -0.8203265993634268, -0.8750150393209887, -0.8020971193775729, -0.747408679420011, -0.7291791994341571, -0.6744907594765952, -0.7838676393917189, -0.8932445193068426, -0.9114739992926966, -0.8203265993634268, -0.765638159405865, -0.765638159405865, -0.9297034792785505, -1.0573098391795281, -0.9843919192361124, -0.8203265993634268, -0.6744907594765952, -0.6198023195190338, -0.7291791994341571, -0.8932445193068426, -0.9479329592644045, -0.9114739992926966, -0.8750150393209887, -0.8385560793492808, -0.7838676393917189, -0.7838676393917189, -0.7109497194483031, -0.7838676393917189, -0.8203265993634268, -0.765638159405865, -0.7838676393917189, -0.765638159405865, -0.7109497194483031, -0.6198023195190338, -0.5833433595473259, -0.6380317995048878, -0.6744907594765952, -0.6562612794907416, -0.5833433595473259, -0.5286549195897641, -0.546884399575618, -0.5286549195897641]"
104,66,133334,N,N,N,V,0.92200255,False,0.0036114212,0.049511284,0.92200255,0.018185437,0.0066892393,"[-0.04305260166871883, -0.014350867222906292, 0.0, 0.028701734445812543, 0.04305260166871883, -0.014350867222906292, -0.04305260166871883, 0.0, 0.08610520333743767, 0.1291578050061565, 0.14350867222906277, 0.1291578050061565, 0.08610520333743767, 0.11480693778325021, 0.15785953945196904, 0.15785953945196904, 0.18656127389778163, 0.18656127389778163, 0.18656127389778163, 0.2152630083435942, 0.258315610012313, 0.28701734445812555, 0.28701734445812555, 0.30136821168103184, 0.2726664772352193, 0.258315610012313, 0.258315610012313, 0.22961387556650042, 0.17221040667487533, 0.1291578050061565, 0.08610520333743767, 0.1291578050061565, 0.10045607056034392, 0.10045607056034392, 0.1291578050061565, 0.1291578050061565, 0.057403468891625085, 0.028701734445812543, 0.014350867222906252, 0.028701734445812543, 0.08610520333743767, 0.07175433611453139, 0.028701734445812543, 0.0, 0.0, -0.014350867222906292, 0.028701734445812543, 0.10045607056034392, 0.10045607056034392, 0.1291578050061565, 0.07175433611453139, 0.057403468891625085, 0.028701734445812543, 0.057403468891625085, 0.07175433611453139, 0.07175433611453139, 0.07175433611453139, 0.07175433611453139, 0.08610520333743767, 0.04305260166871883, -0.028701734445812584, -0.028701734445812584, 0.014350867222906252, 0.028701734445812543, 0.057403468891625085, 0.057403468891625085, 0.04305260166871883, 0.08610520333743767, 0.17221040667487533, 0.18656127389778163, 0.18656127389778163, 0.14350867222906277, 0.10045607056034392, 0.10045607056034392, 0.1291578050061565, 0.15785953945196904, 0.30136821168103184, 0.44487688391009467, 0.61708729058497, 0.8179994317056578, 1.0189115728263458, 1.2198237139470336, 1.3776832533990027, 1.5929462617425971, 1.8369110045320038, 2.2387352867733794, 2.640559569014755, 3.056734718479037, 3.4298572662746007, 3.716874610732726, 3.8890850174076017, 3.788628946847258, 3.4585590007204137, 2.9562786479186935, 2.3965948262253485, 1.8225601373090974, 1.291578050061565, 0.7749468300369391, 0.18656127389778163, -0.04305260166871883, -0.11480693778325021, -0.3444208133497507, -0.61708729058497, -0.8467011661514706, -0.8036485644827517, -0.7175433611453139, -0.7175433611453139, -0.7462450955911265, -0.7892976972598454, -0.7892976972598454, -0.7175433611453139, -0.6888416266995013, -0.6744907594765952, -0.6888416266995013, -0.6744907594765952, -0.61708729058497, -0.6027364233620638, -0.6457890250307826, -0.6888416266995013, -0.7318942283682203, -0.7175433611453139, -0.6888416266995013, -0.660139892253689, -0.660139892253689, -0.7031924939224077, -0.7318942283682203, -0.7749468300369391, -0.7605959628140329, -0.7462450955911265, -0.7031924939224077, -0.7175433611453139, -0.7318942283682203, -0.7462450955911265, -0.7462450955911265, -0.7318942283682203, -0.7462450955911265, -0.7749468300369391, -0.7749468300369391, -0.7892976972598454, -0.7605959628140329, -0.6888416266995013, -0.6744907594765952, -0.7462450955911265, -0.817999431705658, -0.8467011661514706, -0.8467011661514706, -0.8036485644827517, -0.817999431705658, -0.8036485644827517, -0.8467011661514706, -0.8323502989285643, -0.8036485644827517, -0.7318942283682203, -0.7318942283682203, -0.7462450955911265, -0.8323502989285643, -0.8897537678201893, -0.9328063694889082, -0.8467011661514706, -0.817999431705658, -0.7749468300369391, -0.7749468300369391, -0.8036485644827517, -0.8323502989285643, -0.875402900597283, -0.875402900597283, -0.9184555022660019, -0.8897537678201893, -0.9041046350430956, -0.8610520333743769, -0.8610520333743769, -0.8323502989285643, -0.8467011661514706, -0.8467011661514706, -0.8467011661514706, -0.7605959628140329, -0.7462450955911265, -0.7318942283682203, -0.7462450955911265, -0.8036485644827517]"
108,87,185508,N,N,N,V,0.8643076,False,0.0036117358,0.10414097,0.8643076,0.021328982,0.0066107605,"[0.12847443037649434, 0.12847443037649434, 0.2141240506274905, 0.3425984810039848, 0.42824810125498114, 0.40683569619223203, 0.47107291138047913, 0.4496605063177302, 0.40683569619223203, 0.49248531644322824, 0.6423721518824717, 0.6209597468197227, 0.6637845569452206, 0.6637845569452206, 0.7066093670707188, 0.8350837974472132, 0.8779086075727113, 0.9635582278237075, 1.0920326582002018, 1.0920326582002018, 1.0492078480747036, 1.0492078480747036, 1.0920326582002018, 1.156269873388449, 1.2847443037649433, 1.3275691138904413, 1.2847443037649433, 1.3061567088276924, 1.1348574683257, 1.0277954430119547, 0.8136713923844641, 0.6423721518824717, 0.47107291138047913, 0.40683569619223203, 0.3640108860667339, 0.19271164556474155, 0.021412405062749072, -0.042824810125498144, -0.06423721518824722, 0.021412405062749072, 0.08564962025099618, 0.06423721518824722, -0.08564962025099629, -0.08564962025099629, -0.042824810125498144, 0.042824810125498144, 0.12847443037649434, 0.10706202531374524, 0.042824810125498144, -0.021412405062749072, 0.021412405062749072, 0.021412405062749072, 0.021412405062749072, 0.06423721518824722, 0.042824810125498144, 0.0, 0.0, -0.021412405062749072, -0.021412405062749072, 0.042824810125498144, 0.021412405062749072, 0.0, 0.021412405062749072, 0.10706202531374524, 0.17129924050199247, 0.08564962025099618, 0.08564962025099618, 0.06423721518824722, 0.08564962025099618, 0.17129924050199247, 0.10706202531374524, 0.08564962025099618, 0.08564962025099618, 0.10706202531374524, 0.042824810125498144, 0.2141240506274905, 0.5138977215059773, 0.9421458227609584, 1.4774559493296846, 2.1412405062749054, 2.7836126581573772, 3.2332731644751074, 3.2760979746006056, 3.190448354349609, 3.3617475948516016, 3.597284050541841, 3.85423291129483, 4.025532151796822, 4.282481012549811, 4.410955442926306, 4.518017468240052, 4.732141518867541, 4.817791139118538, 4.774966328993039, 4.5608422783655485, 3.897057721420328, 2.954911898659369, 2.1626529113376547, 1.4774559493296846, 0.7066093670707188, -0.19271164556474144, -0.9207334176982095, -1.541693164517932, -1.7344048100826734, -1.6701675948944263, -1.3918063290786884, -1.2633318987021944, -1.199094683513947, -1.156269873388449, -1.113445063262951, -0.9849706328864565, -0.7494341771962169, -0.6209597468197227, -0.5781349366942246, -0.5995473417569736, -0.5995473417569736, -0.6423721518824718, -0.6209597468197227, -0.5995473417569736, -0.6209597468197227, -0.6423721518824718, -0.6637845569452208, -0.6637845569452208, -0.6637845569452208, -0.5995473417569736, -0.6423721518824718, -0.7280217721334677, -0.7494341771962169, -0.8136713923844641, -0.7280217721334677, -0.6851969620079696, -0.6851969620079696, -0.7922589873217151, -0.8564962025099623, -0.8779086075727113, -0.8564962025099623, -0.770846582258966, -0.8136713923844641, -0.8136713923844641, -0.8779086075727113, -0.8350837974472132, -0.8564962025099623, -0.7494341771962169, -0.8136713923844641, -0.8350837974472132, -0.8779086075727113, -0.8564962025099623, -0.8564962025099623, -0.8136713923844641, -0.7280217721334677, -0.770846582258966, -0.8136713923844641, -0.8993210126354604, -0.8564962025099623, -0.770846582258966, -0.7280217721334677, -0.7280217721334677, -0.7922589873217151, -0.770846582258966, -0.7922589873217151, -0.7280217721334677, -0.7280217721334677, -0.7066093670707188, -0.7494341771962169, -0.7922589873217151, -0.6637845569452208, -0.5995473417569736, -0.5995473417569736, -0.5995473417569736, -0.5995473417569736, -0.6209597468197227, -0.6209597468197227, -0.47107291138047913, -0.47107291138047913, -0.5353101265687263, -0.49248531644322824, -0.5138977215059773, -0.428248101254981, -0.36401088606673404, -0.3854232911294831]"
108,87,179500,N,N,N,V,0.8512745,False,0.0036267012,0.11459291,0.8512745,0.023894267,0.0066116173,"[0.16862268986914877, 0.26979630379063807, 0.28665857277755297, 0.30352084176446786, 0.26979630379063807, 0.23607176581680836, 0.32038311075138276, 0.40469445568595713, 0.48900580062053156, 0.48900580062053156, 0.5058680696074465, 0.5395926075812763, 0.5901794145420208, 0.6744907594765953, 0.708215297450425, 0.7588021044111697, 0.7419398354242548, 0.7250775664373399, 0.7756643733980845, 0.859975718332659, 0.8937002563064887, 0.9274247942803185, 0.9780116012410631, 0.9780116012410631, 0.9105625252934036, 0.7756643733980845, 0.6239039525158506, 0.4721435316336167, 0.42155672467287203, 0.3541076487252125, 0.21920949682989346, 0.03372453797382979, 0.0, -0.016862268986914897, 0.016862268986914897, 0.0, 0.03372453797382979, 0.0505868069607446, 0.016862268986914897, 0.016862268986914897, -0.016862268986914897, -0.08431134493457439, -0.03372453797382979, -0.03372453797382979, -0.05058680696074469, -0.016862268986914897, -0.016862268986914897, -0.03372453797382979, -0.03372453797382979, 0.0505868069607446, 0.08431134493457439, 0.08431134493457439, 0.08431134493457439, 0.08431134493457439, 0.11803588290840418, 0.1348981518953191, 0.08431134493457439, 0.03372453797382979, 0.016862268986914897, 0.0505868069607446, 0.18548495885606367, 0.2529340348037232, 0.2529340348037232, 0.18548495885606367, 0.1348981518953191, 0.10117361392148928, 0.16862268986914877, 0.28665857277755297, 0.20234722784297857, 0.08431134493457439, 0.0505868069607446, 0.03372453797382979, 0.15176042088223388, 0.3709699177121274, 0.6576284904896804, 1.0285984082018078, 1.4838796708485096, 2.0571968164036156, 2.5293403480372323, 2.7316875758802106, 2.613651692971807, 2.6473762309456363, 2.86658572777553, 3.018346148657764, 3.1363820315661677, 3.2206933765007424, 3.3387292594091464, 3.4904896802913803, 3.726561446108189, 3.996357749898827, 4.164980439767977, 4.063806825846487, 3.9120464049642525, 3.6759746391474444, 3.1363820315661677, 2.4618912720895727, 1.9560232024821262, 1.719951436665318, 1.5850532847699987, 1.1803588290840417, 0.3541076487252125, -0.5901794145420209, -1.2309456360447864, -1.2646701740186161, -0.9780116012410632, -0.8431134493457441, -0.8431134493457441, -0.9105625252934036, -0.859975718332659, -0.7925266423849995, -0.6913530284635101, -0.6070416835289358, -0.5395926075812763, -0.5564548765681911, -0.5058680696074465, -0.48900580062053156, -0.5058680696074465, -0.5227303385943614, -0.5227303385943614, -0.5564548765681911, -0.48900580062053156, -0.48900580062053156, -0.5227303385943614, -0.5395926075812763, -0.5395926075812763, -0.6239039525158507, -0.6744907594765952, -0.6744907594765952, -0.7250775664373399, -0.6576284904896803, -0.6239039525158507, -0.6407662215027656, -0.6576284904896803, -0.6744907594765952, -0.6744907594765952, -0.708215297450425, -0.7419398354242548, -0.7756643733980846, -0.7419398354242548, -0.6913530284635101, -0.7250775664373399, -0.7419398354242548, -0.7588021044111697, -0.8431134493457441, -0.8262511803588293, -0.8093889113719144, -0.7756643733980846, -0.7588021044111697, -0.7250775664373399, -0.8093889113719144, -0.8431134493457441, -0.8093889113719144, -0.7588021044111697, -0.7419398354242548, -0.7250775664373399, -0.7925266423849995, -0.708215297450425, -0.708215297450425, -0.708215297450425, -0.7250775664373399, -0.708215297450425, -0.7250775664373399, -0.7250775664373399, -0.8093889113719144, -0.8093889113719144, -0.8093889113719144, -0.7756643733980846, -0.7756643733980846, -0.8262511803588293, -0.8262511803588293, -0.7756643733980846, -0.708215297450425, -0.6913530284635101, -0.6407662215027656, -0.6576284904896803, -0.6576284904896803, -0.6576284904896803, -0.6913530284635101, -0.7250775664373399, -0.6576284904896803]"
104,66,65057,N,N,N,V,0.8823195,False,0.0036283687,0.06991203,0.8823195,0.032839447,0.011300653,"[0.3822114303700706, 0.4046944556859569, 0.42717748100184344, 0.3372453797382976, 0.3147623544224111, 0.35972840505418413, 0.3822114303700706, 0.4046944556859569, 0.49462655694950297, 0.4721435316336165, 0.44966050631772997, 0.3372453797382976, 0.269796303790638, 0.11241512657943262, -0.06744907594765957, -0.022483025315886522, 0.0, 0.06744907594765957, 0.1348981518953189, 0.269796303790638, 0.4721435316336165, 0.49462655694950297, 0.24731327847475149, -0.044966050631773044, -0.22483025315886498, -0.17986420252709193, 0.24731327847475149, 0.7869058860560275, 1.034219164530779, 0.9442870632672331, 0.764422860740141, 0.629524708844822, 0.5620756328971626, 0.42717748100184344, 0.3822114303700706, 0.3372453797382976, 0.269796303790638, 0.20234722784297846, 0.08993210126354609, 0.06744907594765957, 0.11241512657943262, 0.08993210126354609, 0.0, -0.06744907594765957, -0.044966050631773044, 0.08993210126354609, 0.1573811772112054, 0.22483025315886498, 0.269796303790638, 0.269796303790638, 0.20234722784297846, 0.17986420252709193, 0.1573811772112054, 0.17986420252709193, 0.11241512657943262, 0.044966050631773044, 0.044966050631773044, 0.08993210126354609, 0.06744907594765957, 0.11241512657943262, 0.08993210126354609, 0.06744907594765957, 0.1348981518953189, 0.1348981518953189, 0.17986420252709193, 0.24731327847475149, 0.29227932910652454, 0.1348981518953189, -0.06744907594765957, -0.044966050631773044, 0.044966050631773044, 0.11241512657943262, 0.22483025315886498, 0.20234722784297846, 0.11241512657943262, 0.1348981518953189, 0.20234722784297846, 0.44966050631772997, 0.6744907594765951, 1.079185215162552, 1.3714645442690767, 1.6862268986914877, 1.9335401771662393, 2.2707855569045368, 2.6080309366428343, 3.012725392328791, 3.5523179999100676, 4.069427582175457, 4.5415711138090735, 4.923782544179144, 5.126129772022123, 5.081163721390349, 4.721435316336166, 4.069427582175457, 3.2150726201717696, 2.4956158100634016, 1.7536759746391473, 1.1466342911102116, 0.5620756328971626, 0.17986420252709193, -0.17986420252709193, -0.49462655694950297, -0.7419398354242548, -0.9667700885831194, -1.034219164530779, -0.9892531138990059, -0.8768379873195734, -0.8768379873195734, -0.8993210126354599, -0.9667700885831194, -1.079185215162552, -1.079185215162552, -0.944287063267233, -0.7644228607401412, -0.7194568101083683, -0.7419398354242548, -0.8318719366878008, -0.8543549620036873, -0.8318719366878008, -0.7869058860560277, -0.7644228607401412, -0.9218040379513465, -0.9218040379513465, -0.8543549620036873, -0.6969737847924817, -0.5845586582130491, -0.6070416835289356, -0.6969737847924817, -0.8093889113719143, -0.8768379873195734, -0.944287063267233, -1.034219164530779, -1.1691173164260982, -1.371464544269077, -1.371464544269077, -1.2140833670578712, -0.8768379873195734, -0.6070416835289356, -0.539592607581276, -0.5171095822653895, -0.5845586582130491, -0.5620756328971626, -0.5620756328971626, -0.5845586582130491, -0.6744907594765952, -0.6295247088448221, -0.6520077341607087, -0.7869058860560277, -0.9218040379513465, -1.1016682404784386, -1.1691173164260982, -1.1691173164260982, -1.1016682404784386, -0.9892531138990059, -0.8768379873195734, -0.7194568101083683, -0.7644228607401412, -0.9667700885831194, -1.1241512657943251, -1.1016682404784386, -1.034219164530779, -1.0117361392148925, -0.9667700885831194, -0.9667700885831194, -1.0117361392148925, -1.079185215162552, -1.1466342911102116, -1.1241512657943251, -1.1466342911102116, -1.2140833670578712, -1.2365663923737578, -1.2140833670578712, -1.1466342911102116, -1.1241512657943251, -1.1241512657943251, -1.1916003417419847, -1.1466342911102116, -1.1916003417419847, -1.2365663923737578, -1.2815324430055308]"
108,87,275687,N,N,N,V,0.870406,False,0.0036285822,0.09857792,0.870406,0.020956127,0.0064314473,"[0.12646701740186156, 0.14754485363550507, 0.23185619857007952, 0.31616754350465387, 0.31616754350465387, 0.29508970727101025, 0.3372453797382975, 0.4215567246728718, 0.44263456090651543, 0.5058680696074462, 0.46371239714015905, 0.5269459058410898, 0.5480237420747335, 0.6534129232429513, 0.779879940644813, 0.8220356131121002, 0.9063469580466746, 0.885269121813031, 0.885269121813031, 0.9695804667476053, 1.0117361392148925, 1.0538918116821798, 1.1171253203831106, 1.1592809928503975, 1.1803588290840412, 1.2225145015513286, 1.2857480102522594, 1.2225145015513286, 1.0749696479158235, 0.8431134493457437, 0.6323350870093077, 0.5269459058410898, 0.4215567246728718, 0.2529340348037231, 0.08431134493457434, 0.021077836233643496, -0.04215567246728723, -0.021077836233643614, 0.021077836233643496, 0.0, 0.0, -0.021077836233643614, 0.021077836233643496, 0.04215567246728711, 0.06323350870093072, 0.08431134493457434, 0.08431134493457434, 0.04215567246728711, -0.06323350870093085, 0.021077836233643496, 0.04215567246728711, 0.021077836233643496, 0.021077836233643496, 0.021077836233643496, -0.021077836233643614, -0.06323350870093085, 0.04215567246728711, 0.12646701740186156, 0.08431134493457434, 0.0, -0.021077836233643614, -0.021077836233643614, 0.04215567246728711, 0.12646701740186156, 0.10538918116821795, 0.08431134493457434, -0.021077836233643614, 0.04215567246728711, 0.06323350870093072, 0.08431134493457434, 0.06323350870093072, 0.021077836233643496, 0.12646701740186156, 0.2529340348037231, 0.6323350870093077, 1.0328139754485361, 1.4122150276541208, 1.9391609334952107, 2.5714960205045188, 3.0773640901119648, 3.2038311075138264, 3.0984419263456084, 3.0984419263456084, 3.3092202886820448, 3.4989208147848365, 3.709699177121273, 3.899399703224065, 4.110178065560501, 4.110178065560501, 4.089100229326857, 4.299878591663294, 4.510656953999729, 4.5738904627006605, 4.384189936597868, 3.9204775394577087, 3.2038311075138264, 2.4239511668690135, 1.7283825711587748, 1.096047484149467, 0.4215567246728718, -0.40047888843922846, -1.1382031566167543, -1.6440712262242005, -2.023472278429785, -2.0023944421961417, -1.7494604073924187, -1.4754485363550516, -1.3279036827195467, -1.2857480102522596, -1.2014366653176851, -1.0538918116821798, -0.948502630513962, -0.8852691218130311, -0.8009577768784566, -0.6534129232429515, -0.5480237420747335, -0.5058680696074462, -0.5480237420747335, -0.5691015783083772, -0.632335087009308, -0.6744907594765952, -0.632335087009308, -0.6112572507756644, -0.632335087009308, -0.632335087009308, -0.6534129232429515, -0.6744907594765952, -0.632335087009308, -0.632335087009308, -0.6744907594765952, -0.6955685957102388, -0.7166464319438824, -0.6955685957102388, -0.6955685957102388, -0.7166464319438824, -0.779879940644813, -0.8009577768784566, -0.7377242681775258, -0.8220356131121003, -0.8220356131121003, -0.8220356131121003, -0.8431134493457438, -0.8852691218130311, -0.8852691218130311, -0.8852691218130311, -0.8220356131121003, -0.7588021044111695, -0.7166464319438824, -0.779879940644813, -0.8852691218130311, -0.9274247942803183, -0.948502630513962, -0.9063469580466748, -0.9063469580466748, -1.0117361392148925, -1.096047484149467, -1.1803588290840414, -1.0328139754485361, -0.7377242681775258, -0.5269459058410899, -0.48479023337380267, -0.6112572507756644, -0.7377242681775258, -0.6744907594765952, -0.6955685957102388, -0.7377242681775258, -0.8009577768784566, -0.8220356131121003, -0.8431134493457438, -0.779879940644813, -0.6112572507756644, -0.5691015783083772, -0.5901794145420207, -0.5480237420747335, -0.5901794145420207, -0.5901794145420207, -0.5901794145420207, -0.6112572507756644, -0.6534129232429515, -0.6534129232429515]"
108,87,268510,N,N,N,V,0.8199046,False,0.003629263,0.12995644,0.8199046,0.03919641,0.0073133386,"[0.4419077389674244, 0.48842434306925864, 0.48842434306925864, 0.5349409471710928, 0.6512324574256781, 0.7210073635784293, 0.8838154779348488, 0.907073779985766, 0.8605571758839318, 0.7442656656293464, 0.6512324574256781, 0.5814575512729269, 0.6047158533238439, 0.5814575512729269, 0.6047158533238439, 0.6047158533238439, 0.6047158533238439, 0.5581992492220098, 0.5581992492220098, 0.5581992492220098, 0.48842434306925864, 0.3721328328146732, 0.30235792666192196, 0.3953911348655903, 0.34887453076375613, 0.3953911348655903, 0.30235792666192196, 0.18606641640733662, 0.13954981230550245, 0.16280811435641954, 0.16280811435641954, 0.13954981230550245, 0.06977490615275128, 0.023258302050917095, -0.023258302050917095, 0.023258302050917095, 0.023258302050917095, 0.023258302050917095, 0.06977490615275128, -0.04651660410183419, -0.09303320820366826, -0.09303320820366826, 0.023258302050917095, 0.023258302050917095, 0.06977490615275128, -0.06977490615275116, -0.06977490615275116, 0.0, 0.023258302050917095, 0.04651660410183419, 0.023258302050917095, 0.0, -0.06977490615275116, -0.023258302050917095, 0.023258302050917095, 0.023258302050917095, 0.06977490615275128, 0.04651660410183419, 0.0, 0.04651660410183419, 0.06977490615275128, 0.09303320820366826, 0.11629151025458535, 0.04651660410183419, 0.04651660410183419, 0.04651660410183419, 0.06977490615275128, 0.09303320820366826, 0.06977490615275128, 0.023258302050917095, 0.0, 0.06977490615275128, 0.20932471845825368, 0.41864943691650736, 0.6744907594765952, 0.9768486861385173, 1.3722398210041076, 1.9304390702261174, 2.5351549235499613, 3.093354172771971, 3.279420589179308, 3.1863873809756393, 3.2096456830265567, 3.3957120994338927, 3.7678449322485665, 3.9771696507068195, 4.023686254808654, 4.023686254808654, 4.070202858910488, 4.279527577368742, 4.4655939937760785, 4.395819087623328, 4.326044181470576, 4.163236067114156, 3.907394744554069, 3.41897040148481, 2.790996246110049, 2.186280392786205, 1.6513394456151123, 1.0466235922912683, 0.11629151025458535, -0.6977490615275123, -1.3954981230550247, -1.837405862022449, -2.000213976378868, -1.860664164073366, -1.6978560497169464, -1.4885313312586925, -1.4187564251059417, -1.3722398210041076, -1.2792066128004391, -1.1629151025458535, -1.0001069881894342, -0.9070737799857658, -0.7675239676802635, -0.7210073635784293, -0.6977490615275123, -0.6744907594765951, -0.651232457425678, -0.6744907594765951, -0.6047158533238438, -0.6047158533238438, -0.651232457425678, -0.7675239676802635, -0.8140405717820977, -0.6977490615275123, -0.7442656656293464, -0.6977490615275123, -0.7675239676802635, -0.7907822697311806, -0.7907822697311806, -0.7442656656293464, -0.7675239676802635, -0.7907822697311806, -0.7675239676802635, -0.7907822697311806, -0.7442656656293464, -0.7210073635784293, -0.7442656656293464, -0.7675239676802635, -0.8372988738330148, -0.8605571758839317, -0.9070737799857658, -0.8605571758839317, -0.7675239676802635, -0.7675239676802635, -0.7675239676802635, -0.7907822697311806, -0.8372988738330148, -0.7907822697311806, -0.7675239676802635, -0.7907822697311806, -0.7675239676802635, -0.7442656656293464, -0.8372988738330148, -0.7442656656293464, -0.7907822697311806, -0.7907822697311806, -0.7442656656293464, -0.7675239676802635, -0.7442656656293464, -0.7442656656293464, -0.6744907594765951, -0.6977490615275123, -0.627974155374761, -0.6744907594765951, -0.6977490615275123, -0.651232457425678, -0.627974155374761, -0.6744907594765951, -0.651232457425678, -0.7210073635784293, -0.7210073635784293, -0.627974155374761, -0.5581992492220099, -0.5349409471710928, -0.5349409471710928, -0.5814575512729268, -0.651232457425678, -0.5581992492220099]"
104,66,190077,N,N,N,V,0.8470268,False,0.0036314658,0.03606395,0.8470268,0.06593926,0.047338445,"[0.053959260758127625, 0.09442870632672334, 0.08093889113719144, 0.08093889113719144, 0.06744907594765955, 0.04046944556859571, 0.09442870632672334, 0.13489815189531906, 0.1888574126534467, 0.17536759746391475, 0.16187778227438288, 0.13489815189531906, 0.17536759746391475, 0.1888574126534467, 0.17536759746391475, 0.16187778227438288, 0.14838796708485097, 0.09442870632672334, 0.09442870632672334, 0.09442870632672334, 0.10791852151625525, 0.08093889113719144, 0.04046944556859571, 0.026979630379063833, 0.013489815189531917, 0.026979630379063833, 0.013489815189531917, 0.0, 0.026979630379063833, 0.0, 0.013489815189531917, 0.04046944556859571, 0.04046944556859571, 0.013489815189531917, 0.013489815189531917, -0.04046944556859571, 0.013489815189531917, 0.053959260758127625, 0.04046944556859571, 0.026979630379063833, -0.026979630379063795, 0.026979630379063833, 0.04046944556859571, 0.053959260758127625, 0.013489815189531917, 0.04046944556859571, 0.026979630379063833, -0.013489815189531879, 0.013489815189531917, 0.026979630379063833, 0.026979630379063833, 0.0, 0.0, -0.013489815189531879, -0.04046944556859571, 0.0, 0.026979630379063833, 0.04046944556859571, 0.026979630379063833, 0.013489815189531917, 0.053959260758127625, 0.04046944556859571, 0.09442870632672334, 0.06744907594765955, 0.04046944556859571, 0.013489815189531917, 0.04046944556859571, 0.08093889113719144, 0.06744907594765955, 0.08093889113719144, 0.013489815189531917, 0.013489815189531917, -0.013489815189531879, 0.053959260758127625, 0.14838796708485097, 0.2023472278429786, 0.3102657493592338, 0.45865371644408476, 0.5800620531498719, 0.7554296506137868, 0.9038176176986377, 1.0387157695939566, 1.1601241062997438, 1.3220018885741267, 1.6052880075542966, 1.9290435721030623, 2.2932685822204237, 2.670983407527317, 2.9677593416970187, 3.237555645487657, 3.4264130581411036, 3.4399028733306354, 3.2510454606771892, 2.805881559422636, 2.3202482125994877, 1.8346148657763388, 1.3624713341427224, 0.9442870632672333, 0.4991231620126804, 0.09442870632672334, -0.13489815189531906, -0.3912046404964253, -0.5665722379603398, -0.6879805746661272, -0.7284500202347227, -0.7689194658033185, -0.8228787265614461, -0.8093889113719143, -0.7554296506137865, -0.7419398354242547, -0.7419398354242547, -0.7284500202347227, -0.7419398354242547, -0.7554296506137865, -0.7014703898556589, -0.6879805746661272, -0.6879805746661272, -0.7014703898556589, -0.7014703898556589, -0.7149602050451908, -0.6744907594765952, -0.6744907594765952, -0.7014703898556589, -0.7014703898556589, -0.7149602050451908, -0.7149602050451908, -0.6879805746661272, -0.6610009442870632, -0.6475111290975314, -0.6744907594765952, -0.7014703898556589, -0.7014703898556589, -0.6744907594765952, -0.6610009442870632, -0.6610009442870632, -0.7014703898556589, -0.7014703898556589, -0.7149602050451908, -0.7014703898556589, -0.7149602050451908, -0.7014703898556589, -0.7419398354242547, -0.7554296506137865, -0.7824092809928503, -0.7419398354242547, -0.7419398354242547, -0.7419398354242547, -0.7419398354242547, -0.7554296506137865, -0.7689194658033185, -0.7419398354242547, -0.7149602050451908, -0.7284500202347227, -0.7554296506137865, -0.7554296506137865, -0.7824092809928503, -0.7554296506137865, -0.7284500202347227, -0.7419398354242547, -0.7419398354242547, -0.7824092809928503, -0.8228787265614461, -0.7824092809928503, -0.7419398354242547, -0.7554296506137865, -0.7689194658033185, -0.7824092809928503, -0.7824092809928503, -0.7689194658033185, -0.7689194658033185, -0.7554296506137865, -0.7554296506137865, -0.7824092809928503, -0.7958990961823823, -0.8093889113719143, -0.7419398354242547, -0.7554296506137865, -0.7689194658033185, -0.7824092809928503, -0.7958990961823823]"
108,87,185873,N,N,N,V,0.84757113,False,0.00363152,0.117885716,0.84757113,0.024041375,0.0068703,"[0.1419980546266516, 0.11833171218887632, 0.1419980546266516, 0.2129970819399775, 0.2129970819399775, 0.2839961092533032, 0.35499513656662907, 0.35499513656662907, 0.35499513656662907, 0.3786614790044042, 0.4259941638799548, 0.5443258760688311, 0.5443258760688311, 0.5679922185066064, 0.5916585609443817, 0.7336566155710333, 0.875654670197685, 1.0413190672621118, 0.9939863823865612, 1.0176527248243366, 1.0649854096998872, 1.0649854096998872, 1.1596507794509883, 1.3253151765154152, 1.3489815189531904, 1.419980546266516, 1.3253151765154152, 1.2069834643265387, 1.1123180945754376, 0.9466536975110108, 0.7336566155710333, 0.5206595336310559, 0.35499513656662907, 0.11833171218887632, 0.02366634243777529, -0.07099902731332587, -0.02366634243777529, 0.0, 0.0, -0.04733268487555058, -0.02366634243777529, 0.11833171218887632, 0.07099902731332587, 0.02366634243777529, -0.04733268487555058, -0.07099902731332587, -0.02366634243777529, 0.02366634243777529, 0.02366634243777529, 0.04733268487555058, 0.0, -0.04733268487555058, 0.02366634243777529, 0.09466536975110103, 0.11833171218887632, 0.04733268487555058, 0.02366634243777529, 0.02366634243777529, 0.04733268487555058, 0.1419980546266516, 0.11833171218887632, 0.09466536975110103, 0.02366634243777529, 0.11833171218887632, 0.23666342437775265, 0.26032976681552794, 0.2129970819399775, 0.11833171218887632, 0.04733268487555058, 0.04733268487555058, 0.1419980546266516, 0.1656643970644269, 0.1656643970644269, 0.2129970819399775, 0.4259941638799548, 0.8046556428843591, 1.3963142038287408, 2.1299708193997744, 2.7689620652197062, 3.3132879412885377, 3.50261868079074, 3.4079533110396385, 3.4552859959151894, 3.8102811324818187, 4.023278214421795, 4.1889426114862225, 4.259941638799549, 4.472938720739526, 4.614936775366178, 4.875266542181706, 5.111929966559458, 5.253928021186109, 5.159262651435008, 5.017264596808357, 4.591270432928402, 3.8339474749195936, 2.958292804721909, 2.2483025315886507, 1.6093112857687182, 0.7336566155710333, -0.09466536975110117, -0.9703200399487861, -1.5383122584553923, -1.8933073950220216, -1.9643064223353475, -1.680310313082044, -1.5619786008931675, -1.3726478613909658, -1.2779824916398645, -1.1359844370132128, -1.0413190672621118, -0.9229873550732355, -0.7099902731332581, -0.6153249033821571, -0.5679922185066064, -0.5443258760688311, -0.5916585609443817, -0.6626575882577076, -0.6153249033821571, -0.5916585609443817, -0.6389912458199323, -0.6626575882577076, -0.6389912458199323, -0.7099902731332581, -0.6863239306954829, -0.5679922185066064, -0.5916585609443817, -0.6626575882577076, -0.7336566155710335, -0.8283219853221344, -0.7336566155710335, -0.6863239306954829, -0.8046556428843591, -0.8046556428843591, -0.8283219853221344, -0.8046556428843591, -0.7809893004465838, -0.7099902731332581, -0.7573229580088084, -0.7809893004465838, -0.7573229580088084, -0.8283219853221344, -0.7809893004465838, -0.7336566155710335, -0.7809893004465838, -0.7573229580088084, -0.8993210126354603, -0.8519883277599096, -0.8046556428843591, -0.7809893004465838, -0.8283219853221344, -0.7809893004465838, -0.8283219853221344, -0.7809893004465838, -0.7573229580088084, -0.6626575882577076, -0.7336566155710335, -0.7809893004465838, -0.7809893004465838, -0.7573229580088084, -0.7099902731332581, -0.6389912458199323, -0.6863239306954829, -0.6626575882577076, -0.6863239306954829, -0.7099902731332581, -0.6389912458199323, -0.5679922185066064, -0.6389912458199323, -0.6153249033821571, -0.6389912458199323, -0.6153249033821571, -0.5443258760688311, -0.425994163879955, -0.425994163879955, -0.4733268487555053, -0.49699319119328056, -0.49699319119328056, -0.425994163879955, -0.30766245169107853]"
108,87,235230,N,N,N,V,0.8840807,False,0.003644863,0.08447473,0.8840807,0.02155154,0.006248034,"[0.14988683543924336, 0.18319502109240854, 0.23315729957215636, 0.26646548522532154, 0.28311957805190413, 0.28311957805190413, 0.24981139239873892, 0.3164277637050693, 0.3830441350113997, 0.3830441350113997, 0.43300641349114755, 0.44966050631773014, 0.44966050631773014, 0.48296869197089526, 0.49962278479747785, 0.5828932489303909, 0.6328555274101386, 0.6661637130633039, 0.6661637130633039, 0.6994718987164691, 0.7660882700227993, 0.8327046413291298, 0.9159751054620429, 0.8993210126354603, 0.8993210126354603, 0.9326291982886254, 0.9825914767683733, 1.0825160337278688, 1.0658619409012862, 0.9492832911152081, 0.8493587341557124, 0.7494341771962169, 0.5995473417569734, 0.5162768776240605, 0.3497359493582345, 0.21650320674557377, 0.04996227847974779, -0.01665409282658261, 0.03330818565316518, 0.03330818565316518, 0.04996227847974779, 0.0, -0.06661637130633036, -0.04996227847974783, 0.01665409282658261, 0.04996227847974779, 0.01665409282658261, 0.01665409282658261, 0.0, 0.03330818565316518, 0.0666163713063304, 0.04996227847974779, 0.0, 0.01665409282658261, -0.01665409282658261, -0.01665409282658261, 0.04996227847974779, 0.08327046413291296, 0.09992455695949558, 0.04996227847974779, 0.0, -0.03330818565316522, 0.0, 0.01665409282658261, 0.08327046413291296, 0.0666163713063304, 0.03330818565316518, 0.01665409282658261, 0.01665409282658261, 0.03330818565316518, 0.0, 0.0, -0.06661637130633036, -0.08327046413291296, -0.08327046413291296, 0.04996227847974779, 0.23315729957215636, 0.5662391561038083, 1.0158996624215384, 1.4655601687392685, 1.848604303750668, 1.9984911391899114, 1.9818370463633288, 2.098415696149407, 2.2149943459354855, 2.3981893670278938, 2.5480762024671373, 2.7312712235595455, 2.7645794092127107, 2.881158058998789, 2.9977367087848674, 3.0810071729177806, 3.064353080091198, 3.0310448944380326, 2.797887594865876, 2.2982648100683982, 1.7320256539645902, 1.3156733333000252, 0.9492832911152081, 0.36639004218481713, -0.33308185653165195, -0.9825914767683731, -1.4155978902595208, -1.4988683543924335, -1.3489815189531904, -1.1824405906873643, -1.0991701265544513, -1.032553755248121, -0.9825914767683731, -0.8993210126354603, -0.8160505485025472, -0.6828178058898865, -0.6495096202367213, -0.6661637130633039, -0.6661637130633039, -0.6328555274101386, -0.616201434583556, -0.616201434583556, -0.5995473417569734, -0.5995473417569734, -0.6661637130633039, -0.6828178058898865, -0.6495096202367213, -0.616201434583556, -0.6328555274101386, -0.7161259915430517, -0.7660882700227993, -0.7660882700227993, -0.782742362849382, -0.7494341771962167, -0.7494341771962167, -0.7327800843696342, -0.8160505485025472, -0.8493587341557124, -0.7993964556759646, -0.7494341771962167, -0.8160505485025472, -0.8660128269822951, -0.8660128269822951, -0.8493587341557124, -0.8160505485025472, -0.8327046413291298, -0.8327046413291298, -0.8160505485025472, -0.8493587341557124, -0.8826669198088777, -0.8327046413291298, -0.7494341771962167, -0.7327800843696342, -0.782742362849382, -0.8826669198088777, -0.9659373839417905, -0.8993210126354603, -0.8493587341557124, -0.8327046413291298, -0.8160505485025472, -0.8493587341557124, -0.8493587341557124, -0.8327046413291298, -0.8493587341557124, -0.8493587341557124, -0.8493587341557124, -0.8660128269822951, -0.8660128269822951, -0.8493587341557124, -0.782742362849382, -0.7161259915430517, -0.6661637130633039, -0.6994718987164691, -0.7660882700227993, -0.6661637130633039, -0.616201434583556, -0.5828932489303909, -0.5828932489303909, -0.6328555274101386, -0.6328555274101386, -0.616201434583556, -0.5828932489303909, -0.5495850632772256, -0.49962278479747796]"
108,87,224436,N,N,N,V,0.87543243,False,0.0036453537,0.09441348,0.87543243,0.020045241,0.0064634914,"[0.20847896202003868, 0.23300589872827826, 0.20847896202003868, 0.23300589872827826, 0.3311136455612377, 0.4046944556859572, 0.4782752658106766, 0.4782752658106766, 0.5028022025189165, 0.4782752658106766, 0.5273291392271563, 0.5518560759353961, 0.576383012643636, 0.6990176961848351, 0.7480715696013148, 0.7725985063095545, 0.846179316434274, 0.9933409366837129, 1.0914486835166723, 1.115975620224912, 1.0669217468084324, 1.0914486835166723, 1.0914486835166723, 1.263137240474351, 1.3121911138908307, 1.3612449873073105, 1.3367180505990706, 1.3367180505990706, 1.287664177182591, 1.263137240474351, 1.0423948101001927, 0.8952331898507537, 0.6254368860601155, 0.4046944556859572, 0.3556405822694775, 0.159425088603559, 0.061317341770599616, -0.03679040506235977, -0.11037121518707904, -0.15942508860355872, -0.061317341770599616, 0.08584427847883946, 0.061317341770599616, 0.061317341770599616, 0.061317341770599616, -0.061317341770599616, 0.03679040506235977, 0.012263468354119924, 0.012263468354119924, -0.03679040506235977, -0.03679040506235977, 0.012263468354119924, -0.03679040506235977, 0.061317341770599616, 0.061317341770599616, 0.03679040506235977, 0.012263468354119924, 0.012263468354119924, 0.012263468354119924, 0.1103712151870793, 0.1103712151870793, 0.061317341770599616, 0.012263468354119924, 0.08584427847883946, 0.061317341770599616, 0.13489815189531915, 0.13489815189531915, 0.1103712151870793, 0.03679040506235977, -0.012263468354119924, 0.03679040506235977, 0.08584427847883946, 0.061317341770599616, 0.13489815189531915, 0.23300589872827826, 0.4782752658106766, 0.8707062531425138, 1.3612449873073105, 1.9008375948885865, 2.514011012594582, 3.029076683467618, 3.176238303717057, 3.0536036201758585, 2.980022810051139, 3.2252921771335368, 3.4460346075076953, 3.5931962277571343, 3.7158309112983336, 3.8629925315477727, 3.9365733416724917, 4.132788835338411, 4.2063696454631305, 4.18184270875489, 3.961100278380732, 3.6177231644653745, 2.955495873342899, 2.121580025262745, 1.287664177182591, 0.5518560759353961, -0.11037121518707904, -0.821652379726034, -1.4348257974320298, -1.8763106581803464, -2.072526151846265, -2.0234722784297854, -1.8272567847638668, -1.5574604809732289, -1.4348257974320298, -1.3367180505990703, -1.238610303766111, -1.0914486835166723, -0.8707062531425137, -0.7480715696013145, -0.6499638227683554, -0.6254368860601155, -0.551856075935396, -0.6009099493518757, -0.6990176961848348, -0.6744907594765952, -0.5763830126436359, -0.6009099493518757, -0.6254368860601155, -0.6744907594765952, -0.6990176961848348, -0.6254368860601155, -0.6254368860601155, -0.6990176961848348, -0.6990176961848348, -0.7725985063095544, -0.7971254430177942, -0.7725985063095544, -0.6990176961848348, -0.6744907594765952, -0.7235446328930747, -0.7971254430177942, -0.821652379726034, -0.7971254430177942, -0.7480715696013145, -0.7725985063095544, -0.821652379726034, -0.8707062531425137, -0.9197601265589934, -0.8461793164342739, -0.7725985063095544, -0.6990176961848348, -0.7235446328930747, -0.821652379726034, -0.8461793164342739, -0.821652379726034, -0.821652379726034, -0.7725985063095544, -0.7480715696013145, -0.7480715696013145, -0.7235446328930747, -0.6990176961848348, -0.6499638227683554, -0.6744907594765952, -0.6744907594765952, -0.7480715696013145, -0.7480715696013145, -0.7480715696013145, -0.6009099493518757, -0.6254368860601155, -0.6254368860601155, -0.6499638227683554, -0.6254368860601155, -0.551856075935396, -0.5273291392271562, -0.4537483291024366, -0.4782752658106765, -0.5028022025189163, -0.551856075935396, -0.4537483291024366, -0.3556405822694775, -0.3065867088529978, -0.28205977214475797, -0.3065867088529978, -0.28205977214475797, -0.28205977214475797, -0.23300589872827826]"
108,87,344641,N,N,N,V,0.8780765,False,0.0036484567,0.09220135,0.8780765,0.019604534,0.0064691417,"[0.271972080434111, 0.2502143139993821, 0.2284565475646533, 0.3154876133035688, 0.40251867904248423, 0.42427644547721316, 0.42427644547721316, 0.42427644547721316, 0.4895497447813998, 0.5548230440855864, 0.6200963433897732, 0.641854109824502, 0.5983385769550442, 0.5983385769550442, 0.7506429419981464, 0.8376740077370618, 0.9464628399107062, 0.9247050734759774, 1.011736139214893, 0.968220606345435, 1.0552516720843506, 1.1205249713885372, 1.142282737823266, 1.164040504257995, 1.185798270692724, 1.207556037127453, 1.2510715699969104, 1.316344869301097, 1.2728293364316392, 1.0987672049538084, 0.8811895406065197, 0.641854109824502, 0.5330652776508575, 0.4677919783466709, 0.3154876133035688, 0.2284565475646533, 0.03263664965209335, -0.07615218252155102, -0.05439441608682213, 0.010878883217364448, 0.07615218252155115, 0.054394416086822245, 0.054394416086822245, -0.03263664965209322, -0.03263664965209322, -0.05439441608682213, 0.010878883217364448, 0.03263664965209335, -0.03263664965209322, -0.03263664965209322, -0.03263664965209322, 0.010878883217364448, 0.054394416086822245, 0.054394416086822245, 0.07615218252155115, -0.010878883217364448, -0.010878883217364448, 0.010878883217364448, 0.03263664965209335, 0.07615218252155115, 0.054394416086822245, 0.010878883217364448, 0.03263664965209335, 0.010878883217364448, 0.07615218252155115, 0.07615218252155115, 0.07615218252155115, 0.054394416086822245, 0.03263664965209335, 0.09790994895628004, 0.07615218252155115, 0.07615218252155115, 0.03263664965209335, 0.054394416086822245, 0.14142548182573772, 0.271972080434111, 0.5983385769550442, 0.989978372780164, 1.4686492343441995, 2.077866694516608, 2.7305996875584744, 3.165755016253052, 3.2092705491225098, 3.1004817169488654, 3.2092705491225098, 3.448605979904527, 3.644425877817087, 3.7749724764254604, 3.949034607903292, 3.992550140772749, 3.992550140772749, 4.101338972946394, 4.188370038685309, 4.231885571554767, 4.057823440076936, 3.6226681113823584, 2.8611462861668473, 1.9473200959082346, 1.207556037127453, 0.4895497447813998, -0.29372984686883974, -1.0552516720843506, -1.5991958329525724, -1.9255623294735058, -1.8602890301693191, -1.5774380665178434, -1.338102635735826, -1.2728293364316392, -1.2075560371274525, -1.1640405042579949, -0.968220606345435, -0.7724007084328752, -0.6200963433897729, -0.5765808105203152, -0.5983385769550441, -0.6200963433897729, -0.6636118762592308, -0.6200963433897729, -0.5983385769550441, -0.5983385769550441, -0.6636118762592308, -0.6853696426939597, -0.7288851755634175, -0.7071274091286885, -0.7071274091286885, -0.6636118762592308, -0.7071274091286885, -0.7506429419981464, -0.7941584748676039, -0.7506429419981464, -0.7071274091286885, -0.7288851755634175, -0.7724007084328752, -0.8376740077370617, -0.8159162413023329, -0.7941584748676039, -0.7506429419981464, -0.6853696426939597, -0.7941584748676039, -0.8159162413023329, -0.8376740077370617, -0.8159162413023329, -0.7724007084328752, -0.7724007084328752, -0.8376740077370617, -0.8159162413023329, -0.8594317741717906, -0.7506429419981464, -0.7724007084328752, -0.7941584748676039, -0.7941584748676039, -0.7941584748676039, -0.7941584748676039, -0.7506429419981464, -0.6853696426939597, -0.6853696426939597, -0.7506429419981464, -0.8159162413023329, -0.7941584748676039, -0.7288851755634175, -0.6636118762592308, -0.6636118762592308, -0.6853696426939597, -0.7071274091286885, -0.6636118762592308, -0.5983385769550441, -0.5983385769550441, -0.5765808105203152, -0.6200963433897729, -0.5983385769550441, -0.6200963433897729, -0.5548230440855862, -0.5113075112161285, -0.5330652776508574, -0.48954974478139984, -0.5113075112161285, -0.44603421191194204, -0.44603421191194204, -0.38076091260775535, -0.33724537973829755]"
104,66,543458,N,N,N,V,0.91668135,False,0.003648936,0.0564967,0.91668135,0.016192898,0.006980191,"[0.4859234503756116, 0.4279027398830013, 0.38438720701354356, 0.297356141274628, 0.297356141274628, 0.28285096365147544, 0.3118613188977806, 0.2683457860283228, 0.23933543078201763, 0.21032507553571253, 0.18131472028940732, 0.18131472028940732, 0.16680954266625472, 0.18131472028940732, 0.1377991874199496, 0.09428365455049181, 0.0797784769273392, 0.1377991874199496, 0.16680954266625472, 0.15230436504310213, 0.12329400979679701, 0.09428365455049181, 0.12329400979679701, 0.1087888321736444, 0.1377991874199496, 0.1087888321736444, 0.09428365455049181, 0.06527329930418661, 0.06527329930418661, 0.12329400979679701, 0.1087888321736444, 0.12329400979679701, 0.0797784769273392, 0.007252588811576299, 0.06527329930418661, 0.0507681216810341, 0.09428365455049181, 0.0507681216810341, 0.0507681216810341, -0.007252588811576299, 0.021757766434728897, 0.021757766434728897, 0.0362629440578815, 0.0507681216810341, 0.0507681216810341, 0.021757766434728897, -0.007252588811576299, -0.007252588811576299, 0.0362629440578815, 0.0362629440578815, 0.021757766434728897, -0.007252588811576299, 0.021757766434728897, 0.0362629440578815, 0.0362629440578815, 0.021757766434728897, 0.007252588811576299, -0.021757766434728897, -0.007252588811576299, 0.007252588811576299, -0.007252588811576299, 0.021757766434728897, -0.007252588811576299, -0.021757766434728897, 0.007252588811576299, 0.021757766434728897, 0.06527329930418661, 0.0507681216810341, 0.0362629440578815, -0.007252588811576299, 0.0362629440578815, 0.06527329930418661, 0.0797784769273392, 0.09428365455049181, 0.0797784769273392, 0.0797784769273392, 0.06527329930418661, 0.21032507553571253, 0.3553768517672383, 0.543944160868222, 0.718006292346053, 0.892068423823884, 1.167666798663783, 1.3997496406342247, 1.6753480154741236, 2.052482633676091, 2.5456586728632784, 3.0243295344273142, 3.5030003959913496, 3.9091453694396217, 4.141228211410064, 4.12672303378691, 3.8366194813238588, 3.2564123763977557, 2.589174205732737, 1.8929256798214127, 1.2256875091563935, 0.6164700489839848, 0.3118613188977806, 0.0362629440578815, -0.3553768517672383, -0.6309752266071373, -0.718006292346053, -0.7325114699692056, -0.7470166475923582, -0.7615218252155108, -0.7470166475923582, -0.7035011147229003, -0.7035011147229003, -0.7035011147229003, -0.7470166475923582, -0.7325114699692056, -0.7325114699692056, -0.6744907594765952, -0.6744907594765952, -0.6744907594765952, -0.6889959370997478, -0.7470166475923582, -0.7470166475923582, -0.7035011147229003, -0.64548040423029, -0.6744907594765952, -0.7035011147229003, -0.7325114699692056, -0.7035011147229003, -0.6889959370997478, -0.6744907594765952, -0.6889959370997478, -0.6744907594765952, -0.7470166475923582, -0.7325114699692056, -0.7325114699692056, -0.7325114699692056, -0.718006292346053, -0.7325114699692056, -0.7325114699692056, -0.7615218252155108, -0.7470166475923582, -0.7470166475923582, -0.7470166475923582, -0.7470166475923582, -0.790532180461816, -0.7760270028386633, -0.7325114699692056, -0.7470166475923582, -0.7470166475923582, -0.8050373580849686, -0.8340477133312738, -0.790532180461816, -0.7760270028386633, -0.7615218252155108, -0.7470166475923582, -0.7615218252155108, -0.8050373580849686, -0.790532180461816, -0.8050373580849686, -0.8195425357081212, -0.8195425357081212, -0.8485528909544263, -0.8775632462007316, -0.8340477133312738, -0.8340477133312738, -0.8195425357081212, -0.8485528909544263, -0.8920684238238842, -0.9065736014470365, -0.9065736014470365, -0.8485528909544263, -0.8485528909544263, -0.8630580685775789, -0.8775632462007316, -0.8920684238238842, -0.8775632462007316, -0.8195425357081212, -0.790532180461816, -0.790532180461816, -0.8340477133312738, -0.8485528909544263, -0.8195425357081212, -0.7760270028386633]"
108,87,184038,N,N,N,V,0.85649043,False,0.0036594714,0.110990785,0.85649043,0.02230447,0.006554726,"[0.24731327847475149, 0.24731327847475149, 0.29227932910652454, 0.3147623544224111, 0.42717748100184355, 0.4496605063177301, 0.5171095822653895, 0.5171095822653895, 0.4496605063177301, 0.4496605063177301, 0.6295247088448221, 0.7419398354242546, 0.7869058860560275, 0.809388911371914, 0.809388911371914, 0.8768379873195736, 0.9667700885831196, 1.0567021898466655, 1.1241512657943251, 1.1016682404784386, 1.079185215162552, 1.1691173164260982, 1.2590494176896443, 1.3489815189531902, 1.3264984936373037, 1.3040154683214171, 1.079185215162552, 1.0117361392148927, 0.809388911371914, 0.7419398354242546, 0.6070416835289356, 0.42717748100184355, 0.20234722784297846, 0.11241512657943262, 0.044966050631773044, -0.022483025315886522, -0.11241512657943262, -0.11241512657943262, -0.1348981518953189, -0.06744907594765957, 0.0, 0.044966050631773044, 0.08993210126354609, 0.044966050631773044, -0.044966050631773044, 0.044966050631773044, 0.044966050631773044, 0.08993210126354609, 0.022483025315886522, 0.0, -0.022483025315886522, -0.022483025315886522, 0.0, 0.06744907594765957, 0.08993210126354609, 0.022483025315886522, 0.0, 0.022483025315886522, 0.044966050631773044, 0.08993210126354609, 0.06744907594765957, 0.0, -0.022483025315886522, 0.022483025315886522, 0.08993210126354609, 0.13489815189531915, 0.11241512657943262, 0.06744907594765957, 0.0, 0.022483025315886522, 0.044966050631773044, 0.022483025315886522, 0.044966050631773044, 0.17986420252709193, 0.269796303790638, 0.6969737847924816, 1.2365663923737578, 1.8211250505868068, 2.4731327847475155, 2.9452763163811317, 3.14762354422411, 3.102657493592337, 3.125140518908224, 3.3724537973829753, 3.5972840505418406, 3.777148253068933, 3.844597329016592, 4.024461531543684, 4.136876658123116, 4.294257835334323, 4.451639012545527, 4.519088088493186, 4.429155987229642, 4.294257835334323, 3.979495480911911, 3.439902873330635, 2.76541211385404, 2.158370430325104, 1.5962947974279416, 0.9442870632672332, 0.1573811772112054, -0.5845586582130491, -1.3264984936373037, -1.8211250505868066, -1.8885741265344662, -1.6637438733756014, -1.3714645442690767, -1.214083367057871, -1.1466342911102114, -1.1466342911102114, -1.0567021898466658, -0.8318719366878006, -0.6295247088448221, -0.6295247088448221, -0.6070416835289356, -0.6744907594765952, -0.6295247088448221, -0.5620756328971626, -0.539592607581276, -0.539592607581276, -0.5620756328971626, -0.5620756328971626, -0.6070416835289356, -0.5620756328971626, -0.6070416835289356, -0.5620756328971626, -0.6520077341607087, -0.7194568101083679, -0.7869058860560275, -0.7194568101083679, -0.6295247088448221, -0.6295247088448221, -0.6520077341607087, -0.7194568101083679, -0.7419398354242545, -0.764422860740141, -0.6969737847924814, -0.6969737847924814, -0.7419398354242545, -0.8318719366878006, -0.8318719366878006, -0.764422860740141, -0.7194568101083679, -0.764422860740141, -0.7419398354242545, -0.7869058860560275, -0.8993210126354602, -0.8543549620036871, -0.7419398354242545, -0.7194568101083679, -0.7419398354242545, -0.764422860740141, -0.8768379873195736, -0.809388911371914, -0.7194568101083679, -0.7419398354242545, -0.7419398354242545, -0.7869058860560275, -0.7869058860560275, -0.6969737847924814, -0.7194568101083679, -0.6295247088448221, -0.6295247088448221, -0.7194568101083679, -0.7419398354242545, -0.6744907594765952, -0.6295247088448221, -0.6070416835289356, -0.6744907594765952, -0.6520077341607087, -0.6744907594765952, -0.5845586582130491, -0.539592607581276, -0.49462655694950297, -0.49462655694950297, -0.5171095822653895, -0.5171095822653895, -0.4721435316336165, -0.42717748100184344, -0.3822114303700706]"
108,87,343489,N,N,N,V,0.87722206,False,0.0036612684,0.09344822,0.87722206,0.01936221,0.0063062054,"[0.27773148919624513, 0.2975694527102625, 0.2975694527102625, 0.4165972337943676, 0.4761111243364201, 0.5356250148784727, 0.5356250148784727, 0.5157870513644551, 0.4959490878504377, 0.5951389054205252, 0.6149768689345427, 0.6943287229906127, 0.7935185405607003, 0.8331944675887352, 0.8530324311027527, 0.9125463216448052, 0.9720602121868578, 1.011736139214893, 1.011736139214893, 0.9918981757008754, 1.0315741027289103, 1.1506018838130152, 1.2696296648971204, 1.3093055919251555, 1.2696296648971204, 1.1506018838130152, 1.091087993270963, 0.9125463216448052, 0.8133565040747177, 0.6348148324485602, 0.4761111243364201, 0.33724537973829755, 0.198379635140175, 0.05951389054205246, 0.039675927028035046, 0.05951389054205246, 0.0991898175700875, 0.05951389054205246, -0.019837963514017523, 0.019837963514017523, 0.05951389054205246, 0.07935185405606998, 0.05951389054205246, 0.019837963514017523, -0.019837963514017523, -0.019837963514017523, 0.0, 0.039675927028035046, 0.039675927028035046, -0.019837963514017523, -0.019837963514017523, 0.0, 0.039675927028035046, 0.039675927028035046, 0.019837963514017523, 0.0, 0.0, 0.039675927028035046, 0.07935185405606998, 0.0, 0.07935185405606998, 0.039675927028035046, 0.0, 0.019837963514017523, 0.05951389054205246, 0.05951389054205246, 0.05951389054205246, 0.0, -0.019837963514017523, 0.0, 0.019837963514017523, 0.019837963514017523, 0.019837963514017523, 0.039675927028035046, 0.15870370811214007, 0.43643519730838515, 0.8728703946167703, 1.4283333730092604, 2.003634314915768, 2.5392593297942407, 2.9161806365605734, 2.9161806365605734, 2.856666746018521, 2.9360186000745907, 3.114560271700748, 3.3327778703549407, 3.372453797382976, 3.491481578467081, 3.6105093595511857, 3.7096991771212733, 3.7493751041493084, 3.8684028852334134, 3.8287269582053787, 3.848564921719396, 3.6303473230652035, 3.0947223081867308, 2.321041731140048, 1.5870370811214005, 0.9918981757008754, 0.3769213067663326, -0.277731489196245, -0.9323842851588229, -1.3886574459812253, -1.6862268986914881, -1.7259028257195232, -1.567199117607383, -1.3093055919251557, -1.2299537378690857, -1.1506018838130154, -1.1109259567849805, -1.0315741027289103, -0.8530324311027527, -0.6744907594765952, -0.6546527959625777, -0.6348148324485602, -0.6149768689345427, -0.6149768689345427, -0.5554629783924901, -0.5356250148784726, -0.5753009419065076, -0.6149768689345427, -0.6149768689345427, -0.6744907594765952, -0.6348148324485602, -0.6546527959625777, -0.5951389054205252, -0.6744907594765952, -0.6744907594765952, -0.7340046500186478, -0.6943287229906128, -0.6546527959625777, -0.6546527959625777, -0.6744907594765952, -0.7340046500186478, -0.7935185405607001, -0.7340046500186478, -0.6943287229906128, -0.7141666865046303, -0.7340046500186478, -0.7538426135326654, -0.7935185405607001, -0.7935185405607001, -0.7141666865046303, -0.6943287229906128, -0.7141666865046303, -0.7736805770466827, -0.7736805770466827, -0.7736805770466827, -0.7538426135326654, -0.7141666865046303, -0.7141666865046303, -0.7340046500186478, -0.7538426135326654, -0.7141666865046303, -0.6943287229906128, -0.6744907594765952, -0.7538426135326654, -0.7538426135326654, -0.7538426135326654, -0.7340046500186478, -0.6348148324485602, -0.6348148324485602, -0.6744907594765952, -0.6744907594765952, -0.7340046500186478, -0.6149768689345427, -0.6348148324485602, -0.6348148324485602, -0.6546527959625777, -0.6943287229906128, -0.6744907594765952, -0.6149768689345427, -0.5356250148784726, -0.5554629783924901, -0.5753009419065076, -0.5554629783924901, -0.5951389054205252, -0.5356250148784726, -0.4562731608224027, -0.4562731608224027]"
108,87,209293,N,N,N,V,0.84384865,False,0.0036695825,0.120382525,0.84384865,0.025054907,0.0070444383,"[0.12970976143780674, 0.15565171372536812, 0.25941952287561365, 0.25941952287561365, 0.23347757058805224, 0.23347757058805224, 0.23347757058805224, 0.363187332025859, 0.44101318888854296, 0.5447809980387884, 0.4928970934636657, 0.5447809980387884, 0.5447809980387884, 0.5188390457512271, 0.6485488071890338, 0.726374664051718, 0.7523166163392794, 0.8820263777770859, 0.9079683300646473, 1.011736139214893, 1.1414459006526996, 1.1933298052278223, 1.1933298052278223, 1.1933298052278223, 1.1933298052278223, 1.2970976143780677, 1.452749328103436, 1.4786912803909973, 1.5046332326785588, 1.452749328103436, 1.3489815189531904, 1.1414459006526996, 1.0895619960775769, 0.8820263777770859, 0.6485488071890338, 0.46695514117610437, 0.20753561830049086, 0.025941952287561378, -0.025941952287561378, -0.051883904575122756, -0.025941952287561378, 0.0, -0.051883904575122756, -0.025941952287561378, 0.051883904575122756, 0.07782585686268413, 0.10376780915024551, 0.025941952287561378, -0.051883904575122756, 0.025941952287561378, 0.12970976143780674, 0.07782585686268413, 0.0, -0.025941952287561378, 0.0, 0.07782585686268413, 0.12970976143780674, 0.051883904575122756, 0.07782585686268413, 0.025941952287561378, 0.0, 0.07782585686268413, 0.12970976143780674, 0.1815936660129295, 0.10376780915024551, 0.12970976143780674, 0.025941952287561378, 0.12970976143780674, 0.15565171372536812, 0.051883904575122756, 0.025941952287561378, -0.025941952287561378, -0.025941952287561378, 0.07782585686268413, 0.28536147516317484, 0.5447809980387884, 1.0376780915024542, 1.6602849464039267, 2.438543515030767, 3.1908601313700466, 3.554047463395906, 3.3205698928078533, 3.3205698928078533, 3.5281055111083437, 3.813466986271519, 3.969118699996887, 4.20259627058494, 4.254480175160062, 4.280422127447623, 4.3582479843103075, 4.462015793460552, 4.5917255548983595, 4.565783602610798, 4.332306032022746, 3.813466986271519, 3.1130342745073625, 2.3607176581680833, 1.7381108032666108, 1.245213709802945, 0.5447809980387884, -0.31130342745073625, -1.0636200437900156, -1.841878612416856, -1.9975303261422244, -1.8159366601292946, -1.6084010418288037, -1.452749328103436, -1.4268073758158746, -1.2970976143780677, -1.0895619960775769, -0.7782585686268407, -0.6226068549014725, -0.6744907594765952, -0.6226068549014725, -0.6485488071890338, -0.5966649026139111, -0.49289709346366556, -0.518839045751227, -0.5707229503263497, -0.5966649026139111, -0.6485488071890338, -0.5707229503263497, -0.518839045751227, -0.5707229503263497, -0.5966649026139111, -0.6485488071890338, -0.726374664051718, -0.726374664051718, -0.7004327117641566, -0.6226068549014725, -0.6744907594765952, -0.6744907594765952, -0.7782585686268407, -0.7523166163392794, -0.7523166163392794, -0.8042005209144019, -0.7782585686268407, -0.8301424732019632, -0.8820263777770859, -0.8301424732019632, -0.8042005209144019, -0.8042005209144019, -0.8042005209144019, -0.8042005209144019, -0.8560844254895246, -0.8042005209144019, -0.7523166163392794, -0.7782585686268407, -0.8042005209144019, -0.8560844254895246, -0.8820263777770859, -0.8301424732019632, -0.7004327117641566, -0.7523166163392794, -0.7782585686268407, -0.8301424732019632, -0.9339102823522087, -0.8301424732019632, -0.726374664051718, -0.726374664051718, -0.726374664051718, -0.7782585686268407, -0.7782585686268407, -0.7004327117641566, -0.6485488071890338, -0.6485488071890338, -0.7004327117641566, -0.6485488071890338, -0.7004327117641566, -0.6485488071890338, -0.5707229503263497, -0.5707229503263497, -0.5707229503263497, -0.6485488071890338, -0.5707229503263497, -0.44101318888854313, -0.38912928431342036, -0.363187332025859, -0.4150712366009817, -0.44101318888854313]"
108,87,208574,N,N,N,V,0.8765281,False,0.0036777745,0.09331636,0.8765281,0.020016419,0.0064614085,"[0.1897005261027926, 0.29508970727101047, 0.3161675435046541, 0.29508970727101047, 0.29508970727101047, 0.2107783623364362, 0.3161675435046541, 0.37940105220558495, 0.48479023337380295, 0.5058680696074466, 0.48479023337380295, 0.4426345609065158, 0.5058680696074466, 0.5901794145420209, 0.6744907594765954, 0.7166464319438826, 0.7588021044111698, 0.800957776878457, 0.8852691218130314, 0.9695804667476059, 0.9906583029812496, 0.9695804667476059, 1.0328139754485366, 1.0328139754485366, 1.1382031566167548, 1.2225145015513292, 1.2646701740186164, 1.28574801025226, 1.2225145015513292, 1.2435923377849727, 1.1592809928503982, 1.05389181168218, 0.8641912855793878, 0.6744907594765954, 0.4637123971401593, 0.3161675435046541, 0.27401187103736685, 0.2107783623364362, 0.1053891811682181, 0.0, 0.0, 0.02107783623364362, 0.04215567246728724, 0.06323350870093086, 0.1053891811682181, 0.06323350870093086, 0.0, -0.04215567246728701, 0.0, 0.02107783623364362, 0.02107783623364362, 0.04215567246728724, 0.0, 0.06323350870093086, 0.02107783623364362, 0.04215567246728724, 0.08431134493457448, 0.04215567246728724, 0.02107783623364362, -0.04215567246728701, -0.02107783623364339, -0.04215567246728701, 0.04215567246728724, 0.0, 0.0, 0.04215567246728724, 0.1053891811682181, 0.14754485363550535, 0.12646701740186173, 0.06323350870093086, -0.06323350870093063, -0.06323350870093063, -0.02107783623364339, 0.06323350870093086, 0.12646701740186173, 0.23185619857007983, 0.48479023337380295, 0.8852691218130314, 1.4543707001214088, 2.1499392958316474, 2.6979630379063813, 2.9930527451773914, 2.950897072710104, 2.887663564009174, 3.056286253878323, 3.3092202886820457, 3.5199986510184815, 3.730777013354918, 3.8783218669904227, 3.92047753945771, 4.131255901794146, 4.342034264130582, 4.278800755429652, 4.173411574261434, 3.7096991771212746, 2.971974908943748, 2.234250640766222, 1.5808377175232702, 0.8852691218130314, 0.1897005261027926, -0.52694590584109, -1.1803588290840417, -1.6019155537569136, -1.6862268986914881, -1.5386820450559828, -1.327903682719547, -1.2646701740186161, -1.2014366653176853, -1.0960474841494672, -0.9274247942803187, -0.7798799406448133, -0.6744907594765952, -0.632335087009308, -0.6112572507756643, -0.569101578308377, -0.52694590584109, -0.5901794145420207, -0.6534129232429515, -0.632335087009308, -0.6534129232429515, -0.6112572507756643, -0.6112572507756643, -0.6112572507756643, -0.6534129232429515, -0.7166464319438824, -0.7588021044111697, -0.737724268177526, -0.6744907594765952, -0.632335087009308, -0.6955685957102388, -0.7588021044111697, -0.8220356131121005, -0.7798799406448133, -0.7588021044111697, -0.737724268177526, -0.8009577768784569, -0.8220356131121005, -0.9274247942803187, -0.8852691218130314, -0.7798799406448133, -0.8009577768784569, -0.7798799406448133, -0.8220356131121005, -0.8220356131121005, -0.8431134493457442, -0.7798799406448133, -0.7798799406448133, -0.8009577768784569, -0.8220356131121005, -0.8009577768784569, -0.8220356131121005, -0.737724268177526, -0.7166464319438824, -0.7588021044111697, -0.8009577768784569, -0.8220356131121005, -0.737724268177526, -0.7166464319438824, -0.6744907594765952, -0.6744907594765952, -0.737724268177526, -0.7166464319438824, -0.7166464319438824, -0.6112572507756643, -0.6534129232429515, -0.6744907594765952, -0.632335087009308, -0.6112572507756643, -0.569101578308377, -0.48479023337380284, -0.5058680696074465, -0.48479023337380284, -0.5480237420747335, -0.5480237420747335, -0.48479023337380284, -0.421556724672872, -0.3583232159719411, -0.37940105220558473, -0.37940105220558473, -0.31616754350465387]"
108,87,269368,N,N,N,V,0.85344106,False,0.0036795114,0.10760249,0.85344106,0.028024701,0.0072523355,"[0.21757766434728867, 0.2610931972167464, 0.326366496520933, 0.3481242629556619, 0.3481242629556619, 0.4569130951293063, 0.47867086156403515, 0.47867086156403515, 0.4569130951293063, 0.5221863944334929, 0.47867086156403515, 0.6092174601724084, 0.7832795916502394, 0.8267951245196972, 0.8920684238238837, 0.8920684238238837, 1.0008572559975282, 1.0878883217364437, 1.1531616210406304, 1.1314038546059015, 1.1096460881711725, 1.1531616210406304, 1.1966771539100882, 1.3272237525184611, 1.4142548182573766, 1.370739285387919, 1.3272237525184611, 1.1531616210406304, 0.8920684238238837, 0.6744907594765951, 0.6309752266071372, 0.47867086156403515, 0.3046087300862042, 0.15230436504310202, -0.021757766434728893, -0.043515532869457786, 0.04351553286945766, 0.02175776643472877, 0.0, -0.021757766434728893, -0.021757766434728893, 0.04351553286945766, 0.13054659860837323, 0.04351553286945766, 0.04351553286945766, 0.02175776643472877, -0.043515532869457786, 0.0, 0.08703106573891545, 0.04351553286945766, 0.02175776643472877, -0.06527329930418668, -0.043515532869457786, 0.06527329930418656, 0.13054659860837323, 0.06527329930418656, 0.08703106573891545, 0.04351553286945766, -0.021757766434728893, 0.02175776643472877, 0.06527329930418656, 0.0, 0.06527329930418656, 0.02175776643472877, 0.04351553286945766, 0.04351553286945766, 0.10878883217364434, 0.10878883217364434, 0.04351553286945766, 0.02175776643472877, -0.043515532869457786, 0.0, 0.06527329930418656, 0.10878883217364434, 0.10878883217364434, 0.2828509636514753, 0.6309752266071372, 1.1096460881711725, 1.74062131477831, 2.3933543078201764, 2.872025169384211, 3.046087300862042, 2.937298468688398, 3.0678450672967714, 3.4594848631218906, 3.655304761034451, 3.764093593208095, 3.8946401918164684, 3.938155724685926, 4.04694455685957, 4.221006688337401, 4.2862799876415885, 4.264522221206859, 4.090460089729028, 3.6335469945997216, 3.024329534427314, 2.3933543078201764, 1.871167913386683, 1.2619504532142745, 0.4351553286945774, -0.3916397958251198, -1.1314038546059015, -1.6318324826046657, -1.9581989791255987, -1.892925679821412, -1.697105781908852, -1.4577703511268345, -1.3489815189531902, -1.218434920344817, -1.218434920344817, -1.0878883217364437, -0.9355839566933416, -0.7615218252155105, -0.6527329930418663, -0.6309752266071375, -0.6309752266071375, -0.696248525911324, -0.7397640587807817, -0.718006292346053, -0.6744907594765952, -0.6527329930418663, -0.6744907594765952, -0.718006292346053, -0.8050373580849683, -0.8267951245196972, -0.7615218252155105, -0.718006292346053, -0.7832795916502394, -0.8485528909544261, -0.8267951245196972, -0.8050373580849683, -0.7832795916502394, -0.696248525911324, -0.6744907594765952, -0.7615218252155105, -0.8267951245196972, -0.8267951245196972, -0.7832795916502394, -0.7397640587807817, -0.7832795916502394, -0.8050373580849683, -0.8050373580849683, -0.8267951245196972, -0.7615218252155105, -0.718006292346053, -0.7832795916502394, -0.7397640587807817, -0.7615218252155105, -0.7615218252155105, -0.7397640587807817, -0.718006292346053, -0.7397640587807817, -0.7397640587807817, -0.7615218252155105, -0.7615218252155105, -0.696248525911324, -0.6744907594765952, -0.6527329930418663, -0.5874596937376796, -0.5874596937376796, -0.5657019273029508, -0.5221863944334929, -0.4351553286945776, -0.4569130951293065, -0.47867086156403515, -0.5004286279987641, -0.5221863944334929, -0.5004286279987641, -0.4133975622598487, -0.4569130951293065, -0.47867086156403515, -0.4569130951293065, -0.36988202939039094, -0.348124262955662, -0.30460873008620426, -0.26109319721674645, -0.30460873008620426, -0.30460873008620426, -0.2828509636514754, -0.26109319721674645]"
108,87,206704,N,N,N,V,0.87446207,False,0.003693523,0.096427746,0.87446207,0.018887948,0.006528701,"[0.1605930379706178, 0.20341784809611596, 0.28906746834711217, 0.33189227847261027, 0.39612949366085753, 0.4389543037863555, 0.4389543037863555, 0.4175418987236065, 0.39612949366085753, 0.4389543037863555, 0.5674287341628499, 0.6959031645393442, 0.7173155696020933, 0.8029651898530895, 0.8243775949158386, 0.8243775949158386, 0.9528520252923328, 1.0599140506060782, 1.1241512657943251, 1.1883884809825724, 1.1883884809825724, 1.2098008860453215, 1.1883884809825724, 1.3168629113590669, 1.3168629113590669, 1.2526256961708195, 1.0385016455433291, 0.7601403797275914, 0.6316659493510971, 0.4817791139118537, 0.39612949366085753, 0.22483025315886504, 0.03211860759412361, -0.13918063290786897, -0.16059303797061805, -0.09635582278237083, 0.010706202531374536, 0.09635582278237059, 0.03211860759412361, -0.03211860759412361, -0.010706202531374536, -0.010706202531374536, 0.010706202531374536, 0.03211860759412361, 0.07494341771962153, 0.09635582278237059, 0.13918063290786875, 0.07494341771962153, 0.053531012656872684, 0.053531012656872684, 0.03211860759412361, 0.03211860759412361, 0.03211860759412361, 0.09635582278237059, 0.09635582278237059, 0.07494341771962153, 0.03211860759412361, -0.010706202531374536, -0.053531012656872684, -0.053531012656872684, 0.010706202531374536, 0.010706202531374536, 0.053531012656872684, 0.010706202531374536, -0.010706202531374536, 0.07494341771962153, 0.13918063290786875, 0.1605930379706178, 0.010706202531374536, -0.053531012656872684, 0.010706202531374536, 0.13918063290786875, 0.20341784809611596, 0.3104798734098612, 0.39612949366085753, 0.6744907594765951, 1.1455636708570742, 1.6166365822375537, 2.2804211391827742, 2.7729064556260026, 3.094092531567238, 2.9656181011907443, 2.9656181011907443, 3.115504936629988, 3.4366910125712233, 3.5651654429477175, 3.7150522783869606, 3.8863515188889535, 3.9720011391399495, 4.1861251897674405, 4.378836835332182, 4.507311265708676, 4.443074050520429, 4.250362404955687, 3.864939113826204, 3.28680417713198, 2.7514940505632532, 2.194771518931778, 1.5523993670493064, 0.8457899999785876, 0.010706202531374536, -0.7173155696020935, -1.2526256961708195, -1.4881621518610595, -1.5523993670493066, -1.3168629113590669, -1.2312132911080707, -1.1241512657943256, -1.0813264556688276, -0.9742644303550821, -0.8886148101040858, -0.7601403797275914, -0.6744907594765953, -0.6530783544138463, -0.5460163291001009, -0.5246039240373518, -0.56742873416285, -0.6316659493510972, -0.6316659493510972, -0.6102535442883481, -0.5246039240373518, -0.6102535442883481, -0.5888411392255991, -0.6316659493510972, -0.6744907594765953, -0.6102535442883481, -0.56742873416285, -0.56742873416285, -0.6744907594765953, -0.7601403797275914, -0.8029651898530895, -0.7601403797275914, -0.7387279746648423, -0.6316659493510972, -0.6316659493510972, -0.6959031645393444, -0.7387279746648423, -0.7601403797275914, -0.7387279746648423, -0.7601403797275914, -0.7173155696020935, -0.6959031645393444, -0.7173155696020935, -0.6744907594765953, -0.6744907594765953, -0.7173155696020935, -0.7387279746648423, -0.7815527847903405, -0.7387279746648423, -0.7815527847903405, -0.7387279746648423, -0.7601403797275914, -0.7815527847903405, -0.8029651898530895, -0.7815527847903405, -0.7387279746648423, -0.6959031645393444, -0.7173155696020935, -0.7173155696020935, -0.6959031645393444, -0.7173155696020935, -0.7173155696020935, -0.6959031645393444, -0.7173155696020935, -0.6744907594765953, -0.6744907594765953, -0.6530783544138463, -0.6102535442883481, -0.5246039240373518, -0.5246039240373518, -0.5246039240373518, -0.56742873416285, -0.5031915189746028, -0.43895430378635575, -0.4175418987236067, -0.4175418987236067, -0.43895430378635575, -0.43895430378635575, -0.3533046835353595, -0.3318922784726104]"
108,87,181790,N,N,N,V,0.85683066,False,0.0036987804,0.11097173,0.85683066,0.021873968,0.0066248127,"[0.289067468347112, 0.3276097974600603, 0.4239656202424311, 0.44323678479890527, 0.40469445568595697, 0.40469445568595697, 0.44323678479890527, 0.5010502784683276, 0.5974061012506984, 0.7130330885895432, 0.674490759476595, 0.7323042531460174, 0.7708465822589657, 0.8093889113719139, 0.9057447341542847, 0.9635582278237071, 0.9442870632672331, 0.8864735695978105, 0.9250158987107588, 1.0213717214931295, 1.1369987088319744, 1.2140833670578708, 1.1369987088319744, 1.1369987088319744, 1.079185215162552, 0.9250158987107588, 0.8672024050413364, 0.674490759476595, 0.4817791139118535, 0.34688096201653446, 0.25052513923416386, 0.17344048100826723, 0.09635582278237059, 0.019271164556474162, -0.019271164556474162, 0.03854232911294811, 0.019271164556474162, 0.019271164556474162, -0.019271164556474162, 0.019271164556474162, 0.019271164556474162, 0.0, 0.0, -0.019271164556474162, 0.0, 0.019271164556474162, -0.019271164556474162, -0.019271164556474162, 0.019271164556474162, 0.0, 0.019271164556474162, 0.05781349366942227, 0.03854232911294811, 0.019271164556474162, -0.019271164556474162, -0.019271164556474162, 0.05781349366942227, 0.13489815189531892, 0.15416931645179308, 0.11562698733884476, 0.07708465822589643, 0.05781349366942227, 0.11562698733884476, 0.11562698733884476, 0.09635582278237059, 0.09635582278237059, 0.019271164556474162, 0.03854232911294811, 0.019271164556474162, 0.13489815189531892, 0.07708465822589643, 0.15416931645179308, 0.15416931645179308, 0.3276097974600603, 0.6552195949201208, 1.0213717214931295, 1.4453373417355608, 1.9656587847603628, 2.4859802277851646, 2.8714035189146476, 2.8906746834711217, 2.852132354358173, 2.987030506253492, 3.25682681004413, 3.430267291052398, 3.6037077720606647, 3.8156905821818805, 3.989131063190148, 4.066215721416044, 4.239656202424312, 4.451639012545527, 4.451639012545527, 4.4901813416584755, 4.278198531537259, 3.7771482530689324, 3.1411998227052855, 2.4859802277851646, 1.8885741265344662, 1.3682526835096642, 0.7323042531460174, -0.0963558227823708, -0.8093889113719144, -1.3104391898402417, -1.6380489873003024, -1.5416931645179317, -1.3875238480661383, -1.2718968607272938, -1.2333545316143455, -1.2140833670578712, -1.1562698733884489, -0.9828293923801814, -0.7708465822589661, -0.6937619240330694, -0.5974061012506986, -0.6359484303636469, -0.7130330885895435, -0.5974061012506986, -0.5974061012506986, -0.5781349366942244, -0.6166772658071727, -0.6359484303636469, -0.6166772658071727, -0.6359484303636469, -0.5974061012506986, -0.655219594920121, -0.6744907594765952, -0.6937619240330694, -0.6744907594765952, -0.6166772658071727, -0.655219594920121, -0.6744907594765952, -0.7515754177024919, -0.7901177468154402, -0.7515754177024919, -0.7515754177024919, -0.7708465822589661, -0.8286600759283881, -0.7901177468154402, -0.8286600759283881, -0.8672024050413364, -0.8672024050413364, -0.8093889113719144, -0.7901177468154402, -0.7901177468154402, -0.7901177468154402, -0.8479312404848622, -0.8093889113719144, -0.7901177468154402, -0.8672024050413364, -0.8672024050413364, -0.8479312404848622, -0.7901177468154402, -0.7515754177024919, -0.6744907594765952, -0.7323042531460177, -0.8093889113719144, -0.8286600759283881, -0.8286600759283881, -0.7708465822589661, -0.6937619240330694, -0.6937619240330694, -0.7323042531460177, -0.7515754177024919, -0.7130330885895435, -0.7130330885895435, -0.6166772658071727, -0.6744907594765952, -0.5974061012506986, -0.6744907594765952, -0.6744907594765952, -0.655219594920121, -0.5588637721377503, -0.5974061012506986, -0.6166772658071727, -0.6359484303636469, -0.655219594920121, -0.5588637721377503, -0.48177911391185363, -0.5010502784683277, -0.5010502784683277]"
108,87,171955,N,N,N,V,0.8652653,False,0.0037015458,0.104263276,0.8652653,0.020088783,0.006681019,"[0.24731327847475157, 0.3597284050541841, 0.40469445568595713, 0.40469445568595713, 0.4721435316336166, 0.49462655694950314, 0.5395926075812761, 0.5171095822653896, 0.4721435316336166, 0.5620756328971627, 0.6744907594765952, 0.8093889113719143, 0.8768379873195739, 0.9218040379513468, 0.9442870632672333, 0.9892531138990063, 1.0342191645307792, 1.0791852151625523, 1.1466342911102119, 1.191600341741985, 1.236566392373758, 1.2590494176896445, 1.2590494176896445, 1.281532443005531, 1.281532443005531, 1.191600341741985, 1.0567021898466658, 0.8768379873195739, 0.7419398354242547, 0.6295247088448221, 0.5171095822653896, 0.29227932910652454, 0.11241512657943252, -0.04496605063177306, -0.06744907594765959, -0.06744907594765959, 0.0, 0.0, -0.02248302531588653, 0.022483025315886404, 0.022483025315886404, 0.04496605063177293, 0.04496605063177293, 0.022483025315886404, 0.022483025315886404, 0.04496605063177293, 0.022483025315886404, 0.13489815189531898, 0.08993210126354599, 0.022483025315886404, -0.04496605063177306, -0.04496605063177306, -0.04496605063177306, -0.04496605063177306, 0.0, 0.08993210126354599, 0.1573811772112055, 0.04496605063177293, 0.022483025315886404, 0.08993210126354599, 0.24731327847475157, 0.33724537973829755, 0.2023472278429785, 0.13489815189531898, 0.0, 0.022483025315886404, -0.02248302531588653, 0.022483025315886404, 0.04496605063177293, 0.08993210126354599, 0.13489815189531898, 0.13489815189531898, 0.08993210126354599, 0.13489815189531898, 0.269796303790638, 0.5171095822653896, 0.8768379873195739, 1.551328746796169, 2.270785556904537, 2.967759341697019, 3.3499707720670897, 3.3499707720670897, 3.170106569539998, 3.327487746751203, 3.619767075857728, 3.79963127838482, 3.934529430280139, 3.979495480911912, 4.091910607491345, 4.2942578353343235, 4.541571113809074, 4.721435316336167, 4.743918341652053, 4.5865371644408475, 4.24929178470255, 3.5972840505418415, 2.922793291065246, 2.135887405009218, 1.4389136202167363, 0.7194568101083681, 0.0, -0.6744907594765952, -1.2590494176896445, -1.6187778227438285, -1.6187778227438285, -1.4389136202167367, -1.326498493637304, -1.2140833670578715, -1.1691173164260984, -1.011736139214893, -0.876837987319574, -0.8093889113719144, -0.6744907594765952, -0.6520077341607087, -0.5845586582130493, -0.5620756328971628, -0.5845586582130493, -0.6070416835289358, -0.6520077341607087, -0.6295247088448221, -0.6295247088448221, -0.6520077341607087, -0.6520077341607087, -0.6295247088448221, -0.6295247088448221, -0.6520077341607087, -0.6969737847924817, -0.6295247088448221, -0.7644228607401413, -0.7419398354242548, -0.8093889113719144, -0.7869058860560278, -0.7419398354242548, -0.7644228607401413, -0.7194568101083683, -0.7644228607401413, -0.8318719366878009, -0.8543549620036874, -0.8318719366878009, -0.7644228607401413, -0.6969737847924817, -0.7194568101083683, -0.7194568101083683, -0.7869058860560278, -0.7644228607401413, -0.7644228607401413, -0.7869058860560278, -0.8318719366878009, -0.9218040379513468, -0.876837987319574, -0.7869058860560278, -0.7194568101083683, -0.7644228607401413, -0.7419398354242548, -0.7869058860560278, -0.8093889113719144, -0.6969737847924817, -0.6744907594765952, -0.6295247088448221, -0.6295247088448221, -0.6969737847924817, -0.6969737847924817, -0.6744907594765952, -0.6744907594765952, -0.7194568101083683, -0.7419398354242548, -0.7419398354242548, -0.6520077341607087, -0.6520077341607087, -0.6295247088448221, -0.5845586582130493, -0.49462655694950325, -0.4721435316336167, -0.4496605063177302, -0.4721435316336167, -0.4721435316336167, -0.40469445568595713, -0.3822114303700707, -0.2922793291065246, -0.2922793291065246]"
108,87,82281,N,N,N,V,0.923894,False,0.0037135812,0.05424616,0.923894,0.012672951,0.0054732226,"[0.6527329930418664, 0.6962485259113241, 0.6744907594765952, 0.6744907594765952, 0.6853696426939596, 0.7071274091286885, 0.7071274091286885, 0.6962485259113241, 0.7397640587807819, 0.7941584748676042, 0.8267951245196975, 0.7941584748676042, 0.7724007084328752, 0.8376740077370619, 0.8594317741717907, 0.8376740077370619, 0.7832795916502396, 0.8267951245196975, 0.9029473070412485, 0.9029473070412485, 0.9247050734759774, 0.9355839566933418, 0.9355839566933418, 0.8267951245196975, 0.6962485259113241, 0.5983385769550441, 0.5330652776508575, 0.5004286279987642, 0.46779197834667086, 0.3807609126077554, 0.26109319721674656, 0.19581989791255985, 0.20669878112992432, 0.20669878112992432, 0.17406213147783095, 0.10878883217364438, 0.09790994895627993, 0.14142548182573772, 0.13054659860837328, 0.13054659860837328, 0.08703106573891548, 0.07615218252155104, 0.08703106573891548, 0.11966771539100883, 0.1631832482604665, 0.17406213147783095, 0.18494101469519542, 0.13054659860837328, 0.02175776643472878, -0.05439441608682225, -0.0652732993041867, 0.01087888321736445, 0.03263664965209323, 0.0, 0.03263664965209323, 0.05439441608682213, 0.08703106573891548, 0.08703106573891548, 0.06527329930418659, 0.05439441608682213, 0.07615218252155104, 0.02175776643472878, -0.03263664965209335, -0.03263664965209335, 0.02175776643472878, 0.0, -0.0217577664347289, 0.01087888321736445, 0.02175776643472878, 0.0, 0.02175776643472878, -0.01087888321736445, 0.06527329930418659, 0.19581989791255985, 0.36988202939039094, 0.6092174601724086, 0.8267951245196975, 1.0443727888669863, 1.2510715699969106, 1.3163448693010973, 1.240192686779546, 1.1531616210406308, 1.1749193874753596, 1.2728293364316394, 1.3163448693010973, 1.3707392853879194, 1.457770351126835, 1.5121647672136571, 1.5665591833004793, 1.6318324826046662, 1.707984665126217, 1.7188635483435817, 1.6971057819088529, 1.5991958329525728, 1.2184349203448173, 0.7071274091286885, 0.34812426295566207, 0.04351553286945768, -0.30460873008620437, -0.6744907594765954, -0.9790994895627998, -1.1749193874753594, -1.2728293364316396, -1.2184349203448173, -1.0552516720843508, -0.8920684238238842, -0.8703106573891553, -0.9464628399107065, -0.9573417231280709, -0.8376740077370619, -0.7071274091286888, -0.6418541098245021, -0.5874596937376798, -0.5548230440855865, -0.5657019273029509, -0.5330652776508575, -0.5330652776508575, -0.5439441608682221, -0.5657019273029509, -0.5874596937376798, -0.5439441608682221, -0.4786708615640353, -0.4786708615640353, -0.5330652776508575, -0.5657019273029509, -0.6309752266071377, -0.6200963433897732, -0.6527329930418665, -0.6418541098245021, -0.6309752266071377, -0.6418541098245021, -0.6853696426939598, -0.6092174601724087, -0.5330652776508575, -0.5330652776508575, -0.5874596937376798, -0.6418541098245021, -0.6853696426939598, -0.6744907594765954, -0.6744907594765954, -0.663611876259231, -0.6527329930418665, -0.6853696426939598, -0.6962485259113244, -0.6962485259113244, -0.6853696426939598, -0.6527329930418665, -0.6744907594765954, -0.7615218252155108, -0.7724007084328752, -0.7288851755634177, -0.6853696426939598, -0.663611876259231, -0.7180062923460532, -0.7832795916502396, -0.8050373580849686, -0.7288851755634177, -0.663611876259231, -0.6527329930418665, -0.6744907594765954, -0.7615218252155108, -0.8376740077370619, -0.8050373580849686, -0.7615218252155108, -0.7288851755634177, -0.7288851755634177, -0.7941584748676042, -0.8267951245196975, -0.7724007084328752, -0.7180062923460532, -0.6853696426939598, -0.7288851755634177, -0.8159162413023331, -0.8376740077370619, -0.7724007084328752, -0.7071274091286888, -0.6309752266071377, -0.6092174601724087, -0.6418541098245021, -0.7071274091286888]"
108,87,278289,N,N,N,V,0.9074268,False,0.00374177,0.06572632,0.9074268,0.016625633,0.00647951,"[0.18735854429905424, 0.06245284809968479, 0.08743398733955872, 0.13739626581930656, 0.28728310125854994, 0.3122642404984237, 0.3122642404984237, 0.18735854429905424, 0.262301962018676, 0.41218879745791936, 0.5121133544174149, 0.4621510759376671, 0.48713221517754096, 0.5121133544174149, 0.5121133544174149, 0.6120379113769104, 0.761924746816154, 0.936792721495271, 1.0616984176946407, 1.1116606961743885, 1.0616984176946407, 1.1366418354142622, 1.211585253133884, 1.211585253133884, 1.1866041138940102, 1.1366418354142622, 1.211585253133884, 1.3364909493332535, 1.4613966455326228, 1.4364155062927493, 1.4364155062927493, 1.2615475316136318, 1.211585253133884, 1.011736139214893, 0.8368681645357755, 0.5870567721370367, 0.4371699366977933, 0.28728310125854994, 0.16237740505918033, 0.06245284809968479, -0.037471708859810875, 0.037471708859810875, 0.06245284809968479, -0.01249056961993696, -0.01249056961993696, 0.01249056961993696, 0.037471708859810875, 0.037471708859810875, 0.037471708859810875, 0.01249056961993696, 0.01249056961993696, 0.06245284809968479, 0.037471708859810875, -0.037471708859810875, -0.06245284809968479, -0.06245284809968479, 0.06245284809968479, 0.11241512657943263, 0.11241512657943263, 0.06245284809968479, 0.037471708859810875, -0.08743398733955872, 0.01249056961993696, 0.037471708859810875, 0.037471708859810875, 0.06245284809968479, 0.08743398733955872, 0.037471708859810875, -0.01249056961993696, 0.11241512657943263, 0.16237740505918033, -0.01249056961993696, -0.037471708859810875, 0.037471708859810875, 0.11241512657943263, 0.16237740505918033, 0.28728310125854994, 0.5620756328971628, 0.961773860735145, 1.6112834809718664, 2.3607176581680833, 3.035208417644678, 3.4349066454826604, 3.2850198100434174, 3.085170696124426, 3.1850952530839214, 3.4099255062427867, 3.7096991771212733, 3.9595105695200123, 4.159359683439003, 4.234303101158625, 4.33422765811812, 4.509095632797239, 4.534076772037112, 4.409171075837743, 3.8346048733206435, 2.9352838606851828, 1.911057151850353, 1.011736139214893, 0.3122642404984237, -0.6120379113769104, -1.461396645532623, -2.1358874050092176, -2.5106044936073264, -2.4356610758877046, -2.0859251265294705, -1.8111325948908574, -1.6112834809718661, -1.6112834809718661, -1.4114343670528753, -1.211585253133884, -0.8868304430155233, -0.6869813290965322, -0.5370944936572887, -0.6120379113769104, -0.6370190506167843, -0.6370190506167843, -0.6869813290965322, -0.6370190506167843, -0.6620001898566583, -0.6620001898566583, -0.6120379113769104, -0.6620001898566583, -0.6620001898566583, -0.6370190506167843, -0.5870567721370366, -0.6120379113769104, -0.6869813290965322, -0.6620001898566583, -0.7119624683364061, -0.7869058860560276, -0.7869058860560276, -0.7869058860560276, -0.8118870252959015, -0.7369436075762797, -0.7369436075762797, -0.7619247468161536, -0.8618493037756494, -0.8618493037756494, -0.8868304430155233, -0.8368681645357754, -0.7619247468161536, -0.8118870252959015, -0.8868304430155233, -0.8618493037756494, -0.9118115822553972, -0.9118115822553972, -0.8618493037756494, -0.9118115822553972, -0.8118870252959015, -0.7619247468161536, -0.7869058860560276, -0.7619247468161536, -0.8118870252959015, -0.8118870252959015, -0.8118870252959015, -0.7869058860560276, -0.8868304430155233, -0.8368681645357754, -0.7869058860560276, -0.5870567721370366, -0.6370190506167843, -0.6869813290965322, -0.7869058860560276, -0.7869058860560276, -0.7619247468161536, -0.6869813290965322, -0.5620756328971626, -0.5620756328971626, -0.5620756328971626, -0.5620756328971626, -0.5370944936572887, -0.48713221517754085, -0.48713221517754085, -0.48713221517754085, -0.5121133544174148, -0.4621510759376669, -0.4121887974579191, -0.36222651897817154, -0.3122642404984237]"
108,87,173452,N,N,N,V,0.8633174,False,0.0037419358,0.1041656,0.8633174,0.022425327,0.0063496446,"[0.29611789440435893, 0.3290198826715099, 0.3454708768050854, 0.4770788298736894, 0.5593338005415669, 0.5593338005415669, 0.5264318122744158, 0.4770788298736894, 0.4606278357401139, 0.5264318122744158, 0.5593338005415669, 0.6415887712094444, 0.7567457301444728, 0.7896477184116237, 0.7402947360108972, 0.7896477184116237, 0.8554516949459258, 0.8719026890795013, 0.8883536832130767, 0.9048046773466523, 1.0199616362816806, 1.1844715776174355, 1.2173735658845866, 1.0199616362816806, 0.7896477184116237, 0.6086867829422933, 0.6086867829422933, 0.5922357888087177, 0.4770788298736894, 0.24676491200363246, 0.03290198826715102, -0.049352982400726435, 0.0, 0.09870596480145297, 0.06580397653430203, 0.049352982400726525, 0.0, 0.01645099413357551, 0.06580397653430203, 0.06580397653430203, 0.06580397653430203, 0.06580397653430203, 0.049352982400726525, 0.03290198826715102, 0.08225497066787746, 0.18096093546933045, 0.16450994133575494, 0.11515695893502848, -0.032901988267150926, -0.06580397653430195, -0.09870596480145297, -0.06580397653430195, 0.08225497066787746, 0.16450994133575494, 0.13160795306860398, 0.11515695893502848, 0.09870596480145297, 0.09870596480145297, 0.06580397653430203, 0.03290198826715102, 0.06580397653430203, 0.11515695893502848, 0.16450994133575494, 0.19741192960290596, 0.09870596480145297, -0.032901988267150926, -0.049352982400726435, -0.06580397653430195, -0.049352982400726435, 0.08225497066787746, 0.23031391787005695, 0.3454708768050854, 0.3290198826715099, 0.4606278357401139, 0.7896477184116237, 1.2173735658845866, 1.694452395758276, 2.2044332138991165, 2.5170021024370506, 2.5005511083034753, 2.3360411669677204, 2.434747131769173, 2.648610055505655, 2.8460219851085604, 2.8953749675092872, 3.043433914711467, 3.1750418677800707, 3.224394850180797, 3.3724537973829762, 3.5698657269858822, 3.6850226859209103, 3.6521206976537592, 3.553414732852307, 3.356002803249401, 2.9447279499100136, 2.3360411669677204, 1.6780014016247005, 1.16802058348386, 0.8060987125451993, 0.44417684160653836, -0.032901988267150926, -0.6744907594765952, -1.233824560018162, -1.464138477888219, -1.4476874837546434, -1.233824560018162, -1.069314618682407, -0.9706086538809543, -1.003510642148105, -0.9706086538809543, -0.9212556714802278, -0.7731967242780483, -0.6744907594765952, -0.6086867829422932, -0.5922357888087176, -0.5757847946751423, -0.5593338005415669, -0.5099808181408403, -0.5428828064079914, -0.5922357888087176, -0.6086867829422932, -0.6251377770758687, -0.6086867829422932, -0.6086867829422932, -0.5922357888087176, -0.5593338005415669, -0.5099808181408403, -0.5264318122744158, -0.6086867829422932, -0.6744907594765952, -0.7896477184116238, -0.8390007008123502, -0.8719026890795013, -0.7731967242780483, -0.6909417536101707, -0.6251377770758687, -0.6415887712094442, -0.7238437418773218, -0.8225497066787746, -0.8225497066787746, -0.8719026890795013, -0.8883536832130767, -0.9377066656138033, -0.9870596480145298, -0.9541576597473788, -0.8225497066787746, -0.7073927477437463, -0.6580397653430198, -0.7073927477437463, -0.8225497066787746, -0.9048046773466523, -0.9212556714802278, -0.7896477184116238, -0.7402947360108972, -0.6909417536101707, -0.8060987125451992, -0.9870596480145298, -1.135118595216709, -1.069314618682407, -0.8883536832130767, -0.6580397653430198, -0.6744907594765952, -0.8225497066787746, -0.8554516949459258, -0.7238437418773218, -0.6251377770758687, -0.6744907594765952, -0.7731967242780483, -0.8060987125451992, -0.7238437418773218, -0.5922357888087176, -0.6086867829422932, -0.7073927477437463, -0.8060987125451992, -0.9212556714802278, -0.8390007008123502, -0.7402947360108972, -0.6415887712094442, -0.6580397653430198, -0.6415887712094442]"
108,87,246948,N,N,N,V,0.8553823,False,0.0037419917,0.112287864,0.8553823,0.022051817,0.0065359157,"[0.18606641640733668, 0.23258302050917087, 0.30235792666192207, 0.34887453076375624, 0.39539113486559047, 0.48842434306925875, 0.48842434306925875, 0.4419077389674245, 0.534940947171093, 0.48842434306925875, 0.581457551272927, 0.6977490615275125, 0.8140405717820979, 0.883815477934849, 0.883815477934849, 0.9070737799857662, 0.9303320820366833, 1.0466235922912686, 1.0698818943421857, 1.11639849844402, 1.093140196393103, 1.2094317066476883, 1.3257232169022737, 1.395498123055025, 1.418756425105942, 1.3024649148513567, 1.2326900086986052, 1.0698818943421857, 0.9070737799857662, 0.7907822697311808, 0.6047158533238441, 0.4419077389674245, 0.23258302050917087, 0.023258302050917102, -0.023258302050917102, -0.046516604101834204, 0.0, 0.06977490615275131, 0.046516604101834204, -0.046516604101834204, 0.046516604101834204, 0.06977490615275131, 0.1162915102545855, 0.046516604101834204, -0.046516604101834204, -0.046516604101834204, 0.0, 0.046516604101834204, 0.023258302050917102, 0.046516604101834204, 0.0, -0.023258302050917102, 0.023258302050917102, 0.09303320820366841, 0.1162915102545855, 0.046516604101834204, 0.0, 0.0, 0.023258302050917102, 0.06977490615275131, 0.06977490615275131, 0.046516604101834204, 0.0, -0.023258302050917102, 0.06977490615275131, 0.09303320820366841, 0.1162915102545855, 0.0, 0.0, -0.046516604101834204, 0.023258302050917102, 0.046516604101834204, 0.13954981230550262, 0.37213283281467335, 0.7442656656293467, 1.2326900086986052, 1.8606641640733665, 2.535154923549962, 3.116612474822889, 3.279420589179309, 3.1863873809756402, 3.093354172771972, 3.3491954953320593, 3.628295119943065, 3.860878140452235, 4.023686254808655, 4.116719463012323, 4.116719463012323, 4.279527577368743, 4.465593993776079, 4.558627201979748, 4.465593993776079, 4.186494369165074, 3.9073947445540695, 3.3491954953320593, 2.7677379440591325, 2.2095386948371227, 1.6978560497169468, 1.139656800494937, 0.581457551272927, -0.09303320820366814, -0.7675239676802635, -1.3024649148513567, -1.8141475599715324, -2.0002139763788684, -1.8141475599715324, -1.5583062374114443, -1.4187564251059417, -1.2792066128004396, -1.2326900086986052, -1.162915102545854, -1.0466235922912686, -0.860557175883932, -0.6744907594765952, -0.6279741553747612, -0.581457551272927, -0.6744907594765952, -0.7442656656293465, -0.6512324574256784, -0.581457551272927, -0.5116826451201757, -0.581457551272927, -0.6512324574256784, -0.7210073635784293, -0.6512324574256784, -0.6744907594765952, -0.6279741553747612, -0.6512324574256784, -0.7210073635784293, -0.7675239676802635, -0.7442656656293465, -0.6977490615275123, -0.6744907594765952, -0.6977490615275123, -0.7442656656293465, -0.7907822697311807, -0.7675239676802635, -0.7442656656293465, -0.7210073635784293, -0.7442656656293465, -0.7442656656293465, -0.7907822697311807, -0.7907822697311807, -0.7675239676802635, -0.7210073635784293, -0.7210073635784293, -0.7675239676802635, -0.7907822697311807, -0.8140405717820978, -0.7442656656293465, -0.7210073635784293, -0.6977490615275123, -0.7675239676802635, -0.7675239676802635, -0.7210073635784293, -0.6744907594765952, -0.6744907594765952, -0.6744907594765952, -0.7442656656293465, -0.7442656656293465, -0.6744907594765952, -0.6279741553747612, -0.6512324574256784, -0.6512324574256784, -0.6512324574256784, -0.6279741553747612, -0.581457551272927, -0.48842434306925864, -0.5349409471710929, -0.5116826451201757, -0.5349409471710929, -0.5581992492220099, -0.48842434306925864, -0.4419077389674244, -0.37213283281467313, -0.3953911348655902, -0.34887453076375624, -0.34887453076375624, -0.30235792666192207, -0.27909962461100496]"
108,87,111501,N,N,N,V,0.8937052,False,0.003752852,0.07939588,0.8937052,0.01721786,0.0059282924,"[0.38048196688423325, 0.39777660174260754, 0.4150712366009818, 0.46695514117610454, 0.48424977603447883, 0.4150712366009818, 0.4150712366009818, 0.4496605063177303, 0.48424977603447883, 0.5188390457512272, 0.6744907594765954, 0.709080029193344, 0.7436692989100924, 0.7782585686268408, 0.7955532034852152, 0.8301424732019635, 0.9166156474938348, 0.9166156474938348, 0.9166156474938348, 0.8993210126354606, 0.9166156474938348, 0.9512049172105833, 1.0376780915024544, 1.0895619960775773, 1.1241512657943258, 1.1068566309359515, 1.0203834566440801, 0.8993210126354606, 0.7609639337684666, 0.57072295032635, 0.4496605063177303, 0.2940087925923622, 0.10376780915024554, 0.08647317429187129, 0.05188390457512277, 0.034589269716748514, 0.034589269716748514, 0.0, 0.017294634858374257, 0.08647317429187129, 0.08647317429187129, 0.08647317429187129, 0.05188390457512277, 0.017294634858374257, -0.034589269716748514, -0.034589269716748514, 0.034589269716748514, 0.017294634858374257, 0.05188390457512277, -0.017294634858374257, -0.05188390457512277, 0.0, 0.05188390457512277, 0.05188390457512277, -0.017294634858374257, 0.017294634858374257, 0.0, 0.017294634858374257, 0.05188390457512277, 0.034589269716748514, -0.034589269716748514, 0.017294634858374257, 0.017294634858374257, 0.06917853943349703, 0.06917853943349703, 0.05188390457512277, 0.034589269716748514, 0.017294634858374257, -0.017294634858374257, 0.0, 0.034589269716748514, 0.017294634858374257, 0.05188390457512277, 0.10376780915024554, 0.2075356183004909, 0.4150712366009818, 0.7782585686268408, 1.1241512657943258, 1.5565171372536817, 2.0580615481465347, 2.4212488801723935, 2.473132784747517, 2.3520703407388965, 2.300186436163774, 2.4558381498891424, 2.576900593897762, 2.6979630379063817, 2.836320116773376, 2.9227932910652465, 2.9746771956403695, 3.0438557350738664, 3.1649181790824863, 3.1476235442241123, 3.0957396396489893, 2.8709093864901245, 2.3693649755972714, 1.6429903115455529, 1.0030888217857061, 0.4150712366009818, -0.034589269716748514, -0.5188390457512273, -0.9857941869273319, -1.4700439629618107, -1.7467581206957985, -1.7640527555541727, -1.6256956766871786, -1.3316868840948166, -1.1933298052278225, -1.1414459006526998, -1.1068566309359513, -1.0549727263608288, -0.9166156474938348, -0.7436692989100923, -0.6399014897598467, -0.6053122200430986, -0.5880175851847244, -0.6053122200430986, -0.5534283154679759, -0.5015444108928531, -0.5188390457512273, -0.5188390457512273, -0.5707229503263501, -0.5880175851847244, -0.5534283154679759, -0.5361336806096015, -0.5534283154679759, -0.6053122200430986, -0.5707229503263501, -0.6053122200430986, -0.5880175851847244, -0.6399014897598467, -0.657196124618221, -0.6744907594765952, -0.6917853943349696, -0.726374664051718, -0.6917853943349696, -0.6399014897598467, -0.6399014897598467, -0.6744907594765952, -0.726374664051718, -0.726374664051718, -0.7090800291933438, -0.657196124618221, -0.7090800291933438, -0.726374664051718, -0.726374664051718, -0.7782585686268408, -0.6917853943349696, -0.6917853943349696, -0.6917853943349696, -0.7436692989100923, -0.7436692989100923, -0.726374664051718, -0.7609639337684665, -0.6744907594765952, -0.6744907594765952, -0.657196124618221, -0.7090800291933438, -0.726374664051718, -0.6744907594765952, -0.6744907594765952, -0.7436692989100923, -0.7609639337684665, -0.7436692989100923, -0.726374664051718, -0.6744907594765952, -0.657196124618221, -0.657196124618221, -0.7090800291933438, -0.7609639337684665, -0.7436692989100923, -0.726374664051718, -0.6917853943349696, -0.7090800291933438, -0.7090800291933438, -0.6744907594765952, -0.657196124618221, -0.6399014897598467, -0.5880175851847244, -0.5707229503263501]"
108,87,170801,N,N,N,V,0.8529025,False,0.003754276,0.11463241,0.8529025,0.022026183,0.006684661,"[0.27401187103736674, 0.3794010522055848, 0.4847902333738028, 0.4847902333738028, 0.5058680696074463, 0.4847902333738028, 0.46371239714015916, 0.632335087009308, 0.7798799406448133, 0.8220356131121005, 0.8431134493457441, 0.7798799406448133, 0.8009577768784568, 0.8431134493457441, 0.8852691218130312, 0.9906583029812491, 1.1592809928503982, 1.222514501551329, 1.222514501551329, 1.2014366653176853, 1.222514501551329, 1.264670174018616, 1.0960474841494672, 0.9695804667476056, 0.8431134493457441, 0.6534129232429516, 0.52694590584109, 0.35832321597194117, 0.1897005261027924, 0.042155672467287124, -0.1264670174018616, -0.1264670174018616, -0.10538918116821798, -0.10538918116821798, -0.04215567246728724, 0.02107783623364362, 0.08431134493457436, -0.04215567246728724, -0.04215567246728724, 0.0, 0.042155672467287124, 0.08431134493457436, -0.02107783623364362, -0.04215567246728724, 0.0, 0.02107783623364362, 0.10538918116821798, 0.08431134493457436, 0.042155672467287124, 0.06323350870093074, 0.08431134493457436, 0.08431134493457436, 0.06323350870093074, 0.08431134493457436, 0.042155672467287124, 0.06323350870093074, 0.10538918116821798, 0.10538918116821798, 0.1264670174018616, 0.10538918116821798, 0.042155672467287124, 0.06323350870093074, 0.10538918116821798, 0.1264670174018616, 0.14754485363550515, 0.10538918116821798, 0.042155672467287124, 0.06323350870093074, 0.08431134493457436, 0.14754485363550515, 0.14754485363550515, 0.10538918116821798, 0.10538918116821798, 0.316167543504654, 0.6744907594765952, 1.1171253203831109, 1.5386820450559828, 2.171017132065291, 2.803352219074599, 3.1827532712801836, 3.2670646162147583, 3.1405975988128967, 3.2038311075138273, 3.4146094698502636, 3.6253878321866995, 3.794010522055848, 3.9415553756913537, 3.9837110481586406, 4.089100229326858, 4.2577229191960075, 4.468501281532443, 4.573890462700661, 4.510656953999731, 4.2577229191960075, 3.794010522055848, 3.0984419263456093, 2.33963982193444, 1.749460407392419, 1.2014366653176853, 0.5901794145420207, -0.18970052610279245, -0.8641912855793876, -1.5176042088223392, -1.7916160798597058, -1.6862268986914881, -1.3911371914204775, -1.2014366653176853, -1.1171253203831109, -1.0960474841494672, -1.011736139214893, -0.8852691218130312, -0.7377242681775261, -0.6112572507756644, -0.5901794145420207, -0.5691015783083772, -0.5480237420747337, -0.5058680696074466, -0.5058680696074466, -0.5480237420747337, -0.632335087009308, -0.6744907594765952, -0.6955685957102389, -0.632335087009308, -0.6534129232429516, -0.6534129232429516, -0.6744907594765952, -0.7377242681775261, -0.7166464319438824, -0.7166464319438824, -0.6744907594765952, -0.7798799406448134, -0.7798799406448134, -0.7588021044111697, -0.7166464319438824, -0.7166464319438824, -0.7798799406448134, -0.8220356131121004, -0.843113449345744, -0.8220356131121004, -0.7588021044111697, -0.7798799406448134, -0.7798799406448134, -0.7588021044111697, -0.7588021044111697, -0.7588021044111697, -0.7377242681775261, -0.7798799406448134, -0.8220356131121004, -0.8220356131121004, -0.8220356131121004, -0.8220356131121004, -0.7798799406448134, -0.7166464319438824, -0.7377242681775261, -0.7588021044111697, -0.7798799406448134, -0.8009577768784569, -0.7377242681775261, -0.7166464319438824, -0.6744907594765952, -0.5901794145420207, -0.6112572507756644, -0.6534129232429516, -0.6744907594765952, -0.632335087009308, -0.632335087009308, -0.6534129232429516, -0.6744907594765952, -0.6955685957102389, -0.6534129232429516, -0.6112572507756644, -0.5058680696074466, -0.4847902333738029, -0.5058680696074466, -0.4847902333738029, -0.44263456090651565, -0.42155672467287203, -0.42155672467287203, -0.3794010522055848, -0.3794010522055848]"
108,87,184418,N,N,N,V,0.8517972,False,0.0037549448,0.115564056,0.8517972,0.022101972,0.0067817736,"[0.18970052610279228, 0.2529340348037231, 0.31616754350465387, 0.3583232159719411, 0.37940105220558473, 0.4215567246728718, 0.3372453797382975, 0.3583232159719411, 0.44263456090651543, 0.5480237420747334, 0.5269459058410899, 0.569101578308377, 0.569101578308377, 0.6112572507756643, 0.7588021044111695, 0.8641912855793874, 0.8431134493457437, 0.8431134493457437, 0.885269121813031, 0.9274247942803181, 1.0328139754485361, 1.096047484149467, 1.1592809928503975, 1.201436665317685, 1.1592809928503975, 1.1803588290840412, 1.1803588290840412, 1.096047484149467, 0.9695804667476053, 0.8009577768784566, 0.674490759476595, 0.5901794145420206, 0.5058680696074462, 0.29508970727101025, 0.14754485363550507, -0.021077836233643614, -0.08431134493457446, -0.021077836233643614, 0.06323350870093085, 0.08431134493457422, 0.04215567246728723, 0.021077836233643614, -0.06323350870093085, 0.021077836233643614, 0.06323350870093085, 0.08431134493457422, -0.021077836233643614, -0.04215567246728723, -0.06323350870093085, -0.021077836233643614, 0.08431134493457422, 0.04215567246728723, -0.04215567246728723, 0.0, 0.0, 0.06323350870093085, 0.08431134493457422, 0.04215567246728723, 0.04215567246728723, 0.04215567246728723, 0.06323350870093085, 0.08431134493457422, 0.10538918116821784, 0.10538918116821784, 0.10538918116821784, 0.12646701740186145, 0.12646701740186145, 0.12646701740186145, 0.04215567246728723, 0.12646701740186145, 0.12646701740186145, 0.12646701740186145, 0.04215567246728723, 0.10538918116821784, 0.3372453797382975, 0.674490759476595, 1.1592809928503975, 1.6651490624578442, 2.297484149467152, 2.887663564009173, 3.1616754350465395, 3.1616754350465395, 3.140597598812896, 3.3302981249156884, 3.5410764872521243, 3.7307770133549165, 3.9837110481586397, 4.215567246728719, 4.363112100364224, 4.4685012815324425, 4.679279643868878, 4.700357480102522, 4.742513152569809, 4.489579117766086, 3.9204775394577087, 3.0984419263456084, 2.3396398219344388, 1.6651490624578442, 1.0538918116821798, 0.2107783623364359, -0.632335087009308, -1.3068258464859028, -1.7283825711587748, -1.770538243626062, -1.58083771752327, -1.3700593551868339, -1.2857480102522594, -1.2646701740186157, -1.1592809928503975, -0.9695804667476056, -0.8220356131121003, -0.7166464319438822, -0.632335087009308, -0.6744907594765952, -0.6744907594765952, -0.632335087009308, -0.632335087009308, -0.5901794145420207, -0.5269459058410899, -0.5480237420747335, -0.6534129232429515, -0.6744907594765952, -0.632335087009308, -0.6534129232429515, -0.7377242681775258, -0.7166464319438822, -0.7377242681775258, -0.7166464319438822, -0.6955685957102388, -0.7166464319438822, -0.7377242681775258, -0.7588021044111695, -0.8009577768784566, -0.7377242681775258, -0.7377242681775258, -0.7588021044111695, -0.8009577768784566, -0.779879940644813, -0.8852691218130311, -0.8641912855793875, -0.8220356131121003, -0.8009577768784566, -0.7588021044111695, -0.779879940644813, -0.8641912855793875, -0.8431134493457438, -0.8431134493457438, -0.779879940644813, -0.7588021044111695, -0.8009577768784566, -0.7588021044111695, -0.8009577768784566, -0.779879940644813, -0.7377242681775258, -0.779879940644813, -0.7377242681775258, -0.779879940644813, -0.7166464319438822, -0.7166464319438822, -0.6534129232429515, -0.6744907594765952, -0.6744907594765952, -0.6955685957102388, -0.6955685957102388, -0.6744907594765952, -0.6534129232429515, -0.632335087009308, -0.5901794145420207, -0.5691015783083772, -0.5058680696074462, -0.5269459058410899, -0.5269459058410899, -0.5269459058410899, -0.48479023337380267, -0.42155672467287203, -0.3583232159719412, -0.316167543504654, -0.3583232159719412, -0.3372453797382976, -0.3372453797382976]"
108,87,276052,N,N,N,V,0.87172616,False,0.0037549618,0.09858045,0.87172616,0.019538727,0.0063996543,"[0.3046087300862043, 0.2610931972167465, 0.28285096365147544, 0.3481242629556621, 0.36988202939039094, 0.4786708615640354, 0.543944160868222, 0.5004286279987642, 0.5004286279987642, 0.6092174601724086, 0.6309752266071376, 0.6092174601724086, 0.5657019273029509, 0.6744907594765953, 0.7832795916502397, 0.8920684238238841, 0.8920684238238841, 0.913826190258613, 0.9355839566933418, 0.9790994895627996, 1.0226150224322574, 1.0443727888669863, 1.1531616210406306, 1.1749193874753596, 1.1749193874753596, 1.1966771539100884, 1.2619504532142751, 1.2619504532142751, 1.1966771539100884, 0.9790994895627996, 0.7397640587807819, 0.5004286279987642, 0.3916397958251199, 0.3046087300862043, 0.15230436504310216, 0.0, -0.06527329930418657, -0.043515532869457675, 0.0652732993041867, 0.04351553286945779, 0.10878883217364449, 0.04351553286945779, 0.021757766434728897, -0.02175776643472878, -0.02175776643472878, -0.02175776643472878, 0.0, 0.021757766434728897, 0.0, -0.10878883217364436, -0.06527329930418657, 0.021757766434728897, 0.0, 0.0, 0.021757766434728897, -0.02175776643472878, 0.0, 0.021757766434728897, 0.04351553286945779, 0.04351553286945779, 0.021757766434728897, 0.0, -0.02175776643472878, 0.04351553286945779, 0.04351553286945779, 0.0652732993041867, 0.0652732993041867, 0.04351553286945779, 0.021757766434728897, 0.0, 0.0652732993041867, 0.0652732993041867, 0.10878883217364449, 0.21757766434728887, 0.5657019273029509, 0.9790994895627996, 1.5012858839962926, 2.0887455777339725, 2.5891742057327365, 2.850267402949483, 2.850267402949483, 2.850267402949483, 2.959056235123127, 3.263664965209332, 3.3942115638177053, 3.5682736952955363, 3.7858513596428254, 3.981671257555385, 4.155733389033216, 4.26452222120686, 4.416826586249962, 4.438584352684691, 4.525615418423607, 4.416826586249962, 3.938155724685927, 3.285422731644061, 2.5456586728632784, 1.827652380517226, 1.2184349203448173, 0.4569130951293065, -0.47867086156403527, -1.2401926867795459, -1.74062131477831, -1.9581989791255991, -1.8494101469519546, -1.5883169497352079, -1.3489815189531904, -1.2837082196490037, -1.261950453214275, -1.218434920344817, -1.0008572559975284, -0.8050373580849685, -0.6527329930418662, -0.5874596937376798, -0.6309752266071373, -0.6309752266071373, -0.6744907594765951, -0.6527329930418662, -0.5874596937376798, -0.6309752266071373, -0.6309752266071373, -0.6527329930418662, -0.6092174601724086, -0.5657019273029509, -0.6309752266071373, -0.696248525911324, -0.7615218252155107, -0.7832795916502396, -0.7397640587807818, -0.7397640587807818, -0.718006292346053, -0.718006292346053, -0.6744907594765951, -0.6744907594765951, -0.5874596937376798, -0.543944160868222, -0.543944160868222, -0.6092174601724086, -0.7615218252155107, -0.7615218252155107, -0.696248525911324, -0.7397640587807818, -0.8703106573891551, -0.9573417231280705, -0.9355839566933416, -0.8703106573891551, -0.8267951245196974, -0.8267951245196974, -0.8485528909544263, -0.7397640587807818, -0.696248525911324, -0.7397640587807818, -0.7615218252155107, -0.7832795916502396, -0.7397640587807818, -0.696248525911324, -0.7397640587807818, -0.8050373580849685, -0.8485528909544263, -0.7832795916502396, -0.7397640587807818, -0.6744907594765951, -0.6527329930418662, -0.696248525911324, -0.7832795916502396, -0.8267951245196974, -0.8703106573891551, -0.8267951245196974, -0.7832795916502396, -0.7615218252155107, -0.6744907594765951, -0.5004286279987642, -0.47867086156403527, -0.5004286279987642, -0.5004286279987642, -0.4569130951293064, -0.4569130951293064, -0.3698820293903908, -0.32636649652093325, -0.4133975622598486]"
104,66,131611,N,N,N,V,0.93101615,False,0.0037619355,0.04229142,0.93101615,0.01590268,0.007027886,"[-0.0293256851946346, -0.07331421298658651, -0.0586513703892692, -0.0293256851946346, -0.0146628425973173, 0.0, 0.014662842597317219, 0.05865137038926912, 0.11730274077853828, 0.13196558337585554, 0.13196558337585554, 0.08797705558390369, 0.05865137038926912, 0.08797705558390369, 0.14662842597317285, 0.19061695376512472, 0.205279796362442, 0.205279796362442, 0.205279796362442, 0.1759541111678074, 0.205279796362442, 0.2932568519463457, 0.30791969454366297, 0.3225825371409803, 0.23460548155707656, 0.205279796362442, 0.1759541111678074, 0.1759541111678074, 0.19061695376512472, 0.16129126857049014, 0.13196558337585554, 0.10263989818122099, 0.10263989818122099, 0.19061695376512472, 0.23460548155707656, 0.19061695376512472, 0.14662842597317285, 0.07331421298658643, 0.07331421298658643, 0.07331421298658643, 0.08797705558390369, 0.07331421298658643, 0.0, -0.0439885277919519, -0.0439885277919519, 0.014662842597317219, 0.05865137038926912, 0.05865137038926912, 0.05865137038926912, 0.0, 0.0, 0.08797705558390369, 0.05865137038926912, 0.08797705558390369, 0.04398852779195182, 0.02932568519463452, 0.08797705558390369, 0.08797705558390369, 0.11730274077853828, 0.14662842597317285, 0.08797705558390369, 0.08797705558390369, 0.05865137038926912, 0.08797705558390369, 0.11730274077853828, 0.07331421298658643, 0.07331421298658643, -0.0146628425973173, 0.0, 0.014662842597317219, 0.04398852779195182, 0.05865137038926912, 0.05865137038926912, 0.0, 0.02932568519463452, 0.08797705558390369, 0.19061695376512472, 0.3225825371409803, 0.5131994909061051, 0.6744907594765952, 0.8797705558390372, 1.0410618244095273, 1.217015935577335, 1.4076328893424597, 1.686226898691488, 2.023472278429786, 2.448694713751987, 2.9472313620607746, 3.357790954785659, 3.6950363345239565, 3.8709904456917643, 3.8563276030944467, 3.5923964363427356, 3.1671740010205345, 2.59532313972516, 1.9648209080405166, 1.3929700467451422, 0.8504448706444027, 0.3958967501275667, 0.07331421298658643, -0.14662842597317294, -0.410559592724884, -0.6011765464900087, -0.7331421298658644, -0.7331421298658644, -0.7478049724631817, -0.7038164446712298, -0.7184792872685472, -0.7478049724631817, -0.762467815060499, -0.7184792872685472, -0.7184792872685472, -0.6891536020739125, -0.6891536020739125, -0.7184792872685472, -0.7038164446712298, -0.7038164446712298, -0.6891536020739125, -0.6451650742819607, -0.6451650742819607, -0.659827916879278, -0.7038164446712298, -0.7184792872685472, -0.7038164446712298, -0.6305022316846434, -0.6451650742819607, -0.6744907594765953, -0.6891536020739125, -0.6891536020739125, -0.6891536020739125, -0.7038164446712298, -0.7038164446712298, -0.7038164446712298, -0.7184792872685472, -0.6891536020739125, -0.7184792872685472, -0.6891536020739125, -0.7038164446712298, -0.7478049724631817, -0.7917935002551336, -0.8064563428524509, -0.7771306576578163, -0.7771306576578163, -0.762467815060499, -0.7771306576578163, -0.8064563428524509, -0.7771306576578163, -0.7917935002551336, -0.762467815060499, -0.7917935002551336, -0.8064563428524509, -0.8211191854497681, -0.7917935002551336, -0.7331421298658644, -0.7184792872685472, -0.7331421298658644, -0.7771306576578163, -0.8064563428524509, -0.8211191854497681, -0.7917935002551336, -0.7917935002551336, -0.7917935002551336, -0.7917935002551336, -0.8211191854497681, -0.8211191854497681, -0.8064563428524509, -0.7771306576578163, -0.7771306576578163, -0.8064563428524509, -0.8504448706444028, -0.8211191854497681, -0.762467815060499, -0.7478049724631817, -0.7771306576578163, -0.8211191854497681, -0.8357820280470855, -0.8211191854497681, -0.7771306576578163, -0.762467815060499, -0.7917935002551336]"
104,66,101187,N,N,N,V,0.9092883,False,0.0037837,0.059591815,0.9092883,0.020532785,0.0068033505,"[0.15256338607208708, 0.1846819936662107, 0.2007412974632724, 0.13650408227502525, 0.05620756328971632, 0.08832617088383994, 0.10438547468090165, 0.12044477847796346, 0.13650408227502525, 0.15256338607208708, 0.05620756328971632, 0.05620756328971632, 0.15256338607208708, 0.232859905057396, 0.232859905057396, 0.16862268986914888, 0.13650408227502525, 0.15256338607208708, 0.15256338607208708, 0.2168006012603342, 0.16862268986914888, 0.12044477847796346, 0.08832617088383994, 0.1846819936662107, 0.2970971202456432, 0.32921572783976677, 0.313156424042705, 0.2970971202456432, 0.2489192088544578, 0.2810378164485814, 0.2489192088544578, 0.232859905057396, 0.232859905057396, 0.16862268986914888, 0.15256338607208708, 0.08832617088383994, 0.04014825949265451, -0.008029651898530814, -0.008029651898530814, -0.008029651898530814, 0.008029651898530903, -0.008029651898530814, -0.02408895569559262, -0.008029651898530814, 0.008029651898530903, -0.008029651898530814, -0.07226686708677804, -0.008029651898530814, 0.05620756328971632, 0.13650408227502525, 0.15256338607208708, 0.08832617088383994, 0.05620756328971632, 0.04014825949265451, 0.16862268986914888, 0.12044477847796346, 0.07226686708677812, 0.07226686708677812, 0.12044477847796346, 0.13650408227502525, 0.16862268986914888, 0.15256338607208708, 0.1846819936662107, 0.10438547468090165, 0.10438547468090165, 0.10438547468090165, 0.15256338607208708, 0.16862268986914888, 0.1846819936662107, 0.2007412974632724, 0.1846819936662107, 0.12044477847796346, 0.13650408227502525, 0.10438547468090165, 0.07226686708677812, 0.08832617088383994, 0.2489192088544578, 0.45769015821626113, 0.6504018037810027, 0.7949355379545587, 0.9876471835193001, 1.1964181328811037, 1.469426297431154, 1.7906123733723898, 2.1278577531106877, 2.4972217404431087, 2.8987043353696533, 3.31624623409326, 3.733788132816867, 4.1352707277434115, 4.344041677105215, 4.21556724672872, 3.733788132816867, 3.075356677137333, 2.3687473100666145, 1.7906123733723898, 1.16429952528698, 0.7146390189692498, 0.2489192088544578, -0.3131564240427049, -0.6664611075780642, -0.7628169303604351, -0.7628169303604351, -0.7788762341574968, -0.8752320569398675, -0.8591727531428057, -0.8270541455486823, -0.8109948417516205, -0.8270541455486823, -0.8431134493457442, -0.9234099683310529, -0.9715878797222384, -1.003706487316362, -1.003706487316362, -0.9234099683310529, -0.7306983227663115, -0.53798667720157, -0.45769015821626097, -0.48980876581038457, -0.53798667720157, -0.6343424999839408, -0.7146390189692496, -0.7146390189692496, -0.7628169303604351, -0.7788762341574968, -0.7788762341574968, -0.7146390189692496, -0.6504018037810027, -0.6504018037810027, -0.6664611075780642, -0.6825204113751261, -0.7146390189692496, -0.7467576265633733, -0.7628169303604351, -0.7306983227663115, -0.7306983227663115, -0.7949355379545587, -0.9394692721281148, -0.9876471835193001, -0.9715878797222384, -0.8912913607369294, -0.8270541455486823, -0.8109948417516205, -0.8270541455486823, -0.8431134493457442, -0.9394692721281148, -0.9715878797222384, -0.9394692721281148, -0.9876471835193001, -0.9876471835193001, -0.9715878797222384, -0.9876471835193001, -0.9715878797222384, -0.9394692721281148, -1.0358250949104857, -1.1321809176928566, -1.1161216138957946, -1.019765791113424, -0.8912913607369294, -0.8752320569398675, -0.9073506645339912, -0.8591727531428057, -0.7949355379545587, -0.8270541455486823, -0.8912913607369294, -0.9555285759251766, -0.9555285759251766, -0.9234099683310529, -0.9073506645339912, -0.9234099683310529, -0.9555285759251766, -1.0358250949104857, -1.0679437025046092, -1.1000623100987328, -1.0679437025046092, -1.019765791113424, -1.003706487316362, -0.9876471835193001, -1.0358250949104857, -1.0518843987075475]"
108,87,189148,N,N,N,V,0.86445296,False,0.003798708,0.10403965,0.86445296,0.021109998,0.006598751,"[0.2518098835379289, 0.2877827240433473, 0.2697963037906381, 0.2877827240433473, 0.2877827240433473, 0.3597284050541842, 0.4136876658123117, 0.4316740860650209, 0.4316740860650209, 0.4136876658123117, 0.39570124555960245, 0.48563334682314857, 0.48563334682314857, 0.5575790278339854, 0.6654975493502406, 0.7374432303610774, 0.8633481721300419, 0.9352938531408787, 0.9532802733935879, 0.9712666936462971, 0.9892531138990064, 0.9532802733935879, 1.0611987949098431, 1.1151580556679708, 1.13314447592068, 1.151130896173389, 1.1151580556679708, 1.1691173164260984, 1.043212374657134, 0.9352938531408787, 0.791402491119205, 0.5755654480866945, 0.30576914429605656, 0.19785062277980123, 0.179864202527092, 0.12590494176896455, 0.10791852151625532, 0.07194568101083688, 0.07194568101083688, 0.05395926075812766, 0.03597284050541844, 0.0, -0.01798642025270922, 0.07194568101083688, 0.14389136202167377, 0.12590494176896455, 0.161877782274383, 0.14389136202167377, 0.0899321012635461, 0.07194568101083688, 0.03597284050541844, 0.0, 0.03597284050541844, 0.05395926075812766, 0.0, -0.01798642025270922, -0.03597284050541844, -0.03597284050541844, -0.01798642025270922, 0.01798642025270922, 0.0899321012635461, 0.12590494176896455, 0.10791852151625532, 0.10791852151625532, 0.0899321012635461, 0.19785062277980123, 0.19785062277980123, 0.10791852151625532, -0.01798642025270922, -0.03597284050541844, -0.03597284050541844, 0.01798642025270922, 0.0899321012635461, 0.161877782274383, 0.19785062277980123, 0.3597284050541842, 0.6475111290975314, 1.1151580556679708, 1.6007914024911192, 2.1403840100723954, 2.626017356895544, 2.769908718917218, 2.751922298664508, 2.8418543999280543, 2.877827240433473, 2.9138000809388913, 3.0397050227078557, 3.2915149062457845, 3.3634605872566214, 3.5433247897837132, 3.7411754125635146, 3.9390260353433155, 3.8850667745851886, 3.651243311299969, 3.2195692252349475, 2.5900445163901256, 1.8166284455236297, 1.13314447592068, 0.5575790278339854, -0.03597284050541844, -0.6654975493502404, -1.1871037366788073, -1.5288457214802822, -1.5468321417329913, -1.2770358379423534, -1.0971716354152612, -1.0971716354152612, -1.1511308961733888, -1.1331444759206797, -0.9712666936462971, -0.8093889113719142, -0.6115382885921131, -0.5575790278339854, -0.5036197670758578, -0.4676469265704393, -0.5395926075812763, -0.6475111290975312, -0.6834839696029495, -0.5935518683394039, -0.6654975493502404, -0.7914024911192049, -1.0252259544044249, -1.1331444759206797, -1.1151580556679705, -0.8993210126354603, -0.6295247088448219, -0.4676469265704393, -0.44966050631773014, -0.5935518683394039, -0.719456810108368, -0.7374432303610773, -0.7014703898556588, -0.7014703898556588, -0.7554296506137864, -0.8453617518773325, -0.8093889113719142, -0.8093889113719142, -0.8093889113719142, -0.9712666936462971, -1.043212374657134, -1.079185215162552, -1.0072395341517155, -0.8993210126354603, -0.7734160708664957, -0.6834839696029495, -0.6834839696029495, -0.7914024911192049, -0.9532802733935879, -0.9532802733935879, -0.8273753316246234, -0.719456810108368, -0.6475111290975312, -0.6834839696029495, -0.719456810108368, -0.7914024911192049, -0.7734160708664957, -0.7554296506137864, -0.7914024911192049, -0.8633481721300418, -0.8993210126354603, -0.881334592382751, -0.7914024911192049, -0.6834839696029495, -0.7014703898556588, -0.719456810108368, -0.6834839696029495, -0.6834839696029495, -0.6295247088448219, -0.6115382885921131, -0.5755654480866946, -0.6295247088448219, -0.6295247088448219, -0.6295247088448219, -0.5575790278339854, -0.5036197670758578, -0.4676469265704393, -0.5036197670758578, -0.48563334682314857, -0.39570124555960245, -0.359728405054184]"
108,87,240446,N,N,N,V,0.8636371,False,0.0038074576,0.10581942,0.8636371,0.02028988,0.0064461054,"[0.543944160868222, 0.5221863944334931, 0.5657019273029509, 0.543944160868222, 0.6309752266071376, 0.7832795916502396, 0.8703106573891551, 0.8920684238238841, 0.8703106573891551, 0.913826190258613, 0.9790994895627996, 1.066130555301715, 1.087888321736444, 1.1096460881711727, 1.087888321736444, 1.1096460881711727, 1.2184349203448173, 1.2184349203448173, 1.2184349203448173, 1.283708219649004, 1.2184349203448173, 1.1096460881711727, 1.0008572559975284, 0.8920684238238841, 0.7397640587807819, 0.5221863944334931, 0.369882029390391, 0.19581989791255996, 0.0652732993041867, -0.06527329930418657, -0.043515532869457675, 0.04351553286945779, 0.04351553286945779, 0.04351553286945779, 0.021757766434728897, 0.08703106573891559, 0.0652732993041867, 0.04351553286945779, 0.0, -0.08703106573891548, -0.043515532869457675, 0.021757766434728897, 0.10878883217364449, 0.08703106573891559, 0.021757766434728897, -0.02175776643472878, 0.0652732993041867, 0.08703106573891559, 0.04351553286945779, 0.04351553286945779, -0.02175776643472878, -0.06527329930418657, 0.0, 0.04351553286945779, 0.0652732993041867, 0.04351553286945779, 0.021757766434728897, 0.04351553286945779, 0.0, 0.021757766434728897, 0.04351553286945779, 0.0652732993041867, 0.08703106573891559, 0.0652732993041867, 0.021757766434728897, 0.021757766434728897, 0.021757766434728897, 0.021757766434728897, -0.043515532869457675, -0.08703106573891548, -0.043515532869457675, 0.08703106573891559, 0.32636649652093325, 0.7615218252155108, 1.283708219649004, 1.827652380517226, 2.415112074254906, 2.7632363372105675, 2.697963037906381, 2.5891742057327365, 2.676205271471652, 2.91554070225367, 3.154876133035687, 3.2854227316440605, 3.3724537973829762, 3.524758162426078, 3.698820293903909, 3.8076091260775535, 4.025186790424843, 4.177491155467944, 4.3080377540763175, 4.221006688337402, 4.155733389033216, 3.9163979582511983, 3.503000395991349, 3.0025717679925856, 2.415112074254906, 1.8711679133866836, 1.3489815189531904, 0.7832795916502396, 0.10878883217364449, -0.6744907594765952, -1.2401926867795463, -1.6971057819088526, -1.8494101469519548, -1.7841368476477681, -1.5012858839962926, -1.3272237525184618, -1.2619504532142751, -1.1749193874753596, -1.1314038546059018, -1.0226150224322574, -0.9138261902586129, -0.7832795916502395, -0.6744907594765952, -0.6527329930418664, -0.5874596937376796, -0.5657019273029508, -0.5874596937376796, -0.6092174601724085, -0.5874596937376796, -0.5874596937376796, -0.5657019273029508, -0.5874596937376796, -0.6527329930418664, -0.6309752266071375, -0.5657019273029508, -0.5874596937376796, -0.5439441608682218, -0.6092174601724085, -0.5874596937376796, -0.6744907594765952, -0.6527329930418664, -0.6092174601724085, -0.6962485259113241, -0.7180062923460531, -0.6962485259113241, -0.6744907594765952, -0.6527329930418664, -0.6744907594765952, -0.7397640587807819, -0.8267951245196973, -0.8267951245196973, -0.7615218252155108, -0.7615218252155108, -0.7615218252155108, -0.7615218252155108, -0.7615218252155108, -0.7832795916502395, -0.7180062923460531, -0.6527329930418664, -0.6962485259113241, -0.7397640587807819, -0.7615218252155108, -0.7397640587807819, -0.7397640587807819, -0.7397640587807819, -0.7397640587807819, -0.7180062923460531, -0.7397640587807819, -0.7180062923460531, -0.6962485259113241, -0.6744907594765952, -0.6744907594765952, -0.6744907594765952, -0.7180062923460531, -0.6962485259113241, -0.7180062923460531, -0.6092174601724085, -0.6309752266071375, -0.6309752266071375, -0.6744907594765952, -0.6527329930418664, -0.5657019273029508, -0.5221863944334929, -0.5221863944334929, -0.5439441608682218, -0.5874596937376796, -0.5439441608682218, -0.4569130951293065]"
104,66,131901,N,N,N,V,0.92332053,False,0.003817246,0.048946917,0.92332053,0.016956111,0.006959191,"[-0.015685831615734787, 0.09411498969440864, 0.10980082131014333, 0.09411498969440864, 0.03137166323146949, -0.031371663231469574, 0.0, 0.10980082131014333, 0.1568583161573477, 0.1725441477730825, 0.1568583161573477, 0.09411498969440864, 0.09411498969440864, 0.12548665292587813, 0.12548665292587813, 0.1568583161573477, 0.18822997938881728, 0.21960164262028675, 0.23528747423602156, 0.26665913746749115, 0.28234496908322587, 0.23528747423602156, 0.26665913746749115, 0.21960164262028675, 0.21960164262028675, 0.28234496908322587, 0.2509733058517563, 0.23528747423602156, 0.20391581100455197, 0.1411724845416129, 0.12548665292587813, 0.1568583161573477, 0.18822997938881728, 0.1568583161573477, 0.10980082131014333, 0.0, 0.03137166323146949, 0.06274332646293906, 0.07842915807867384, 0.12548665292587813, 0.10980082131014333, 0.10980082131014333, 0.07842915807867384, 0.0, -0.031371663231469574, -0.04705749484720436, 0.03137166323146949, 0.09411498969440864, 0.09411498969440864, 0.10980082131014333, 0.10980082131014333, 0.09411498969440864, 0.0, -0.06274332646293915, -0.031371663231469574, 0.07842915807867384, 0.10980082131014333, 0.12548665292587813, 0.10980082131014333, 0.07842915807867384, 0.07842915807867384, 0.09411498969440864, 0.09411498969440864, 0.04705749484720428, -0.015685831615734787, -0.015685831615734787, 0.03137166323146949, 0.09411498969440864, 0.1411724845416129, 0.1568583161573477, 0.12548665292587813, 0.12548665292587813, 0.06274332646293906, 0.07842915807867384, 0.09411498969440864, 0.1725441477730825, 0.345088295546165, 0.5019466117035126, 0.6431190962451256, 0.8156632440182082, 1.035264886638495, 1.254866529258782, 1.4117248454161295, 1.5842689931892122, 1.9293572887353772, 2.3842464055916857, 2.807763859216524, 3.2312813128413636, 3.6234271032347327, 3.9998870620123674, 4.219488704632654, 4.219488704632654, 3.8900862407022236, 3.3410821341515065, 2.6822772062906464, 2.0548439416612556, 1.443096508647599, 0.894092402096882, 0.3294024639304302, -0.04705749484720436, -0.3137166323146955, -0.5333182749349823, -0.6117474330136563, -0.6588049278608604, -0.7372340859395344, -0.7529199175552692, -0.7372340859395344, -0.7842915807867387, -0.7842915807867387, -0.7372340859395344, -0.7058624227080649, -0.6588049278608604, -0.7215482543237997, -0.7529199175552692, -0.768605749171004, -0.7058624227080649, -0.6744907594765952, -0.69017659109233, -0.69017659109233, -0.7372340859395344, -0.7372340859395344, -0.69017659109233, -0.6744907594765952, -0.6431190962451256, -0.6744907594765952, -0.7372340859395344, -0.7842915807867387, -0.7999774124024734, -0.768605749171004, -0.7372340859395344, -0.7529199175552692, -0.7842915807867387, -0.768605749171004, -0.7058624227080649, -0.69017659109233, -0.6744907594765952, -0.6274332646293911, -0.7058624227080649, -0.7529199175552692, -0.831349075633943, -0.8627207388654126, -0.8940924020968822, -0.8627207388654126, -0.8784065704811473, -0.8470349072496778, -0.831349075633943, -0.7999774124024734, -0.7999774124024734, -0.7842915807867387, -0.8156632440182082, -0.8156632440182082, -0.7999774124024734, -0.8156632440182082, -0.8156632440182082, -0.8940924020968822, -0.8940924020968822, -0.8940924020968822, -0.8627207388654126, -0.8470349072496778, -0.8627207388654126, -0.8627207388654126, -0.8940924020968822, -0.8470349072496778, -0.7999774124024734, -0.7842915807867387, -0.8627207388654126, -0.909778233712617, -0.9411498969440866, -0.8940924020968822, -0.8156632440182082, -0.8156632440182082, -0.7842915807867387, -0.8627207388654126, -0.9411498969440866, -0.8940924020968822, -0.8627207388654126, -0.7842915807867387, -0.7842915807867387, -0.7999774124024734, -0.8156632440182082]"
108,87,303510,N,N,N,V,0.8815642,False,0.0038182833,0.09023563,0.8815642,0.018109227,0.0062726107,"[0.2790996246110049, 0.20932471845825376, 0.25584132256008796, 0.34887453076375624, 0.4651660410183416, 0.5116826451201758, 0.5581992492220099, 0.4651660410183416, 0.5116826451201758, 0.581457551272927, 0.604715853323844, 0.7210073635784295, 0.6744907594765953, 0.7442656656293465, 0.8605571758839319, 0.9535903840876002, 1.0698818943421857, 1.1396568004949368, 1.1163984984440198, 1.0931401963931027, 1.0466235922912686, 1.1396568004949368, 1.2792066128004393, 1.395498123055025, 1.395498123055025, 1.3257232169022737, 1.209431706647688, 1.162915102545854, 0.9070737799857661, 0.7675239676802637, 0.5349409471710929, 0.3953911348655904, 0.25584132256008796, 0.0930332082036684, 0.0465166041018342, 0.0, -0.046516604101834065, -0.02325830205091697, -0.02325830205091697, 0.0, 0.0697749061527513, 0.0, 0.0232583020509171, 0.0, 0.0, 0.0465166041018342, 0.0465166041018342, 0.0465166041018342, 0.0697749061527513, 0.0232583020509171, 0.0465166041018342, 0.0930332082036684, 0.11629151025458549, 0.11629151025458549, 0.0232583020509171, -0.046516604101834065, -0.02325830205091697, 0.0465166041018342, 0.0465166041018342, 0.0465166041018342, 0.0, 0.0, 0.0465166041018342, 0.13954981230550245, 0.0930332082036684, 0.0232583020509171, 0.0697749061527513, 0.0232583020509171, 0.0465166041018342, 0.0232583020509171, 0.0697749061527513, 0.0697749061527513, 0.0232583020509171, 0.0, 0.13954981230550245, 0.5116826451201758, 1.0001069881894344, 1.5815645394623614, 2.2095386948371223, 2.744479642008215, 2.9072877563646347, 2.767737944059132, 2.744479642008215, 2.953804360466469, 3.163129078924723, 3.302678891230225, 3.4654870055866445, 3.6515534219939814, 3.8143615363504004, 3.8608781404522348, 3.8608781404522348, 4.000427952757737, 4.000427952757737, 4.000427952757737, 3.721328328146732, 3.139870776873806, 2.2560552989389566, 1.4652730292077758, 0.9070737799857661, 0.302357926661922, -0.44190773896742447, -1.2792066128004393, -1.8839224661242835, -2.3025719030407905, -2.2793136009898736, -2.023472278429786, -1.6280811435641953, -1.442014727156859, -1.418756425105942, -1.3024649148513565, -1.209431706647688, -0.9768486861385173, -0.7675239676802637, -0.6744907594765952, -0.6512324574256781, -0.6744907594765952, -0.6744907594765952, -0.627974155374761, -0.6047158533238439, -0.5349409471710926, -0.6512324574256781, -0.7210073635784294, -0.6977490615275123, -0.6977490615275123, -0.627974155374761, -0.6977490615275123, -0.7442656656293465, -0.7907822697311807, -0.7442656656293465, -0.6977490615275123, -0.627974155374761, -0.6744907594765952, -0.7442656656293465, -0.8140405717820978, -0.7907822697311807, -0.7675239676802637, -0.7210073635784294, -0.7442656656293465, -0.7442656656293465, -0.8140405717820978, -0.8605571758839318, -0.8140405717820978, -0.7210073635784294, -0.7442656656293465, -0.8140405717820978, -0.8372988738330146, -0.7442656656293465, -0.7210073635784294, -0.6977490615275123, -0.7210073635784294, -0.7210073635784294, -0.7442656656293465, -0.7210073635784294, -0.6977490615275123, -0.7210073635784294, -0.627974155374761, -0.7210073635784294, -0.7210073635784294, -0.6977490615275123, -0.6977490615275123, -0.6047158533238439, -0.6512324574256781, -0.6512324574256781, -0.6744907594765952, -0.6047158533238439, -0.5349409471710926, -0.4651660410183416, -0.4884243430692587, -0.5349409471710926, -0.5349409471710926, -0.4884243430692587, -0.41864943691650736, -0.41864943691650736, -0.41864943691650736, -0.4651660410183416, -0.41864943691650736, -0.3721328328146732, -0.32561622871283896, -0.18606641640733665, -0.23258302050917085]"
104,66,131330,N,N,N,V,0.92524695,False,0.0038313146,0.0461299,0.92524695,0.017473647,0.0073181777,"[0.015685831615734787, 0.0627433264629391, 0.0627433264629391, 0.04705749484720434, 0.09411498969440867, 0.04705749484720434, 0.015685831615734787, 0.0627433264629391, 0.031371663231469574, 0.0784291580786739, 0.1254866529258782, 0.10980082131014342, 0.0784291580786739, 0.09411498969440867, 0.09411498969440867, 0.1254866529258782, 0.10980082131014342, 0.15685831615734774, 0.14117248454161296, 0.1254866529258782, 0.15685831615734774, 0.21960164262028684, 0.21960164262028684, 0.21960164262028684, 0.23528747423602164, 0.21960164262028684, 0.2823449690832259, 0.2980308006989607, 0.26665913746749115, 0.23528747423602164, 0.1882299793888173, 0.17254414777308252, 0.15685831615734774, 0.17254414777308252, 0.17254414777308252, 0.10980082131014342, 0.0627433264629391, 0.0784291580786739, 0.031371663231469574, 0.09411498969440867, 0.04705749484720434, 0.031371663231469574, 0.0, 0.0, 0.031371663231469574, 0.0627433264629391, 0.015685831615734787, 0.04705749484720434, 0.015685831615734787, 0.015685831615734787, 0.0, 0.031371663231469574, 0.04705749484720434, -0.03137166323146953, -0.03137166323146953, -0.06274332646293906, 0.04705749484720434, 0.0784291580786739, 0.031371663231469574, 0.0, -0.015685831615734745, -0.04705749484720432, 0.0, 0.0627433264629391, 0.0627433264629391, 0.031371663231469574, 0.015685831615734787, 0.015685831615734787, 0.0627433264629391, 0.09411498969440867, 0.0784291580786739, 0.04705749484720434, 0.031371663231469574, 0.015685831615734787, 0.015685831615734787, 0.10980082131014342, 0.21960164262028684, 0.34508829554616505, 0.4548891168563085, 0.6744907594765952, 0.8627207388654126, 1.1136940447171688, 1.3019240241059862, 1.5685831615734773, 1.866613962272438, 2.305817247513012, 2.823449690832259, 3.3410821341515065, 3.81165708262355, 4.094002051706776, 4.188117041401185, 4.031258725243838, 3.6077412716189983, 3.0116796702210764, 2.2901314158972768, 1.6313264880364164, 0.9882073917912907, 0.4235174536248389, 0.0784291580786739, -0.20391581100455206, -0.4705749484720432, -0.6431190962451258, -0.7842915807867387, -0.8156632440182082, -0.7372340859395343, -0.7058624227080648, -0.69017659109233, -0.7215482543237995, -0.7058624227080648, -0.6744907594765952, -0.6744907594765952, -0.6588049278608605, -0.627433264629391, -0.627433264629391, -0.6588049278608605, -0.6744907594765952, -0.7058624227080648, -0.69017659109233, -0.7058624227080648, -0.6744907594765952, -0.7372340859395343, -0.7215482543237995, -0.7372340859395343, -0.7215482543237995, -0.7529199175552691, -0.7842915807867387, -0.7686057491710039, -0.7686057491710039, -0.7372340859395343, -0.7529199175552691, -0.7215482543237995, -0.7529199175552691, -0.8470349072496778, -0.8784065704811472, -0.8470349072496778, -0.8470349072496778, -0.7999774124024734, -0.8470349072496778, -0.8784065704811472, -0.8470349072496778, -0.8156632440182082, -0.8156632440182082, -0.7999774124024734, -0.8627207388654125, -0.8784065704811472, -0.8627207388654125, -0.8156632440182082, -0.831349075633943, -0.8156632440182082, -0.8784065704811472, -0.9254640653283516, -0.9097782337126168, -0.894092402096882, -0.894092402096882, -0.8470349072496778, -0.8627207388654125, -0.8784065704811472, -0.894092402096882, -0.8784065704811472, -0.831349075633943, -0.831349075633943, -0.8470349072496778, -0.9097782337126168, -0.9097782337126168, -0.9097782337126168, -0.894092402096882, -0.8627207388654125, -0.8470349072496778, -0.8627207388654125, -0.8627207388654125, -0.7686057491710039, -0.7529199175552691, -0.7686057491710039, -0.7999774124024734, -0.8470349072496778, -0.8156632440182082, -0.7686057491710039, -0.7372340859395343, -0.7058624227080648, -0.69017659109233]"
108,87,301551,N,N,N,V,0.93133044,False,0.0038347028,0.046493813,0.93133044,0.011867957,0.0064730705,"[0.6744907594765952, 0.7567457301444728, 0.6744907594765952, 0.6086867829422934, 0.5099808181408403, 0.5099808181408403, 0.5593338005415669, 0.6744907594765952, 0.6744907594765952, 0.5922357888087179, 0.5428828064079914, 0.5099808181408403, 0.6086867829422934, 0.6415887712094442, 0.6744907594765952, 0.7567457301444728, 0.7567457301444728, 0.7402947360108972, 0.7402947360108972, 0.9541576597473787, 1.102216606949558, 1.1515695893502844, 1.0857656128159827, 1.0199616362816806, 1.0199616362816806, 1.102216606949558, 1.135118595216709, 1.0693146186824072, 1.0199616362816806, 1.003510642148105, 1.135118595216709, 1.2009225717510108, 1.1186676010831336, 0.9212556714802276, 0.7402947360108972, 0.5428828064079914, 0.5099808181408403, 0.4441768416065383, 0.37837286507223644, 0.2303139178700569, 0.16450994133575506, 0.16450994133575506, 0.19741192960290607, 0.19741192960290607, 0.2303139178700569, 0.21386292373648158, 0.14805894720217955, 0.09870596480145304, 0.09870596480145304, 0.09870596480145304, 0.06580397653430202, 0.04935298240072652, 0.08225497066787753, 0.08225497066787753, 0.11515695893502854, 0.11515695893502854, 0.06580397653430202, 0.03290198826715101, -0.03290198826715101, -0.04935298240072652, 0.016450994133575505, 0.04935298240072652, 0.03290198826715101, -0.03290198826715101, -0.03290198826715101, 0.0, 0.08225497066787753, 0.11515695893502854, 0.19741192960290607, 0.11515695893502854, 0.0, -0.08225497066787753, -0.06580397653430202, 0.06580397653430202, 0.13160795306860404, 0.08225497066787753, -0.06580397653430202, -0.09870596480145268, 0.06580397653430202, 0.4277258474729628, 0.7402947360108972, 1.0199616362816806, 1.4147854954874923, 1.7602563722925777, 2.0563742666969365, 2.0234722784297854, 1.8918643253611818, 1.8425113429604552, 1.710903389891851, 1.6944523957582758, 1.6944523957582758, 1.5957464309568228, 1.5792954368232472, 1.7438053781590022, 1.9083153194947573, 1.7931583605597288, 1.464138477888219, 0.9212556714802276, 0.3454708768050854, -0.13160795306860368, -0.50998081814084, -0.7238437418773216, -0.7238437418773216, -0.7731967242780481, -1.0857656128159823, -1.4970404661553696, -1.6944523957582758, -1.6121974250903979, -1.3325305248196144, -1.1515695893502844, -1.0857656128159823, -1.0199616362816804, -0.9541576597473782, -0.8554516949459255, -0.740294736010897, -0.6251377770758685, -0.7238437418773216, -0.8719026890795011, -0.8554516949459255, -0.6909417536101705, -0.575784794675142, -0.6251377770758685, -0.707392747743746, -0.7896477184116235, -0.7731967242780481, -0.740294736010897, -0.674490759476595, -0.641588771209444, -0.6251377770758685, -0.7238437418773216, -0.8554516949459255, -0.8883536832130766, -0.7567457301444726, -0.6580397653430196, -0.641588771209444, -0.641588771209444, -0.7896477184116235, -0.8225497066787746, -0.7896477184116235, -0.707392747743746, -0.674490759476595, -0.707392747743746, -0.9048046773466522, -0.9541576597473782, -0.8719026890795011, -0.7731967242780481, -0.7238437418773216, -0.806098712545199, -0.8883536832130766, -0.9541576597473782, -0.8225497066787746, -0.674490759476595, -0.608686782942293, -0.7238437418773216, -0.8390007008123501, -0.8883536832130766, -0.7896477184116235, -0.641588771209444, -0.641588771209444, -0.707392747743746, -0.8225497066787746, -0.8554516949459255, -0.7896477184116235, -0.674490759476595, -0.575784794675142, -0.575784794675142, -0.6251377770758685, -0.674490759476595, -0.674490759476595, -0.641588771209444, -0.641588771209444, -0.641588771209444, -0.608686782942293, -0.5593338005415665, -0.4935298240072648, -0.542882806407991, -0.50998081814084, -0.4935298240072648, -0.4935298240072648, -0.575784794675142]"
